user_id,crowd_r,crowd_concordance,knn_concordance,eigentaste_concordance,gap_knn_minus_crowd,gap_train_only,crowd_nmae,knn_nmae,train_mean,train_std
23902,-0.3930,0.2451,0.7849,0.4355,0.5398,0.1825,0.4670,0.3727,1.788,8.316
24853,-0.1211,0.2887,0.6529,0.4588,0.3643,0.1599,0.1863,0.0904,3.814,2.439
11552,-0.6310,0.2835,0.6289,0.4485,0.3454,0.2200,0.4147,0.3352,0.404,7.088
19014,-0.0148,0.4555,0.7910,0.6271,0.3355,0.2639,0.3053,0.1318,-3.057,5.190
6282,-0.1530,0.4344,0.7648,0.5913,0.3303,0.3133,0.2998,0.1725,-1.491,5.087
17950,-0.5160,0.3377,0.6597,0.4506,0.3221,0.2050,0.3852,0.3171,0.536,6.865
12520,-0.3297,0.4115,0.7318,0.5052,0.3203,0.1108,0.3005,0.0742,7.820,1.878
8651,-0.1028,0.3777,0.6921,0.5990,0.3144,0.1544,0.2500,0.1175,5.208,4.007
3832,0.1436,0.6417,0.9545,0.6925,0.3128,0.3515,0.0554,0.0604,1.387,0.753
4052,-0.0071,0.3966,0.7087,0.5072,0.3121,0.1180,0.4147,0.3319,-1.727,7.484
24885,-0.1422,0.4204,0.7322,0.6921,0.3118,0.1946,0.3179,0.2064,4.119,6.348
22029,-0.1670,0.3477,0.6576,0.6068,0.3099,0.1866,0.2609,0.1737,4.146,4.954
15302,0.1396,0.3983,0.7063,0.5716,0.3080,0.1775,0.1964,0.0664,3.535,3.695
23550,-0.4427,0.3737,0.6810,0.4714,0.3073,0.2321,0.3569,0.1644,-2.855,5.220
12945,0.0468,0.4131,0.7203,0.5686,0.3072,0.0982,0.3058,0.0515,7.685,1.582
24894,-0.1608,0.3024,0.6062,0.4207,0.3038,0.1822,0.3693,0.1196,-5.224,3.338
3072,0.1243,0.3886,0.6891,0.6127,0.3005,0.1447,0.2008,0.0943,3.905,3.734
4214,-0.0815,0.3180,0.6176,0.4560,0.2996,0.1106,0.2878,0.1721,4.775,4.596
23244,-0.2423,0.4021,0.6985,0.5193,0.2964,0.0576,0.2467,0.1969,1.255,4.868
715,-0.2474,0.4157,0.7117,0.6152,0.2960,0.2633,0.1945,0.1363,1.659,3.874
2462,-0.0827,0.4729,0.7668,0.6637,0.2938,0.1576,0.2981,0.1947,1.532,4.624
19413,0.1686,0.3703,0.6623,0.4394,0.2920,0.1681,0.1579,0.0622,3.463,2.900
14250,-0.0299,0.4961,0.7868,0.6408,0.2907,0.1705,0.3231,0.2058,-1.467,6.425
22285,0.2173,0.5019,0.7925,0.5422,0.2905,0.0548,0.1724,0.0623,-2.250,2.182
20126,-0.0478,0.3959,0.6812,0.6105,0.2853,0.2074,0.2887,0.1622,-1.690,4.423
16059,-0.1445,0.3877,0.6727,0.4673,0.2850,0.1609,0.2121,0.1309,4.489,3.749
21627,-0.0097,0.4513,0.7359,0.6000,0.2846,0.1819,0.2759,0.1744,2.227,5.344
23714,-0.0032,0.3014,0.5860,0.4592,0.2846,0.0381,0.2862,0.1522,4.132,5.056
24198,0.0302,0.4070,0.6886,0.4561,0.2817,0.2248,0.1277,0.0811,0.323,3.253
12929,0.1075,0.5212,0.8010,0.6855,0.2798,0.1339,0.2093,0.1420,1.035,5.015
15399,0.0796,0.5332,0.8127,0.7087,0.2796,0.0972,0.3167,0.1740,5.363,4.497
23044,0.0543,0.3128,0.5916,0.3979,0.2788,0.1352,0.2539,0.0885,4.343,4.711
12778,-0.0275,0.4736,0.7516,0.7259,0.2780,0.2156,0.1907,0.0923,4.346,2.908
22183,-0.2594,0.4254,0.7016,0.4921,0.2762,0.1223,0.2759,0.2285,2.009,4.955
8839,0.0294,0.3734,0.6488,0.5091,0.2755,0.1589,0.3381,0.2157,-1.767,6.092
5875,-0.3753,0.4260,0.7014,0.5380,0.2754,0.2025,0.3301,0.2637,0.195,6.085
9052,-0.0145,0.5132,0.7855,0.6092,0.2724,0.1886,0.3741,0.2557,0.981,8.097
14517,0.1927,0.5136,0.7827,0.5899,0.2691,0.1528,0.1066,0.0509,1.781,2.369
21743,-0.0927,0.4335,0.7019,0.6426,0.2684,0.2737,0.2583,0.1873,3.060,5.380
7592,0.2342,0.5141,0.7815,0.6131,0.2674,0.1350,0.2414,0.1802,-0.268,5.191
15990,0.0715,0.5252,0.7917,0.5951,0.2665,0.0714,0.1996,0.1254,0.045,4.411
16086,0.2544,0.4516,0.7173,0.5877,0.2657,0.1258,0.2899,0.1189,5.035,5.040
16501,-0.2445,0.3294,0.5935,0.4444,0.2641,0.1639,0.2329,0.1608,3.368,4.213
20124,0.1017,0.4613,0.7221,0.4889,0.2608,0.0424,0.1523,0.1093,-1.770,3.927
22430,-0.0809,0.3012,0.5611,0.5045,0.2600,0.0981,0.2654,0.1047,6.430,3.376
22998,0.1150,0.3744,0.6334,0.4158,0.2591,0.1643,0.1363,0.0704,2.584,3.034
12245,-0.1706,0.3324,0.5883,0.4214,0.2559,0.1897,0.2550,0.0488,6.382,1.143
9870,0.1629,0.5157,0.7717,0.5079,0.2559,0.0735,0.0880,0.0621,0.100,1.028
8377,0.0188,0.3959,0.6504,0.4409,0.2545,0.0589,0.3440,0.2999,-0.207,7.280
22058,0.1402,0.5430,0.7972,0.7137,0.2542,0.1175,0.2676,0.1912,-0.693,5.488
8328,-0.1621,0.4456,0.6982,0.4404,0.2526,0.0994,0.2030,0.0658,-2.151,1.891
2935,0.0740,0.5560,0.8082,0.6692,0.2523,0.2076,0.2851,0.1874,0.896,6.660
15133,0.2008,0.4904,0.7420,0.5969,0.2516,0.0486,0.1661,0.1080,-0.307,3.743
405,0.2543,0.5714,0.8221,0.6506,0.2506,0.1481,0.1004,0.0466,-0.589,2.593
2,-0.2336,0.3982,0.6482,0.4278,0.2500,0.1334,0.2700,0.2157,2.611,4.514
19727,0.1293,0.4330,0.6830,0.6521,0.2500,0.1455,0.1991,0.1309,4.481,3.791
2694,-0.1889,0.4386,0.6882,0.4580,0.2497,0.1640,0.1703,0.1550,2.970,3.951
15625,0.1027,0.5284,0.7778,0.7287,0.2494,0.1991,0.2844,0.1751,-2.951,5.668
12843,0.0119,0.4974,0.7455,0.5835,0.2481,0.2247,0.1987,0.0887,-1.396,3.691
19534,0.0260,0.4529,0.7003,0.5406,0.2474,0.0497,0.1406,0.0681,2.904,2.636
17962,0.1600,0.5446,0.7917,0.6611,0.2471,0.1119,0.3312,0.1886,2.879,6.431
3744,0.3034,0.5562,0.8017,0.5548,0.2455,0.0874,0.1960,0.1304,0.110,5.095
14150,0.1811,0.5277,0.7729,0.6284,0.2452,0.1633,0.2731,0.1637,-3.051,5.420
110,0.1197,0.5431,0.7864,0.7799,0.2432,0.2388,0.2012,0.1132,4.588,3.550
22386,0.1738,0.4801,0.7220,0.5084,0.2420,0.1157,0.3135,0.2491,0.632,6.835
24323,0.0624,0.4080,0.6499,0.4299,0.2420,0.0034,0.2321,0.2060,0.879,5.695
18599,-0.2437,0.6368,0.8774,0.6769,0.2406,0.1527,0.1432,0.0655,-0.568,4.226
21842,0.0202,0.5342,0.7729,0.6490,0.2387,0.1532,0.1880,0.1170,1.208,4.522
19806,-0.2018,0.4961,0.7345,0.6237,0.2384,0.2430,0.2635,0.1915,-0.009,4.536
17021,0.0381,0.4742,0.7126,0.6959,0.2384,0.1923,0.2252,0.1581,1.534,4.452
11742,-0.0518,0.4573,0.6943,0.5389,0.2370,0.1636,0.3462,0.1316,-4.862,3.721
8001,0.4045,0.5768,0.8129,0.6258,0.2361,0.0638,0.2108,0.1545,2.169,4.910
3287,0.0379,0.5150,0.7510,0.6154,0.2360,0.2148,0.3796,0.2814,-2.834,7.040
9873,0.0420,0.4617,0.6952,0.5694,0.2335,0.1415,0.2730,0.2018,-0.897,4.964
21580,0.2331,0.3786,0.6111,0.4961,0.2326,0.0718,0.1365,0.0719,3.287,2.479
3368,0.4104,0.4684,0.7006,0.4742,0.2323,0.1051,0.1976,0.1036,4.297,3.206
14798,0.1654,0.5192,0.7500,0.6244,0.2308,0.1647,0.2514,0.1853,-0.418,5.496
9224,0.0560,0.5155,0.7461,0.6134,0.2307,0.1458,0.3070,0.2152,1.200,6.676
18625,0.1180,0.5264,0.7568,0.6667,0.2304,0.0748,0.2648,0.2047,0.148,5.946
13324,0.1473,0.5116,0.7404,0.6234,0.2288,0.1926,0.2841,0.2020,-0.685,5.975
21590,0.0540,0.3832,0.6116,0.4929,0.2284,0.1184,0.2668,0.1217,4.743,3.575
19345,0.1486,0.4308,0.6585,0.5718,0.2277,0.0811,0.2437,0.0898,5.261,2.676
13514,0.2810,0.5180,0.7455,0.7069,0.2275,0.0680,0.1472,0.0856,2.733,2.812
1172,0.0772,0.5573,0.7838,0.6667,0.2265,0.0969,0.2599,0.1837,-0.968,5.027
7401,0.1843,0.5148,0.7413,0.5199,0.2265,0.2053,0.2125,0.0803,5.017,2.975
8536,0.2705,0.5404,0.7664,0.6136,0.2259,0.0333,0.2776,0.2153,0.793,5.948
1520,-0.0148,0.4406,0.6641,0.6047,0.2235,0.1768,0.3384,0.2854,-0.677,7.164
22283,0.0359,0.5497,0.7716,0.6800,0.2219,0.2044,0.3047,0.1761,-1.351,5.757
306,-0.0286,0.4263,0.6480,0.4746,0.2216,0.1671,0.2331,0.1687,3.296,4.905
24481,-0.1216,0.4113,0.6327,0.4993,0.2215,0.1362,0.3595,0.2912,-3.249,5.912
9470,0.1864,0.5627,0.7827,0.6313,0.2199,0.1613,0.2495,0.1814,0.058,5.553
8608,-0.2191,0.3803,0.6003,0.3920,0.2199,0.0845,0.3799,0.3488,-0.592,7.487
24550,-0.1322,0.4311,0.6499,0.4968,0.2188,0.1201,0.1170,0.0906,2.193,4.079
11483,0.2961,0.5379,0.7559,0.6110,0.2180,0.1383,0.2281,0.1490,3.844,4.754
15831,-0.1270,0.4614,0.6787,0.6517,0.2172,0.2834,0.2371,0.1549,5.086,4.863
20137,0.0758,0.5615,0.7782,0.6936,0.2167,0.1196,0.1884,0.1593,0.086,5.003
18155,0.2034,0.4915,0.7072,0.4601,0.2157,0.0785,0.1583,0.1291,0.933,4.533
20885,0.2999,0.5679,0.7833,0.6501,0.2154,0.0210,0.2620,0.1578,5.301,4.152
17416,0.0330,0.5477,0.7629,0.5928,0.2152,0.2016,0.2601,0.1680,-2.476,5.045
79,-0.0163,0.4728,0.6878,0.6593,0.2150,0.2079,0.2235,0.1773,2.506,5.613
22530,0.0049,0.5034,0.7182,0.6033,0.2148,0.1368,0.3524,0.3024,3.115,7.782
20163,-0.1401,0.4723,0.6852,0.5871,0.2129,0.0417,0.2928,0.2187,-0.895,4.342
11410,-0.2138,0.4115,0.6239,0.5811,0.2124,0.1748,0.2446,0.1034,5.811,2.486
1315,0.0464,0.5321,0.7442,0.5925,0.2121,0.1959,0.3101,0.2099,1.385,6.538
3984,0.0305,0.4472,0.6585,0.4845,0.2113,0.1075,0.1586,0.0933,2.632,3.157
5725,0.0773,0.4820,0.6933,0.6237,0.2113,0.1695,0.2248,0.1803,-0.133,4.883
18254,0.2146,0.4768,0.6881,0.4961,0.2113,0.0750,0.2338,0.1981,1.478,4.120
14764,0.0872,0.5193,0.7307,0.6714,0.2113,0.1318,0.3117,0.2384,2.058,6.593
24668,0.1067,0.5195,0.7292,0.6589,0.2096,0.0776,0.4284,0.3379,4.997,7.132
13920,0.2338,0.4653,0.6748,0.5244,0.2095,0.1227,0.1498,0.1214,2.957,3.929
1643,0.1970,0.5528,0.7615,0.5136,0.2087,0.1306,0.4562,0.2242,-4.924,6.950
5838,0.3946,0.5581,0.7661,0.5426,0.2080,0.1419,0.1429,0.1030,1.682,3.860
15665,0.0255,0.4581,0.6658,0.5213,0.2077,0.0420,0.1521,0.1098,1.980,4.271
16788,0.2105,0.4968,0.7038,0.5369,0.2070,0.0550,0.2748,0.1182,5.983,3.499
7003,0.0885,0.5424,0.7494,0.6632,0.2069,0.1670,0.1859,0.1501,2.321,4.595
5522,0.2830,0.5633,0.7700,0.7287,0.2067,0.0855,0.2231,0.0847,5.253,3.120
12946,0.2244,0.5652,0.7716,0.6129,0.2065,0.1488,0.1283,0.0834,0.390,2.531
14877,0.3460,0.5380,0.7439,0.6088,0.2059,0.0868,0.2035,0.1150,4.946,3.708
1805,0.2247,0.5707,0.7763,0.7506,0.2057,0.1388,0.2422,0.1837,3.727,5.241
17790,-0.0137,0.5463,0.7519,0.6337,0.2057,0.1452,0.2503,0.1966,-1.248,5.425
15344,0.0567,0.5026,0.7082,0.4936,0.2057,0.0679,0.2806,0.2428,-1.001,5.496
10886,0.1104,0.4974,0.7026,0.6532,0.2052,0.1878,0.1870,0.1433,1.767,5.347
22649,0.2363,0.4955,0.7006,0.4852,0.2052,0.1152,0.3030,0.2223,-2.176,5.843
15806,-0.0636,0.4877,0.6929,0.6271,0.2052,0.2293,0.1780,0.1322,2.669,4.712
16944,0.0220,0.4858,0.6907,0.5838,0.2049,0.1363,0.3322,0.2682,-0.308,6.478
14056,0.3215,0.4837,0.6884,0.4668,0.2047,0.0559,0.1232,0.0438,2.297,2.298
14291,0.1481,0.6093,0.8136,0.6311,0.2044,0.1730,0.1613,0.1016,0.937,3.911
5905,-0.0225,0.4219,0.6258,0.4400,0.2039,0.2340,0.2447,0.0954,4.933,4.249
15323,0.2705,0.4293,0.6329,0.5331,0.2036,0.1316,0.2938,0.0508,5.937,3.469
1483,0.2345,0.5013,0.7034,0.5402,0.2021,0.0548,0.0884,0.0664,1.639,2.306
19677,-0.1470,0.4852,0.6873,0.5933,0.2021,0.0634,0.1131,0.0834,1.172,2.162
2161,0.1875,0.4858,0.6873,0.6628,0.2016,0.0588,0.2089,0.1197,3.053,6.015
20799,0.2009,0.4981,0.6988,0.5882,0.2008,0.0542,0.2527,0.1866,2.694,5.170
4851,0.1822,0.4592,0.6598,0.5873,0.2005,0.1007,0.2953,0.2540,1.840,5.837
2159,0.2405,0.5141,0.7147,0.6517,0.2005,0.0530,0.2471,0.1968,1.188,4.543
15961,-0.0532,0.4621,0.6624,0.5584,0.2003,0.1468,0.1962,0.1527,1.443,4.076
11154,0.2420,0.5169,0.7169,0.5532,0.2000,0.1117,0.2562,0.2252,1.286,5.715
16159,0.1443,0.3845,0.5845,0.4168,0.2000,0.1054,0.2493,0.1057,4.569,4.153
13850,0.1009,0.5180,0.7178,0.6070,0.1997,0.0900,0.3038,0.1527,-4.660,4.146
24186,0.1294,0.3878,0.5876,0.4009,0.1997,0.1623,0.0754,0.0491,0.780,1.831
23393,0.0594,0.4974,0.6961,0.5105,0.1987,0.2068,0.1691,0.1073,-1.036,3.365
13533,0.0648,0.5129,0.7113,0.5258,0.1985,0.1294,0.3186,0.2521,0.821,6.104
4292,-0.1742,0.4536,0.6521,0.6095,0.1985,0.2115,0.2455,0.1355,-2.069,4.160
16807,-0.0174,0.4221,0.6203,0.4208,0.1982,0.1350,0.1663,0.1228,1.897,3.245
10091,0.2363,0.4650,0.6632,0.5440,0.1982,0.1083,0.1506,0.0571,2.865,2.586
19255,0.2396,0.4589,0.6568,0.5180,0.1979,0.0822,0.3035,0.2612,1.011,6.724
10999,0.0935,0.4657,0.6636,0.6132,0.1979,0.2428,0.1313,0.1036,1.929,4.015
404,0.2290,0.4883,0.6857,0.5545,0.1974,0.0810,0.2632,0.0905,5.529,3.438
19644,0.0933,0.6044,0.8015,0.6765,0.1972,0.1475,0.2152,0.1156,-1.630,3.945
12609,-0.1162,0.3363,0.5335,0.5129,0.1972,0.1466,0.1204,0.0852,0.317,1.864
310,0.0731,0.5110,0.7076,0.6624,0.1966,0.1984,0.1462,0.1156,2.135,4.629
22812,0.4690,0.5794,0.7755,0.6090,0.1961,0.0544,0.1926,0.1247,3.573,4.712
5504,0.1687,0.5470,0.7426,0.6821,0.1956,0.1335,0.2011,0.1659,0.862,5.066
12722,0.4335,0.6015,0.7969,0.5938,0.1954,0.0670,0.1276,0.0877,1.738,3.681
17411,0.1592,0.5514,0.7468,0.6671,0.1954,0.1153,0.1708,0.1223,1.166,4.344
13486,0.3727,0.5892,0.7843,0.6264,0.1951,0.0404,0.3318,0.1927,-2.940,5.445
15499,0.0796,0.4916,0.6860,0.6847,0.1943,0.1949,0.2314,0.1850,2.009,5.423
17062,0.2191,0.5674,0.7612,0.6496,0.1938,0.1642,0.2755,0.1700,-1.466,4.980
4681,-0.0790,0.4571,0.6506,0.4948,0.1935,0.1548,0.2807,0.2024,3.587,5.318
9066,0.0804,0.5141,0.7069,0.5900,0.1928,0.0335,0.2149,0.1688,0.160,4.519
16281,0.1503,0.5674,0.7599,0.6290,0.1926,0.0668,0.1792,0.1408,0.191,3.833
10556,0.0972,0.5485,0.7400,0.6818,0.1915,0.1474,0.3471,0.2541,3.232,6.934
4066,0.0905,0.5016,0.6926,0.5841,0.1909,0.1346,0.2223,0.2038,-0.214,6.406
15905,-0.0305,0.4729,0.6637,0.5670,0.1907,0.1328,0.1920,0.1373,0.149,3.494
20694,0.0205,0.4762,0.6667,0.6409,0.1905,0.1196,0.2797,0.2429,1.039,5.826
9764,0.2607,0.4832,0.6736,0.5725,0.1904,0.0971,0.0997,0.0861,1.844,2.632
7305,0.0852,0.4640,0.6542,0.6003,0.1902,0.1514,0.3267,0.2046,-2.382,6.093
221,0.3826,0.5894,0.7786,0.7246,0.1892,0.0994,0.2429,0.1581,-1.522,4.529
840,0.4753,0.6140,0.8031,0.7396,0.1891,0.0933,0.2514,0.1571,4.241,4.910
18852,0.1476,0.4987,0.6877,0.6350,0.1889,0.0369,0.1932,0.1580,1.819,4.181
12783,0.2705,0.5736,0.7623,0.6460,0.1886,0.1880,0.2292,0.1577,-0.601,5.294
19336,-0.0908,0.4512,0.6398,0.5436,0.1886,0.0219,0.1225,0.0930,2.118,2.795
19032,0.2646,0.5856,0.7737,0.6506,0.1881,0.0732,0.1143,0.0978,-0.187,2.647
2131,0.1573,0.4760,0.6641,0.5136,0.1881,0.0542,0.2812,0.1470,4.446,5.807
18376,0.3018,0.5395,0.7275,0.5599,0.1880,0.1599,0.1761,0.1405,1.367,4.593
321,0.1719,0.5604,0.7481,0.6581,0.1877,0.0913,0.2709,0.2189,0.130,5.746
19458,-0.0404,0.5398,0.7275,0.6414,0.1877,0.1617,0.3703,0.3000,-1.559,7.434
23856,0.1705,0.5685,0.7558,0.5323,0.1873,0.0913,0.2998,0.2012,-2.639,5.337
14431,0.5005,0.6029,0.7900,0.6414,0.1871,0.0760,0.1336,0.1149,0.767,3.866
2871,0.3207,0.5213,0.7076,0.6028,0.1863,0.0957,0.2350,0.0808,5.707,3.756
18198,0.2501,0.5186,0.7047,0.5546,0.1861,0.0737,0.2020,0.1547,2.626,4.903
5604,0.4363,0.6528,0.8388,0.7399,0.1860,0.0920,0.1284,0.1150,3.316,3.810
5516,0.1374,0.5296,0.7152,0.5399,0.1856,0.0162,0.1748,0.1236,1.278,3.694
3061,-0.0377,0.4273,0.6126,0.5714,0.1853,0.1385,0.1952,0.1062,4.364,2.589
3146,0.1327,0.3212,0.5065,0.3731,0.1852,0.1021,0.2027,0.0737,4.509,2.770
23420,0.4107,0.5148,0.6996,0.6110,0.1849,0.0576,0.1768,0.1297,3.854,4.162
20821,-0.2175,0.4717,0.6555,0.5386,0.1838,0.0115,0.2149,0.1711,1.627,4.231
4787,0.2343,0.4987,0.6823,0.4987,0.1836,0.1544,0.1118,0.0843,0.521,3.015
24795,-0.0553,0.4764,0.6597,0.5890,0.1832,0.1457,0.3676,0.1912,-3.985,5.111
6377,0.4003,0.5356,0.7180,0.6248,0.1824,0.0738,0.1667,0.1151,1.078,4.015
3572,-0.0774,0.4954,0.6777,0.5892,0.1823,0.0908,0.4500,0.3589,-4.437,7.532
11314,0.1437,0.5295,0.7117,0.6003,0.1822,0.1960,0.1730,0.0759,4.102,4.248
13033,0.0347,0.4742,0.6563,0.4961,0.1822,0.0450,0.2851,0.2454,1.873,5.337
21105,0.2086,0.5194,0.7016,0.5853,0.1822,0.1565,0.1181,0.0553,2.733,2.519
1295,0.3122,0.5432,0.7252,0.5690,0.1819,0.0809,0.1287,0.0996,2.954,2.858
6170,0.0192,0.4529,0.6348,0.5729,0.1819,0.0467,0.2435,0.1201,4.935,4.363
19844,0.1870,0.4455,0.6273,0.4805,0.1818,0.0750,0.1544,0.0873,3.640,2.279
22102,0.3209,0.5857,0.7675,0.6195,0.1818,0.0951,0.1910,0.1484,2.060,5.029
15390,0.0145,0.5084,0.6898,0.6680,0.1815,0.1539,0.1500,0.1160,2.398,3.046
12772,0.3126,0.6216,0.8031,0.6873,0.1815,0.1590,0.3363,0.2570,-1.611,6.664
2245,0.0884,0.5071,0.6882,0.6662,0.1811,0.1661,0.2220,0.1812,1.099,5.026
23579,0.4261,0.5408,0.7219,0.5420,0.1811,0.0313,0.1727,0.1376,1.376,5.326
13551,0.3554,0.5623,0.7433,0.5700,0.1810,0.0966,0.1251,0.0843,-0.538,2.972
15096,0.4673,0.5659,0.7468,0.5556,0.1809,0.1124,0.1872,0.1419,1.997,4.648
7978,0.2339,0.5019,0.6826,0.5381,0.1806,0.0866,0.2535,0.2202,0.025,5.731
7667,0.3775,0.4729,0.6534,0.5245,0.1804,0.0648,0.1433,0.1026,1.861,4.709
19101,0.1007,0.3891,0.5694,0.3917,0.1803,0.0736,0.2815,0.1812,4.074,4.605
16239,0.2934,0.5161,0.6963,0.5650,0.1802,0.0809,0.2843,0.2402,0.751,6.842
21545,0.1926,0.5154,0.6954,0.5129,0.1799,0.1411,0.2749,0.0999,-3.484,3.608
8101,0.4338,0.6434,0.8230,0.7674,0.1796,0.1157,0.2505,0.1960,-1.583,6.614
485,0.1294,0.5006,0.6796,0.4021,0.1790,0.0690,0.2193,0.0772,4.476,4.195
16868,0.3033,0.4942,0.6731,0.4556,0.1789,0.0231,0.3769,0.2643,-1.547,6.696
14448,0.0850,0.4407,0.6193,0.5346,0.1786,-0.0058,0.1709,0.0794,4.883,1.821
23394,0.0991,0.4739,0.6525,0.4451,0.1786,0.2343,0.1921,0.1207,1.937,4.418
7658,0.4028,0.5597,0.7381,0.5982,0.1784,0.0565,0.1232,0.0954,2.189,3.632
23389,0.3696,0.6098,0.7882,0.7073,0.1784,0.0929,0.1769,0.1324,0.056,4.393
20472,0.0111,0.4390,0.6175,0.4711,0.1784,0.1198,0.2191,0.1788,1.610,5.118
17231,0.0959,0.5000,0.6778,0.6108,0.1778,0.1511,0.1931,0.1422,0.376,3.714
23120,0.2681,0.5490,0.7268,0.6108,0.1778,0.1432,0.2930,0.2477,-0.871,6.869
24447,0.3162,0.5084,0.6860,0.6075,0.1776,0.0483,0.1641,0.1332,0.730,4.099
22631,0.2796,0.4728,0.6503,0.5376,0.1775,0.0657,0.1339,0.1007,2.349,3.144
18188,-0.1486,0.4396,0.6170,0.5026,0.1774,0.0494,0.1846,0.1549,1.111,3.415
10851,0.1516,0.5302,0.7066,0.5457,0.1763,0.1290,0.2829,0.2227,-0.844,5.559
13812,-0.0931,0.3861,0.5624,0.5405,0.1763,0.0957,0.2656,0.2148,2.807,5.338
5393,0.2184,0.6281,0.8044,0.6100,0.1763,0.1711,0.2040,0.1260,1.988,3.992
17432,-0.0901,0.4526,0.6289,0.4250,0.1763,0.0209,0.1432,0.1070,0.916,3.567
16357,0.1335,0.5681,0.7442,0.6414,0.1761,0.1172,0.1981,0.1444,-1.349,5.017
19302,0.3336,0.5051,0.6812,0.5154,0.1761,0.0949,0.3339,0.2649,-2.347,7.313
3341,0.0842,0.5231,0.6987,0.6513,0.1756,0.1412,0.1574,0.1154,1.991,2.725
7652,0.2906,0.5519,0.7273,0.6039,0.1753,0.1259,0.1871,0.0929,4.109,3.403
3269,0.0354,0.4201,0.5954,0.5193,0.1753,0.0844,0.1166,0.0954,2.149,2.194
23349,0.1968,0.4923,0.6671,0.4910,0.1748,0.0138,0.2568,0.1473,-2.922,4.270
20193,0.1033,0.4808,0.6551,0.5974,0.1744,0.1244,0.2332,0.1545,-1.715,4.268
8002,0.2005,0.4935,0.6675,0.5610,0.1740,0.0418,0.2431,0.1344,4.754,4.756
20218,-0.0328,0.3969,0.5709,0.4652,0.1740,0.0325,0.2607,0.1415,4.142,5.685
12720,0.2202,0.5383,0.7121,0.6133,0.1738,0.0472,0.2004,0.1680,2.120,5.463
2709,0.0030,0.5583,0.7319,0.5596,0.1736,0.0921,0.2156,0.1742,0.948,5.119
19721,0.0163,0.4067,0.5803,0.4715,0.1736,0.0291,0.1958,0.1497,2.318,4.411
14847,0.0769,0.5679,0.7413,0.6287,0.1734,0.0542,0.2653,0.1939,2.376,5.291
23057,0.1808,0.4258,0.5990,0.5234,0.1732,0.0647,0.3272,0.2797,1.213,6.997
15027,0.2371,0.5142,0.6873,0.5685,0.1731,-0.0173,0.2707,0.2224,2.676,5.096
23975,-0.0674,0.4432,0.6163,0.5866,0.1731,0.1085,0.3489,0.3120,0.988,6.186
1981,0.2562,0.5923,0.7652,0.6400,0.1729,0.1419,0.2415,0.1720,0.908,5.160
19471,-0.0688,0.4594,0.6323,0.6310,0.1729,0.2145,0.2396,0.2114,1.373,6.011
11797,-0.1917,0.4636,0.6364,0.4351,0.1727,0.2037,0.1568,0.1148,0.189,2.973
22448,0.1670,0.5162,0.6887,0.5538,0.1725,0.0735,0.1792,0.1148,-1.687,3.469
15325,0.4731,0.5264,0.6988,0.5817,0.1725,0.0820,0.2042,0.1072,3.798,3.847
23565,0.1864,0.4961,0.6684,0.5725,0.1723,0.1610,0.2485,0.1989,2.157,5.363
23869,0.0213,0.5411,0.7134,0.5668,0.1722,0.2154,0.2048,0.1422,0.993,5.176
8534,0.2738,0.4774,0.6494,0.5110,0.1721,0.0256,0.0998,0.0661,1.363,1.989
24317,0.1877,0.4840,0.6560,0.5276,0.1720,0.1772,0.2336,0.1801,-0.534,6.146
18934,0.2513,0.5470,0.7181,0.6564,0.1712,0.1164,0.1738,0.1278,2.105,3.610
12205,0.1195,0.4884,0.6594,0.6131,0.1710,0.0882,0.1162,0.0883,1.948,2.527
3684,0.1226,0.4755,0.6460,0.4806,0.1705,0.1279,0.1654,0.1465,1.233,4.022
23745,0.5173,0.5832,0.7537,0.6928,0.1705,-0.0000,0.2147,0.1721,1.000,5.683
12127,0.5183,0.6031,0.7732,0.7294,0.1701,-0.0081,0.2595,0.1236,4.473,4.908
21632,0.3573,0.5696,0.7397,0.5271,0.1701,0.0301,0.1721,0.0725,-1.394,2.081
18841,-0.0293,0.5335,0.7036,0.6353,0.1701,0.1880,0.3283,0.2843,0.123,6.928
1615,0.2508,0.5554,0.7255,0.6366,0.1701,0.2209,0.3040,0.2692,-2.382,6.639
1490,-0.0011,0.4794,0.6491,0.6375,0.1697,0.1351,0.1995,0.1573,2.367,4.925
21493,0.0033,0.5149,0.6843,0.5653,0.1695,0.0834,0.1581,0.1083,-1.256,3.557
14046,0.2118,0.5542,0.7236,0.7168,0.1694,0.0185,0.3093,0.2355,4.147,6.462
17410,0.1067,0.5766,0.7460,0.5901,0.1694,0.2024,0.0896,0.0433,-0.012,2.505
4168,0.4399,0.5568,0.7261,0.5517,0.1693,0.0703,0.1119,0.0709,1.806,2.543
24268,0.1693,0.5574,0.7265,0.6852,0.1690,0.0612,0.2451,0.1632,-2.795,4.638
20351,0.4724,0.5626,0.7316,0.6039,0.1690,0.0842,0.1376,0.1100,2.224,4.902
7255,0.3513,0.5084,0.6774,0.5832,0.1690,0.0833,0.2461,0.0981,5.008,4.027
23179,0.3124,0.4581,0.6270,0.4620,0.1688,0.0046,0.2301,0.2050,0.612,6.305
6151,0.2015,0.4832,0.6521,0.4820,0.1688,0.0899,0.2563,0.2293,-2.107,4.906
7753,0.1544,0.5026,0.6714,0.6637,0.1688,0.0956,0.2568,0.1608,-1.556,5.164
21457,0.0215,0.4762,0.6448,0.5920,0.1686,0.1399,0.2192,0.1866,1.159,5.923
18738,0.0785,0.4453,0.6139,0.5019,0.1686,-0.0058,0.1661,0.1437,-0.138,4.225
13126,0.3915,0.5817,0.7503,0.6036,0.1686,0.0116,0.2058,0.1944,0.104,5.188
508,0.0305,0.5189,0.6866,0.5657,0.1678,0.1490,0.2468,0.1444,-2.447,4.347
20721,0.0477,0.5535,0.7213,0.5819,0.1677,0.1074,0.2180,0.1565,1.776,4.194
10022,0.3637,0.5484,0.7160,0.5772,0.1675,0.1076,0.3322,0.1636,-5.205,4.905
9814,0.3802,0.5130,0.6805,0.5091,0.1675,0.0798,0.2610,0.1978,2.294,6.257
20203,0.0934,0.5760,0.7436,0.5863,0.1675,0.0922,0.2055,0.1757,1.290,5.002
15577,0.0971,0.5387,0.7062,0.6624,0.1675,0.0983,0.1828,0.0939,-1.156,3.707
22109,0.1312,0.5490,0.7165,0.6379,0.1675,0.0888,0.2170,0.1849,0.887,5.562
5064,0.1379,0.5679,0.7348,0.7206,0.1669,0.2159,0.3381,0.2225,-1.172,5.929
16300,-0.0436,0.5474,0.7141,0.6872,0.1667,0.2161,0.1777,0.1463,0.632,4.183
2145,0.2929,0.5265,0.6929,0.5174,0.1665,0.1466,0.1723,0.1404,0.656,4.819
23993,0.4084,0.5780,0.7444,0.5321,0.1664,0.0867,0.3590,0.2823,-3.361,6.999
3002,0.1253,0.3909,0.5571,0.4468,0.1662,0.1314,0.2504,0.1262,4.007,5.353
11334,0.1557,0.5188,0.6843,0.6313,0.1656,0.1761,0.1339,0.1067,0.604,2.601
13707,0.4130,0.6206,0.7862,0.7392,0.1656,-0.0127,0.2516,0.1817,2.428,5.952
2726,0.2460,0.5426,0.7080,0.6744,0.1654,0.1690,0.3916,0.3219,1.483,7.095
21998,0.4712,0.5491,0.7145,0.6227,0.1654,0.0450,0.1041,0.0803,1.802,3.591
6427,0.3410,0.4312,0.5961,0.4909,0.1649,0.0854,0.2417,0.0737,4.884,3.543
3418,0.2769,0.4539,0.6187,0.4427,0.1648,0.0777,0.3431,0.1785,5.164,4.953
3264,-0.0597,0.5084,0.6731,0.6139,0.1647,0.1310,0.2465,0.2085,-0.720,5.331
1908,0.0804,0.4955,0.6598,0.6983,0.1643,0.1481,0.2948,0.2336,0.547,5.615
22295,0.2307,0.4476,0.6119,0.4774,0.1643,0.1093,0.2677,0.0780,5.572,3.104
10832,0.1192,0.6028,0.7671,0.7206,0.1643,0.1475,0.1870,0.1424,2.501,4.358
4749,0.1627,0.3216,0.4857,0.3802,0.1641,0.0862,0.0918,0.0514,-0.085,1.297
2135,-0.0032,0.4206,0.5845,0.4529,0.1639,0.0646,0.2769,0.1886,-1.248,4.996
6195,0.2938,0.4613,0.6252,0.5845,0.1638,0.1214,0.2194,0.0942,4.886,3.429
5153,0.4174,0.4423,0.6058,0.4876,0.1635,0.1077,0.3348,0.1033,5.996,5.312
1370,0.3102,0.5560,0.7194,0.6718,0.1634,0.0945,0.2327,0.1593,3.089,5.895
16056,0.3058,0.4565,0.6200,0.5383,0.1634,0.0794,0.2198,0.1650,4.242,4.133
14092,-0.0227,0.4383,0.6015,0.5604,0.1632,0.0164,0.2233,0.1842,3.038,5.914
15818,0.1752,0.5687,0.7317,0.6675,0.1630,0.2304,0.1969,0.1500,1.465,5.774
22875,0.3469,0.5315,0.6945,0.5674,0.1630,0.1584,0.2061,0.1771,-0.275,5.351
732,0.3488,0.5821,0.7451,0.6546,0.1630,0.1419,0.1761,0.1077,1.765,4.985
15048,0.2347,0.4217,0.5847,0.4398,0.1630,0.0720,0.2569,0.1217,5.557,3.892
484,0.1356,0.5430,0.7057,0.5326,0.1628,0.0371,0.2005,0.0918,-2.680,1.169
11592,0.0713,0.4697,0.6323,0.5290,0.1626,0.0958,0.2261,0.1859,2.582,5.657
17297,0.1714,0.5444,0.7066,0.6190,0.1622,0.0961,0.1911,0.1287,-1.658,3.411
22490,0.1928,0.4706,0.6327,0.5203,0.1621,0.0365,0.2682,0.1804,3.200,4.828
14623,0.2989,0.6015,0.7635,0.6183,0.1620,0.0729,0.1200,0.1054,0.390,3.097
5193,0.0188,0.5861,0.7481,0.7121,0.1620,0.2278,0.2811,0.1992,-0.474,6.327
21458,0.3024,0.5327,0.6945,0.6418,0.1617,0.0918,0.1408,0.0904,2.438,2.901
6896,0.0548,0.4535,0.6150,0.5801,0.1615,0.1196,0.1255,0.0929,0.573,2.803
15984,-0.1063,0.4968,0.6581,0.6826,0.1613,0.0878,0.1632,0.1268,1.481,3.891
24738,0.0812,0.5649,0.7261,0.5898,0.1612,0.1970,0.2169,0.1522,-2.106,5.313
580,0.2565,0.6031,0.7642,0.7474,0.1611,0.1995,0.1618,0.1106,-0.278,3.161
18849,0.0976,0.4961,0.6572,0.4936,0.1611,-0.0139,0.1864,0.1559,2.794,4.085
17270,0.0727,0.5272,0.6878,0.5531,0.1606,0.1395,0.4056,0.2143,-4.134,6.595
1252,0.1327,0.4424,0.6028,0.4812,0.1604,0.0398,0.3936,0.2876,-1.913,6.951
6296,0.3431,0.5727,0.7325,0.5532,0.1597,0.0196,0.3315,0.2505,-2.474,6.050
23768,0.2082,0.4891,0.6486,0.6293,0.1596,0.0451,0.2338,0.1873,-0.800,5.084
23209,0.2385,0.4801,0.6396,0.5264,0.1596,0.0530,0.2910,0.2319,3.043,5.076
17325,0.2180,0.5334,0.6928,0.6298,0.1594,0.1315,0.1789,0.1387,2.555,4.716
2888,0.0503,0.5802,0.7392,0.6349,0.1591,0.1614,0.2850,0.1550,-2.442,5.589
14362,0.1202,0.5827,0.7416,0.5904,0.1589,0.0697,0.3342,0.1330,-4.797,4.147
1015,0.0574,0.5039,0.6628,0.6419,0.1589,0.1721,0.2426,0.1106,4.636,3.432
19516,0.0789,0.5265,0.6852,0.6258,0.1587,0.1398,0.1224,0.0842,0.672,2.662
5664,0.0520,0.5631,0.7216,0.7126,0.1585,0.0969,0.1014,0.0711,1.786,2.255
11426,0.1706,0.5296,0.6881,0.5979,0.1585,0.1130,0.1058,0.0952,1.036,2.883
5722,0.0290,0.4414,0.5997,0.5933,0.1583,0.0541,0.2062,0.1976,0.020,5.231
20818,0.1062,0.5425,0.7007,0.5948,0.1582,0.0628,0.1728,0.0613,-1.931,1.319
2334,0.2246,0.4660,0.6239,0.4698,0.1579,0.1092,0.1650,0.1245,2.479,3.439
20892,0.4308,0.5658,0.7233,0.6808,0.1575,0.0624,0.2993,0.1017,5.802,3.938
2387,0.0641,0.4916,0.6490,0.6258,0.1574,0.0824,0.2166,0.1754,1.705,4.968
16002,0.0082,0.5110,0.6684,0.4542,0.1574,0.0417,0.1764,0.0939,3.510,2.567
14688,0.3103,0.5668,0.7238,0.5969,0.1571,0.0070,0.2051,0.0686,4.576,3.778
11158,0.2338,0.5175,0.6739,0.6321,0.1563,0.0656,0.3331,0.0404,7.467,2.995
2292,0.3530,0.5735,0.7294,0.5644,0.1559,0.1076,0.2754,0.2108,-1.196,6.624
1839,0.5301,0.6018,0.7577,0.7049,0.1559,0.0846,0.2212,0.1714,2.148,5.222
19800,0.1012,0.5740,0.7299,0.5974,0.1558,0.0829,0.3633,0.2155,-4.787,6.257
18892,0.2434,0.5212,0.6770,0.5277,0.1557,0.0231,0.1441,0.1177,1.460,3.775
11830,0.2042,0.4080,0.5637,0.4183,0.1557,0.0162,0.1573,0.1187,2.523,2.888
23081,-0.1493,0.4393,0.5950,0.4802,0.1557,0.0484,0.2471,0.2066,-0.213,5.589
18100,0.2730,0.4734,0.6291,0.4838,0.1556,0.0617,0.3134,0.0928,6.051,4.269
13333,0.1709,0.5797,0.7352,0.6748,0.1555,0.0587,0.1677,0.1165,2.573,3.825
13082,0.1569,0.5720,0.7275,0.7005,0.1555,0.1845,0.2842,0.2285,-0.494,5.740
17401,0.2809,0.5879,0.7433,0.6714,0.1553,0.0554,0.1897,0.1172,-1.074,3.716
9983,0.0890,0.5315,0.6868,0.6418,0.1553,0.0139,0.1634,0.1565,-1.299,3.597
4007,0.5264,0.6444,0.7997,0.6932,0.1553,0.0185,0.2493,0.1201,-4.289,3.795
21250,0.2784,0.5142,0.6693,0.5814,0.1550,0.0023,0.2399,0.2180,2.333,5.180
4257,0.3085,0.6065,0.7613,0.5794,0.1548,0.0416,0.2099,0.1548,2.140,4.806
6185,0.4003,0.5902,0.7448,0.6121,0.1546,0.0488,0.1586,0.1302,1.917,4.202
2315,0.1304,0.5090,0.6637,0.6366,0.1546,0.1043,0.1731,0.1177,-1.095,3.349
6834,0.0999,0.4948,0.6495,0.5696,0.1546,0.1452,0.2194,0.1975,1.979,5.042
636,-0.1221,0.4149,0.5696,0.4433,0.1546,0.0460,0.2598,0.2195,-0.591,4.229
21877,0.1567,0.3977,0.5521,0.4865,0.1544,0.0793,0.1312,0.0926,3.243,2.701
20938,0.3317,0.5341,0.6885,0.6538,0.1544,0.0874,0.1732,0.1545,-1.713,4.014
4129,0.2817,0.5344,0.6887,0.5979,0.1543,0.0314,0.1137,0.0566,2.933,2.261
20636,0.2727,0.5681,0.7224,0.6414,0.1542,0.1182,0.2769,0.1417,4.108,5.952
5104,0.0092,0.5360,0.6902,0.6105,0.1542,0.1483,0.2134,0.1657,-0.214,4.379
16885,-0.0544,0.4961,0.6502,0.5162,0.1541,0.2750,0.2538,0.0932,4.864,3.975
13911,0.3246,0.5834,0.7374,0.6326,0.1539,0.1686,0.1742,0.1263,-0.581,4.691
16132,0.1884,0.5464,0.6997,0.5979,0.1534,0.0800,0.1296,0.1146,-0.080,3.922
345,0.1152,0.5155,0.6688,0.6443,0.1534,0.0488,0.3087,0.1881,5.075,5.724
24207,0.0336,0.4510,0.6044,0.5889,0.1534,0.0606,0.0869,0.0706,1.353,1.987
10008,0.2720,0.5429,0.6961,0.6273,0.1532,0.0433,0.4082,0.3305,-1.676,8.313
5443,0.3505,0.6126,0.7658,0.6088,0.1532,0.1329,0.2202,0.0960,-2.622,3.645
12513,0.2532,0.5006,0.6537,0.5447,0.1530,0.1734,0.2846,0.0991,6.324,3.496
23755,0.0980,0.4420,0.5950,0.5185,0.1530,0.0455,0.3962,0.1506,-5.926,4.445
15889,-0.1476,0.4145,0.5674,0.4430,0.1528,0.1434,0.1686,0.1024,-1.865,2.704
4279,0.3490,0.5894,0.7422,0.5622,0.1528,0.1458,0.1920,0.0714,3.734,2.764
9064,0.3758,0.6088,0.7617,0.5933,0.1528,0.0725,0.1258,0.0759,-0.431,2.432
14562,0.2480,0.4583,0.6107,0.5482,0.1523,0.0407,0.3481,0.1982,4.962,5.577
20864,0.0795,0.5494,0.7013,0.6221,0.1519,0.0786,0.2240,0.1673,0.033,4.205
4822,0.2580,0.6293,0.7812,0.6757,0.1519,0.1174,0.2488,0.1813,-0.297,5.386
15675,0.3112,0.5804,0.7323,0.6731,0.1519,0.0903,0.1473,0.1208,0.944,4.291
18191,-0.1546,0.4341,0.5853,0.5891,0.1512,0.0522,0.3287,0.3038,0.232,6.727
19189,0.1704,0.5541,0.7049,0.5992,0.1508,0.0656,0.2040,0.1545,0.078,4.517
21052,0.1283,0.5812,0.7320,0.6018,0.1508,0.0727,0.2846,0.2141,-1.504,4.668
19402,0.1716,0.5283,0.6787,0.6594,0.1504,0.0161,0.2641,0.1545,-2.173,3.751
2828,0.2241,0.4781,0.6285,0.5887,0.1504,0.0809,0.2464,0.2144,-0.906,5.335
8098,0.3206,0.5758,0.7262,0.6645,0.1504,0.0667,0.1456,0.1284,0.232,3.501
18542,0.4427,0.5051,0.6555,0.5013,0.1504,0.0115,0.1998,0.1468,2.504,5.125
23683,0.1070,0.4541,0.6041,0.4166,0.1501,0.0209,0.3606,0.2799,-2.450,6.777
24737,0.0916,0.5304,0.6805,0.5420,0.1501,0.1041,0.3254,0.2573,0.977,6.705
5318,0.2908,0.6038,0.7538,0.6577,0.1500,0.0852,0.1933,0.1454,-0.587,3.867
17616,0.0178,0.4885,0.6385,0.5526,0.1500,0.0902,0.2736,0.2324,0.116,5.676
4413,0.1274,0.5129,0.6628,0.6499,0.1499,0.1503,0.1440,0.1269,1.288,4.079
13702,0.4612,0.5484,0.6981,0.6039,0.1497,0.0949,0.1236,0.0839,2.120,2.788
21700,0.0182,0.5109,0.6602,0.5894,0.1493,0.1141,0.2264,0.1597,-0.243,5.579
15029,0.3159,0.6152,0.7645,0.6950,0.1493,0.1113,0.2319,0.1811,2.571,5.148
6102,0.0955,0.5130,0.6619,0.6347,0.1490,0.0962,0.2802,0.2156,0.998,5.853
21550,0.3518,0.5946,0.7435,0.5933,0.1490,0.1180,0.1263,0.0857,-0.585,3.258
19495,0.1382,0.5674,0.7163,0.6598,0.1489,0.0440,0.2055,0.1647,-0.936,4.368
15492,0.3015,0.6380,0.7869,0.7882,0.1489,0.0471,0.2437,0.2042,2.194,5.286
5230,0.2200,0.4055,0.5538,0.4278,0.1483,0.0580,0.1605,0.0619,4.184,1.871
3488,0.5518,0.6761,0.8239,0.6067,0.1478,0.0714,0.2322,0.1556,-1.462,6.316
13612,-0.0648,0.4865,0.6341,0.5006,0.1476,0.0577,0.2631,0.2336,0.139,5.495
18582,0.2639,0.5873,0.7348,0.5535,0.1475,0.0694,0.2715,0.1298,-3.884,4.711
10612,0.0181,0.4872,0.6346,0.4949,0.1474,0.0427,0.2920,0.2172,-2.133,5.711
7759,0.2705,0.6124,0.7597,0.6860,0.1473,0.0543,0.2279,0.1261,4.928,4.034
21594,-0.0127,0.5078,0.6550,0.5362,0.1473,0.1221,0.2945,0.1434,-4.630,4.323
22679,0.4571,0.4968,0.6439,0.5535,0.1471,0.0950,0.1715,0.1325,2.381,4.956
6629,0.1578,0.5665,0.7135,0.6516,0.1471,0.0820,0.2259,0.1896,0.440,4.948
16746,0.3209,0.5412,0.6881,0.6031,0.1469,0.0716,0.2375,0.1914,-1.533,5.059
14407,0.4831,0.5972,0.7439,0.6165,0.1467,0.0254,0.1470,0.1052,1.994,4.661
9178,0.0908,0.4453,0.5920,0.5097,0.1467,0.1209,0.2213,0.1533,2.178,5.118
24677,0.1741,0.5907,0.7375,0.6782,0.1467,0.1499,0.3017,0.2546,-0.296,6.778
4424,-0.0086,0.4537,0.6003,0.4473,0.1465,0.0818,0.2980,0.2406,-1.651,5.449
7991,0.3744,0.4781,0.6247,0.4923,0.1465,0.0395,0.3563,0.3209,0.483,8.138
407,0.0827,0.5013,0.6478,0.6319,0.1464,0.0829,0.3856,0.2705,3.822,7.882
20737,0.4181,0.5933,0.7396,0.6541,0.1464,0.0381,0.2241,0.0986,4.275,3.848
16680,0.1768,0.5096,0.6560,0.5584,0.1463,0.0931,0.1876,0.1677,0.868,5.039
21694,0.1682,0.5136,0.6598,0.4968,0.1462,0.0405,0.3380,0.1153,-4.957,3.396
11535,0.6177,0.6184,0.7645,0.6868,0.1461,0.0777,0.2584,0.1325,3.779,5.537
22841,0.2430,0.4729,0.6189,0.5155,0.1460,0.0047,0.1370,0.0842,2.378,2.547
24027,0.4523,0.6723,0.8181,0.7626,0.1458,0.0267,0.1660,0.0943,-2.506,3.452
19043,0.2432,0.4671,0.6129,0.4748,0.1458,-0.0187,0.2962,0.2642,0.758,5.507
21397,0.1369,0.5200,0.6658,0.6465,0.1458,0.0854,0.2043,0.1427,3.708,4.228
20663,0.4729,0.5202,0.6658,0.5319,0.1456,0.0363,0.2708,0.1627,5.085,5.897
17122,0.2311,0.5727,0.7181,0.5714,0.1454,0.0575,0.1358,0.1259,1.058,4.279
24468,0.2422,0.5118,0.6571,0.5628,0.1453,0.0602,0.2294,0.2034,0.703,5.515
14970,0.4723,0.5373,0.6825,0.5758,0.1452,0.0501,0.2120,0.0788,4.551,3.036
11868,0.3893,0.5681,0.7134,0.5373,0.1452,0.0475,0.1457,0.1343,1.077,4.779
8479,0.4241,0.6157,0.7608,0.6013,0.1451,0.1081,0.2785,0.2165,2.546,6.653
12852,0.2043,0.4728,0.6179,0.5415,0.1451,0.0633,0.3207,0.2421,-1.678,6.078
14349,0.1256,0.5215,0.6662,0.6389,0.1447,0.0843,0.3980,0.3276,-3.498,7.806
8540,0.1385,0.4738,0.6185,0.5565,0.1446,0.0950,0.4202,0.1760,-6.180,4.345
17895,-0.2556,0.4065,0.5510,0.4658,0.1445,0.1342,0.2024,0.1786,1.346,4.605
16260,0.1635,0.6108,0.7552,0.6289,0.1443,0.0500,0.2490,0.1968,-0.247,5.018
17555,-0.2327,0.4771,0.6212,0.5885,0.1442,0.0617,0.2702,0.1916,-2.124,4.931
21276,0.4246,0.6216,0.7658,0.6615,0.1441,0.0404,0.1438,0.0727,-1.823,2.568
15,-0.0235,0.5122,0.6564,0.6088,0.1441,0.0729,0.2659,0.2235,-0.706,6.104
22492,0.1300,0.4630,0.6070,0.5681,0.1440,0.0719,0.2459,0.1979,4.300,4.715
20668,0.2081,0.5913,0.7352,0.5578,0.1440,0.0603,0.0985,0.0660,-0.447,1.721
18676,0.2211,0.5874,0.7314,0.5823,0.1440,0.0184,0.1734,0.1357,0.240,4.881
3297,0.2345,0.5272,0.6710,0.5505,0.1438,0.0678,0.1200,0.1012,1.233,2.918
20182,0.4320,0.6075,0.7513,0.6425,0.1438,0.1183,0.2302,0.1611,3.342,6.294
5642,0.1025,0.5366,0.6804,0.6483,0.1438,0.1145,0.2032,0.1660,1.346,4.797
9732,0.1962,0.4217,0.5653,0.4661,0.1436,0.1127,0.2290,0.0856,4.725,3.070
5785,-0.2073,0.3493,0.4927,0.4064,0.1434,0.0950,0.1121,0.0642,2.851,1.303
8896,0.5035,0.5416,0.6849,0.5866,0.1432,0.0058,0.1834,0.1190,3.507,4.443
23925,0.1892,0.4792,0.6224,0.4909,0.1432,0.1688,0.3222,0.0487,7.275,2.063
22910,0.3168,0.5639,0.7071,0.6181,0.1432,0.1695,0.1523,0.1238,1.496,4.512
11197,0.1609,0.5174,0.6606,0.5897,0.1432,0.1098,0.1983,0.1634,1.108,4.606
5860,0.3893,0.6057,0.7487,0.6830,0.1430,0.0982,0.2105,0.1520,1.967,5.859
7740,0.0795,0.4588,0.6018,0.4716,0.1430,0.0668,0.1403,0.1210,-0.777,3.150
786,0.2206,0.5838,0.7268,0.6701,0.1430,0.0115,0.1682,0.1155,4.108,3.146
5533,0.3757,0.5676,0.7104,0.5431,0.1429,0.0500,0.2010,0.1670,1.023,4.751
21596,0.0597,0.5090,0.6519,0.6685,0.1429,0.0215,0.4885,0.0917,-7.533,3.506
15413,0.1518,0.5624,0.7053,0.6731,0.1429,0.0324,0.3434,0.1767,-4.338,5.181
10681,0.2029,0.5611,0.7040,0.5907,0.1429,0.0382,0.1727,0.1241,-0.807,3.491
22977,0.1391,0.5167,0.6594,0.5887,0.1427,0.1546,0.1986,0.1695,0.675,4.510
17737,0.1506,0.6083,0.7510,0.6744,0.1427,0.1567,0.2048,0.1722,-1.060,5.535
16834,0.1689,0.4929,0.6354,0.4968,0.1425,0.0323,0.2614,0.2280,-2.512,4.776
7678,0.3872,0.5738,0.7163,0.6008,0.1425,-0.0104,0.1824,0.1615,0.376,5.654
22134,0.3630,0.4728,0.6153,0.5829,0.1425,0.1656,0.2401,0.1229,4.127,4.927
22711,-0.0671,0.4678,0.6102,0.5627,0.1424,0.0130,0.3951,0.0518,9.256,0.106
15979,0.0557,0.5295,0.6718,0.6705,0.1423,0.0704,0.2309,0.1837,0.176,5.154
9336,0.1640,0.5821,0.7245,0.5770,0.1423,0.1189,0.2424,0.1996,0.075,5.546
22632,0.0549,0.4289,0.5711,0.5659,0.1421,0.0473,0.1792,0.1528,1.141,4.422
21889,0.1707,0.5341,0.6757,0.5869,0.1416,0.0429,0.2783,0.2476,-0.369,6.106
23559,-0.1455,0.5019,0.6435,0.5907,0.1416,0.2244,0.2511,0.1999,-0.353,5.445
14866,0.2086,0.5020,0.6435,0.5060,0.1415,0.0997,0.1377,0.0991,1.735,3.977
7123,-0.1425,0.4614,0.6028,0.5103,0.1414,0.0698,0.1102,0.0929,1.544,2.438
10981,0.1539,0.5694,0.7108,0.6697,0.1414,0.1348,0.2484,0.1758,2.028,5.346
18440,0.0705,0.5167,0.6581,0.4254,0.1414,0.1345,0.2106,0.1548,-0.085,5.136
4904,-0.0570,0.4470,0.5879,0.6021,0.1408,0.1131,0.2744,0.2312,-0.010,5.773
1244,0.3536,0.5523,0.6929,0.5355,0.1406,0.0346,0.1726,0.1677,-1.692,5.205
23032,0.0083,0.5794,0.7200,0.6697,0.1406,0.1177,0.1272,0.0905,0.571,2.983
7798,0.2859,0.5514,0.6919,0.6095,0.1405,0.1441,0.1664,0.0749,-1.812,1.405
24387,-0.1257,0.4159,0.5563,0.4673,0.1405,0.0657,0.1113,0.0593,-0.406,0.753
777,0.4582,0.6572,0.7977,0.6843,0.1405,0.0231,0.1200,0.0898,0.998,3.855
13215,0.4206,0.4968,0.6371,0.5933,0.1403,0.0868,0.1425,0.1296,0.477,4.103
22904,0.1485,0.5870,0.7273,0.5636,0.1403,0.0842,0.2238,0.0840,4.344,3.414
14953,0.1648,0.6091,0.7494,0.6494,0.1403,0.0776,0.3719,0.2384,-5.076,4.860
17417,0.2367,0.4936,0.6337,0.5591,0.1401,0.0472,0.1777,0.1532,1.861,4.745
8420,0.1500,0.5481,0.6881,0.6290,0.1399,-0.0104,0.2290,0.1921,0.975,5.406
4972,0.0629,0.5430,0.6829,0.5237,0.1399,0.0579,0.2013,0.1631,0.489,5.211
14703,0.0049,0.4788,0.6187,0.6367,0.1399,0.1299,0.2619,0.2309,1.165,5.693
23928,0.3636,0.5918,0.7317,0.6739,0.1399,0.1311,0.1465,0.1126,-0.132,3.197
20304,0.0486,0.4495,0.5894,0.4534,0.1399,0.0525,0.3367,0.3072,1.198,6.189
924,0.2379,0.5912,0.7309,0.5563,0.1397,0.0634,0.2112,0.1281,2.440,3.757
3698,0.4792,0.5788,0.7183,0.5956,0.1395,0.0866,0.1966,0.1569,1.824,5.818
22571,0.2907,0.6194,0.7587,0.7200,0.1394,0.0818,0.2860,0.2001,-3.370,5.645
8089,0.3678,0.5508,0.6898,0.6281,0.1390,0.0532,0.2248,0.1768,-0.595,5.974
18739,0.3591,0.5668,0.7057,0.6401,0.1388,0.0959,0.1641,0.1298,2.003,3.703
22150,0.4024,0.4008,0.5396,0.4669,0.1388,0.1148,0.2600,0.1014,5.097,3.965
10165,0.1022,0.6322,0.7709,0.7277,0.1387,0.1686,0.1547,0.0667,-0.960,2.678
24571,0.5833,0.6021,0.7403,0.6809,0.1382,0.0323,0.2507,0.0915,5.124,4.207
9396,0.2824,0.4711,0.6092,0.4474,0.1382,0.0034,0.1063,0.0406,3.095,1.055
23593,0.3034,0.5897,0.7277,0.6297,0.1381,0.0610,0.1406,0.1044,2.815,3.611
1573,0.4948,0.6284,0.7665,0.6632,0.1381,0.0323,0.2366,0.1886,-0.678,5.928
20852,0.3079,0.4942,0.6323,0.5135,0.1381,0.1392,0.0804,0.0485,0.083,2.150
10024,0.5577,0.6121,0.7500,0.6353,0.1379,0.0568,0.1262,0.0926,0.893,3.430
23425,0.0350,0.4299,0.5676,0.4234,0.1377,0.0082,0.3836,0.3193,-2.699,7.080
6600,0.3985,0.6325,0.7701,0.6039,0.1377,0.0221,0.0769,0.0599,0.933,1.816
11960,0.3748,0.4653,0.6029,0.4849,0.1376,0.0345,0.1246,0.0822,2.798,3.025
1645,-0.0383,0.4100,0.5476,0.4075,0.1375,0.0681,0.1724,0.1514,0.576,4.289
3571,0.0697,0.5292,0.6667,0.6550,0.1375,0.0802,0.2425,0.1592,3.672,4.351
3619,0.1514,0.5212,0.6585,0.6239,0.1374,0.0277,0.2184,0.2136,0.324,5.496
24807,0.0639,0.5276,0.6650,0.5263,0.1374,0.0577,0.2207,0.1742,-0.580,5.381
1269,0.4067,0.5071,0.6442,0.5602,0.1371,-0.0070,0.2489,0.1444,4.180,5.423
11125,0.1195,0.4360,0.5731,0.3943,0.1371,0.0453,0.3509,0.3371,-0.943,7.894
11819,-0.0612,0.3834,0.5204,0.4177,0.1370,0.1488,0.2820,0.0800,5.885,2.390
23070,0.2530,0.5594,0.6964,0.5646,0.1370,0.1931,0.2535,0.1020,-3.110,3.947
9241,0.4319,0.6181,0.7548,0.6503,0.1368,0.0461,0.1866,0.1090,-1.804,3.526
15632,0.2934,0.5935,0.7303,0.6142,0.1368,0.0392,0.2976,0.2572,0.504,6.002
17007,0.2715,0.6516,0.7884,0.7239,0.1368,0.1185,0.2627,0.1602,-2.072,4.332
22455,0.3290,0.4909,0.6276,0.5000,0.1367,0.0637,0.0988,0.0686,1.759,3.317
4345,0.1282,0.5193,0.6559,0.5219,0.1366,0.0934,0.2208,0.1559,-1.867,4.073
9147,0.0396,0.5251,0.6615,0.6075,0.1364,0.1126,0.2234,0.2012,0.254,4.582
22151,0.0167,0.5199,0.6564,0.6165,0.1364,0.1600,0.2235,0.1799,0.298,4.985
16090,0.3082,0.5225,0.6589,0.6293,0.1364,0.0499,0.1976,0.1417,4.646,4.307
23252,0.2572,0.4974,0.6337,0.5244,0.1362,0.0403,0.2341,0.2069,0.698,4.772
3379,-0.0689,0.5084,0.6442,0.5472,0.1358,0.0510,0.2357,0.2114,2.263,4.745
16595,0.4073,0.6016,0.7374,0.6235,0.1358,0.0813,0.2029,0.1060,3.632,3.556
291,0.1840,0.4994,0.6352,0.5006,0.1358,0.0140,0.2127,0.1820,-1.801,4.688
24382,0.2247,0.4890,0.6248,0.5718,0.1358,0.0867,0.2837,0.1402,4.902,4.334
2396,0.4695,0.5698,0.7054,0.6176,0.1357,0.0359,0.1940,0.1267,2.932,4.513
8664,-0.1589,0.4919,0.6274,0.5271,0.1355,0.2076,0.1695,0.1407,0.622,4.444
4357,0.4401,0.5445,0.6800,0.5574,0.1355,0.0324,0.1467,0.1162,0.298,4.189
4703,0.5442,0.5966,0.7320,0.5851,0.1353,0.0347,0.1368,0.1149,1.073,5.016
22996,0.5093,0.6263,0.7616,0.7049,0.1353,0.0646,0.0987,0.0703,0.201,4.001
18580,0.1514,0.5205,0.6558,0.5959,0.1353,0.1340,0.3699,0.1928,6.576,5.303
17339,0.1794,0.5084,0.6435,0.6139,0.1351,0.0923,0.2105,0.1365,4.412,3.396
22644,0.0910,0.5135,0.6486,0.6023,0.1351,0.0796,0.2032,0.1717,0.724,4.517
8082,0.4122,0.6281,0.7632,0.6911,0.1351,0.0483,0.1372,0.1173,0.169,3.822
15436,0.0892,0.5354,0.6705,0.6461,0.1351,0.1461,0.1874,0.1653,1.558,4.945
7878,0.2813,0.5403,0.6753,0.6351,0.1351,0.1109,0.1389,0.1246,-0.201,4.634
1523,0.1255,0.5753,0.7104,0.6649,0.1351,0.1568,0.1930,0.1453,-0.648,3.882
5851,0.0956,0.5122,0.6470,0.5610,0.1348,0.0534,0.1980,0.1226,4.257,3.331
22616,0.4777,0.6457,0.7805,0.7394,0.1348,0.0532,0.2596,0.2194,0.391,6.660
24591,0.1893,0.5531,0.6878,0.6010,0.1347,0.0840,0.2711,0.2187,4.098,5.611
24923,0.2370,0.4974,0.6321,0.4896,0.1347,-0.0070,0.0897,0.0674,1.287,2.000
10883,0.2426,0.5408,0.6753,0.5964,0.1345,0.0431,0.2656,0.2080,4.557,5.184
11363,0.2638,0.5097,0.6439,0.5574,0.1342,0.0382,0.1687,0.1373,1.222,4.724
4978,0.2387,0.5290,0.6632,0.4529,0.1342,0.1361,0.2152,0.1020,4.716,3.213
12511,0.1565,0.5974,0.7316,0.7123,0.1342,0.0093,0.1862,0.1577,-1.008,5.003
3407,0.4165,0.5241,0.6582,0.5523,0.1340,-0.0285,0.1940,0.1436,4.423,3.673
1054,0.3895,0.6392,0.7732,0.6276,0.1340,0.1532,0.3129,0.1939,-3.162,5.810
22614,0.2989,0.5992,0.7332,0.7345,0.1340,0.0464,0.3163,0.2784,2.623,6.897
1794,0.4112,0.6203,0.7542,0.6937,0.1338,0.0729,0.2426,0.1915,-1.716,6.296
5555,0.4050,0.5521,0.6860,0.5547,0.1338,0.0935,0.2015,0.1507,2.891,5.439
22933,0.0685,0.5367,0.6705,0.6654,0.1338,0.1387,0.2269,0.1816,2.551,5.345
13442,0.4665,0.5753,0.7091,0.5870,0.1338,0.0468,0.2181,0.1655,2.861,4.766
19421,0.2643,0.5013,0.6350,0.5540,0.1337,0.1369,0.2669,0.2731,-0.818,6.614
18972,0.1816,0.5379,0.6714,0.6213,0.1335,0.1039,0.2096,0.1635,-0.883,4.530
23327,-0.0176,0.5141,0.6474,0.6154,0.1333,0.2926,0.2234,0.2017,2.171,5.304
6765,0.2492,0.5000,0.6332,0.4908,0.1332,0.0046,0.2551,0.0479,5.167,3.934
13434,0.5270,0.5973,0.7305,0.7290,0.1332,0.0545,0.1766,0.1503,-1.974,4.010
14357,0.0609,0.4112,0.5444,0.4138,0.1332,0.0458,0.1358,0.1103,1.390,3.369
18107,0.1875,0.5827,0.7158,0.6331,0.1331,0.0718,0.2779,0.2117,-2.692,6.232
11816,0.5263,0.6331,0.7661,0.6421,0.1331,0.0001,0.2308,0.1766,-1.565,6.225
23605,0.4552,0.5711,0.7041,0.5388,0.1331,0.0495,0.1365,0.1311,-1.208,4.473
22419,-0.1194,0.4284,0.5613,0.4155,0.1329,0.0438,0.1618,0.1401,1.182,3.845
12450,0.2454,0.5573,0.6898,0.5560,0.1326,0.0684,0.2711,0.2382,-0.044,7.521
24861,0.2461,0.5058,0.6384,0.5199,0.1326,-0.0335,0.1081,0.0913,0.938,2.186
23467,0.1437,0.5077,0.6401,0.6054,0.1324,0.0334,0.2265,0.2041,-0.009,5.484
6544,0.0919,0.5373,0.6697,0.5913,0.1324,0.0242,0.2110,0.1829,-0.933,4.360
8019,0.1985,0.5861,0.7185,0.5848,0.1324,0.0578,0.2506,0.2111,-0.798,5.829
18162,0.2561,0.6878,0.8201,0.6958,0.1323,0.2242,0.2568,0.1287,-4.284,4.665
667,0.2960,0.5430,0.6752,0.5340,0.1322,0.0715,0.1846,0.1539,2.827,3.849
23250,0.0859,0.5899,0.7219,0.6455,0.1320,0.2054,0.2255,0.1988,1.724,5.705
14466,0.0715,0.6106,0.7426,0.5860,0.1320,0.1407,0.2764,0.1320,4.477,5.258
15887,0.1320,0.5084,0.6404,0.5912,0.1320,0.1407,0.1917,0.1745,-0.432,4.620
21003,0.0956,0.5498,0.6818,0.6468,0.1320,0.1303,0.2572,0.1053,-3.162,3.727
2012,-0.0228,0.4289,0.5607,0.4432,0.1318,0.1450,0.1346,0.0824,1.959,3.674
18710,0.0049,0.4774,0.6090,0.5032,0.1316,-0.0277,0.1625,0.1485,0.494,3.609
16833,0.0796,0.5206,0.6521,0.5206,0.1314,0.0541,0.1673,0.1557,2.021,3.899
15358,0.6069,0.6250,0.7564,0.6482,0.1314,0.0265,0.1912,0.1666,-0.188,6.163
18322,0.0568,0.4936,0.6250,0.5928,0.1314,0.0938,0.3180,0.2989,0.411,6.783
7013,0.1444,0.6302,0.7616,0.6082,0.1314,0.0995,0.2042,0.1408,-1.266,4.266
11270,0.1387,0.4265,0.5579,0.5111,0.1313,0.1399,0.0919,0.0605,0.579,2.094
20920,0.4697,0.6178,0.7490,0.7375,0.1313,0.0127,0.1663,0.1287,0.195,3.793
9007,0.4205,0.5573,0.6885,0.5663,0.1313,0.0567,0.1728,0.1104,3.298,4.092
14919,0.2961,0.5437,0.6748,0.5039,0.1311,0.1475,0.1801,0.1310,-1.980,4.745
15258,-0.0450,0.4871,0.6183,0.5386,0.1311,0.1176,0.2434,0.2005,-1.743,4.828
6941,0.3727,0.5771,0.7082,0.6542,0.1311,0.0463,0.1562,0.1147,2.298,4.762
17017,0.2302,0.5725,0.7035,0.6624,0.1309,0.1084,0.2641,0.2043,2.571,5.210
20155,0.5959,0.6804,0.8113,0.7882,0.1309,0.0302,0.2594,0.1659,-3.645,5.453
13887,0.1973,0.5537,0.6846,0.5812,0.1309,0.1025,0.0950,0.0777,0.490,2.389
21154,0.1709,0.5353,0.6662,0.6401,0.1309,0.1145,0.1254,0.1119,1.703,2.941
16034,0.2928,0.5752,0.7059,0.5359,0.1307,0.0335,0.0856,0.0660,1.045,3.040
6991,0.3612,0.6533,0.7840,0.5977,0.1307,0.1165,0.2472,0.1300,4.645,4.257
8220,0.5056,0.5816,0.7118,0.6329,0.1303,0.0597,0.3068,0.2569,0.778,6.908
11305,0.0689,0.5747,0.7049,0.6997,0.1302,0.1348,0.2227,0.1507,-0.695,3.945
8780,0.3713,0.4755,0.6057,0.5219,0.1302,0.0325,0.1125,0.1041,1.224,2.965
10503,0.0842,0.4746,0.6047,0.5514,0.1300,0.0405,0.1560,0.1308,0.675,2.941
1953,0.3614,0.5462,0.6762,0.6099,0.1300,0.0797,0.1718,0.1020,3.359,3.855
24337,0.0472,0.4607,0.5907,0.4685,0.1300,0.0592,0.2313,0.2122,0.994,5.084
18444,0.1870,0.3675,0.4974,0.3831,0.1299,0.0819,0.1477,0.1096,-2.909,3.085
16650,0.3671,0.5909,0.7208,0.6286,0.1299,0.0382,0.2087,0.1452,2.485,5.224
4550,0.2791,0.5494,0.6792,0.6091,0.1299,0.0362,0.1645,0.1083,3.363,2.434
24794,0.4038,0.6452,0.7751,0.6825,0.1298,0.0680,0.3007,0.2589,0.946,6.983
2953,0.5045,0.6632,0.7931,0.7314,0.1298,0.0602,0.2273,0.1763,-0.297,5.770
17933,0.4913,0.5417,0.6714,0.5789,0.1297,0.0508,0.0902,0.0879,1.720,3.061
12250,0.1552,0.5481,0.6778,0.5892,0.1297,0.0658,0.1873,0.1737,-0.994,5.345
4303,0.0680,0.4806,0.6101,0.6373,0.1295,0.0974,0.2022,0.1012,-1.877,3.334
12010,0.3864,0.4838,0.6132,0.5731,0.1294,0.0815,0.2826,0.1963,3.084,6.044
15956,0.1909,0.6867,0.8159,0.6802,0.1292,0.0969,0.1769,0.1244,0.693,4.459
474,0.2607,0.5504,0.6796,0.5995,0.1292,0.0636,0.1673,0.1317,0.832,4.179
12432,0.4079,0.6279,0.7571,0.7209,0.1292,0.1078,0.2498,0.2068,-3.188,5.787
9011,0.2558,0.5452,0.6744,0.6214,0.1292,0.0082,0.1243,0.1111,1.654,3.307
772,0.1615,0.5484,0.6774,0.5652,0.1290,0.0947,0.2856,0.2590,-0.097,6.453
5084,0.2611,0.5394,0.6684,0.5613,0.1290,0.0998,0.2115,0.1706,2.017,4.794
23317,0.5986,0.6529,0.7819,0.7213,0.1290,0.0093,0.1459,0.1224,-0.254,3.990
15640,0.2920,0.5613,0.6903,0.5381,0.1290,0.1083,0.3568,0.1360,-5.271,5.130
14620,0.1594,0.5277,0.6568,0.4839,0.1290,0.0444,0.3708,0.3126,-0.961,7.837
20923,0.4124,0.5142,0.6430,0.5773,0.1289,0.0313,0.2366,0.1516,3.137,5.663
18346,0.4494,0.6044,0.7332,0.6482,0.1289,0.0937,0.1685,0.0797,3.402,3.004
13508,0.3584,0.5322,0.6611,0.5657,0.1289,0.0450,0.1308,0.1102,3.307,3.244
5562,0.5732,0.5966,0.7255,0.6585,0.1289,0.0287,0.2645,0.1822,2.447,6.389
12216,0.3329,0.6036,0.7323,0.5740,0.1287,0.1432,0.2085,0.1399,2.525,4.860
4450,0.1030,0.4505,0.5792,0.4543,0.1287,-0.0046,0.2127,0.1942,0.880,4.380
18949,0.2637,0.6157,0.7442,0.6632,0.1285,0.0334,0.1554,0.1256,1.488,3.688
15066,0.4413,0.6632,0.7917,0.7356,0.1285,0.0873,0.1910,0.1616,0.084,4.652
7892,0.4505,0.6521,0.7805,0.6521,0.1284,0.0196,0.2246,0.1681,2.970,5.234
1090,0.1662,0.5712,0.6996,0.5892,0.1284,0.0810,0.2911,0.2301,-1.092,5.931
549,-0.1873,0.5546,0.6829,0.5635,0.1284,0.1922,0.2914,0.1960,-0.747,5.292
9602,0.2635,0.5363,0.6645,0.5699,0.1282,0.0234,0.2642,0.1963,3.615,5.588
5923,0.4440,0.5582,0.6863,0.6523,0.1281,0.1212,0.0946,0.0913,1.858,2.420
3498,0.2806,0.5239,0.6520,0.5770,0.1281,-0.0000,0.2288,0.1090,4.755,3.289
9208,0.4941,0.6176,0.7455,0.6873,0.1279,0.0577,0.2055,0.1046,3.058,5.468
17824,0.1925,0.5200,0.6477,0.6219,0.1277,0.0612,0.1426,0.1208,1.905,3.838
13482,0.4266,0.5419,0.6697,0.5897,0.1277,0.0484,0.1864,0.1529,2.230,4.616
7487,0.4061,0.6443,0.7719,0.6379,0.1276,0.1283,0.1677,0.1252,1.822,3.989
16302,0.0192,0.5322,0.6598,0.5193,0.1276,0.0728,0.2218,0.1810,1.498,5.526
3234,0.5679,0.6740,0.8015,0.7796,0.1276,0.0702,0.1813,0.1350,1.528,4.886
21942,0.2948,0.5671,0.6946,0.5870,0.1275,0.0997,0.0719,0.0507,1.758,1.865
7062,0.3263,0.5174,0.6448,0.5315,0.1274,0.0725,0.1642,0.0975,-1.700,2.567
7447,0.3039,0.5212,0.6486,0.5521,0.1274,0.0023,0.2683,0.2408,-0.658,6.527
7301,0.2958,0.5521,0.6795,0.6319,0.1274,0.0623,0.2397,0.1364,-1.982,3.581
18223,0.2544,0.5779,0.7052,0.5922,0.1273,0.0985,0.1406,0.1021,-0.065,3.196
8471,0.5002,0.5443,0.6714,0.6239,0.1271,0.0795,0.1858,0.1563,2.508,5.332
9894,0.3183,0.5417,0.6688,0.6085,0.1271,0.1375,0.2367,0.2016,1.303,5.844
7234,0.0396,0.5946,0.7215,0.7085,0.1269,0.0384,0.2822,0.2326,-0.788,5.756
13019,0.0304,0.5136,0.6404,0.5679,0.1268,0.1130,0.3564,0.1900,-5.262,4.671
3864,0.1210,0.5731,0.6999,0.6404,0.1268,0.0484,0.1514,0.1243,-0.892,4.532
3659,-0.1398,0.4929,0.6197,0.5188,0.1268,0.1821,0.3467,0.2950,-1.004,7.021
15601,0.0539,0.4574,0.5840,0.4755,0.1266,0.0604,0.2111,0.1935,1.345,5.207
5126,0.0463,0.5398,0.6662,0.5893,0.1265,0.0462,0.3020,0.2044,3.686,6.373
20247,0.3368,0.4824,0.6089,0.5671,0.1265,0.0281,0.2500,0.1727,3.924,5.017
7208,0.1660,0.5161,0.6426,0.5613,0.1265,0.0658,0.2772,0.2263,-2.618,5.671
3446,0.3022,0.7058,0.8323,0.5652,0.1265,0.1727,0.1728,0.0565,3.690,2.183
14857,0.3944,0.5309,0.6573,0.6411,0.1263,0.0157,0.3032,0.0448,6.771,2.041
17746,0.3728,0.6068,0.7331,0.6836,0.1263,0.0900,0.3331,0.2750,0.874,7.250
5142,0.3055,0.5335,0.6598,0.5541,0.1263,0.0486,0.1644,0.1440,1.006,4.671
20784,0.3367,0.5374,0.6637,0.5619,0.1263,0.0609,0.2458,0.2156,0.512,6.447
15796,0.0345,0.5425,0.6688,0.5606,0.1263,0.0508,0.1879,0.1380,-0.014,3.458
15656,0.0452,0.5676,0.6937,0.5495,0.1261,0.1325,0.1192,0.1089,0.737,4.787
24364,0.3935,0.6049,0.7310,0.6538,0.1261,-0.0092,0.1725,0.1385,1.921,5.569
20795,0.1330,0.5238,0.6499,0.5495,0.1261,0.0542,0.1457,0.1238,0.781,3.345
4509,0.1672,0.5026,0.6286,0.5247,0.1260,-0.0232,0.0909,0.0986,2.211,2.597
19927,0.1762,0.5835,0.7095,0.6221,0.1260,0.0726,0.2092,0.1435,-3.044,4.080
3830,0.0214,0.5219,0.6478,0.5913,0.1260,0.0381,0.2573,0.2055,-2.178,4.896
11302,0.2325,0.6018,0.7276,0.5512,0.1258,0.1139,0.1174,0.0711,3.105,1.985
23407,0.1770,0.4340,0.5595,0.5137,0.1255,0.0394,0.2552,0.1809,2.969,4.823
24443,0.0165,0.4981,0.6235,0.5899,0.1255,0.0841,0.3004,0.2641,0.550,5.057
15810,0.2798,0.6016,0.7270,0.6649,0.1255,0.0278,0.2860,0.1472,5.280,4.367
18971,0.2515,0.5744,0.6999,0.6869,0.1255,0.0962,0.2484,0.2018,-1.047,5.617
13014,0.3348,0.5537,0.6792,0.5873,0.1255,0.0232,0.1589,0.1162,2.337,3.766
15084,0.1935,0.6142,0.7394,0.4568,0.1252,0.0488,0.2666,0.1092,5.944,3.630
6530,0.2804,0.6026,0.7277,0.6413,0.1252,0.0672,0.1285,0.1031,1.920,3.014
14663,0.5219,0.5884,0.7135,0.6490,0.1252,0.0417,0.1686,0.0886,3.690,3.330
555,0.3413,0.6237,0.7487,0.6959,0.1250,0.0429,0.2872,0.2094,-2.562,5.333
746,0.3648,0.5619,0.6869,0.5825,0.1250,0.0080,0.2271,0.1918,-0.008,5.223
18999,0.2418,0.4691,0.5941,0.5193,0.1250,-0.0150,0.1909,0.1334,3.860,4.553
16244,0.0316,0.5920,0.7169,0.5920,0.1248,0.1128,0.1777,0.1539,0.371,4.366
8007,0.0489,0.5264,0.6512,0.5701,0.1248,0.1267,0.2736,0.2271,-1.555,5.391
18234,0.1049,0.5019,0.6268,0.5174,0.1248,-0.0115,0.2817,0.2436,0.526,6.039
8216,0.1552,0.5293,0.6541,0.5384,0.1248,0.0603,0.3508,0.2620,3.029,6.906
15216,0.3577,0.5051,0.6298,0.6298,0.1247,0.0185,0.2133,0.1455,2.735,5.330
5102,0.2530,0.5668,0.6915,0.5964,0.1247,0.0680,0.1772,0.1607,1.675,4.577
20606,0.5034,0.6260,0.7506,0.7224,0.1247,0.0593,0.2990,0.2457,-1.815,6.915
14487,-0.1411,0.3911,0.5157,0.3622,0.1247,-0.0047,0.3109,0.2822,1.276,6.071
3508,0.2495,0.5888,0.7134,0.6783,0.1245,0.1245,0.2477,0.1991,0.526,5.433
15883,0.0822,0.4955,0.6197,0.5162,0.1242,0.0197,0.1824,0.1539,-0.876,3.748
9709,0.2209,0.5446,0.6688,0.5239,0.1242,-0.0221,0.0804,0.0830,1.018,1.843
24616,0.2091,0.4416,0.5657,0.3896,0.1241,0.0596,0.3359,0.1144,6.268,5.003
11554,0.3081,0.5607,0.6848,0.5814,0.1240,0.0346,0.2159,0.1818,2.467,4.346
14491,0.3550,0.5581,0.6822,0.6240,0.1240,0.0415,0.1724,0.1426,3.301,3.302
6292,0.3234,0.6201,0.7441,0.6003,0.1240,0.1496,0.2663,0.1316,3.959,4.772
6514,0.4883,0.5419,0.6658,0.6194,0.1239,0.0772,0.1672,0.1414,1.352,4.609
18869,0.3649,0.6108,0.7345,0.6057,0.1237,0.0391,0.1865,0.1479,2.083,4.947
10212,0.5189,0.5683,0.6920,0.5941,0.1237,-0.0012,0.2458,0.1906,2.335,5.604
1427,0.3769,0.5863,0.7101,0.5387,0.1237,0.0657,0.1715,0.1062,-1.472,4.040
5866,0.4244,0.5245,0.6482,0.5464,0.1237,0.0659,0.1907,0.0917,3.438,3.565
3589,0.2423,0.5284,0.6521,0.5580,0.1237,-0.0127,0.1800,0.0961,-1.867,2.638
24715,0.3029,0.4401,0.5638,0.5039,0.1237,0.0648,0.2795,0.0932,5.778,3.588
7748,0.4467,0.5697,0.6934,0.6461,0.1237,0.0919,0.2398,0.1713,2.803,5.430
20819,0.2590,0.4646,0.5882,0.5109,0.1236,0.0473,0.1574,0.1450,0.734,4.418
19103,0.5413,0.6306,0.7542,0.7143,0.1236,0.0568,0.2310,0.1790,-1.342,5.799
22415,-0.0533,0.4987,0.6221,0.6195,0.1234,0.1517,0.1532,0.1261,1.836,3.664
2844,0.2166,0.5553,0.6787,0.5553,0.1234,0.0611,0.2365,0.1878,1.906,4.477
9545,0.0450,0.4104,0.5338,0.4935,0.1234,0.1632,0.2809,0.1903,-3.241,4.034
15013,0.1993,0.5324,0.6554,0.5194,0.1231,0.0849,0.2773,0.2355,4.036,5.308
13322,0.3890,0.5707,0.6937,0.6047,0.1230,0.1030,0.1387,0.1005,1.998,4.553
6444,0.3055,0.5239,0.6468,0.6248,0.1229,0.0731,0.2899,0.1961,-2.924,5.000
378,0.4895,0.5504,0.6731,0.5633,0.1227,0.0370,0.1484,0.1327,0.556,4.104
338,0.2280,0.5814,0.7041,0.6305,0.1227,0.0647,0.2894,0.2009,-2.666,5.723
12694,0.5008,0.6023,0.7249,0.6988,0.1226,0.0186,0.2541,0.0636,5.621,3.136
6829,0.3774,0.5359,0.6584,0.6271,0.1226,0.0843,0.2825,0.0708,5.752,2.545
22043,0.4212,0.6152,0.7375,0.6293,0.1223,0.0552,0.2118,0.1693,0.215,4.816
10143,0.1118,0.7038,0.8260,0.4977,0.1221,0.1200,0.3656,0.0919,8.534,0.568
7622,0.3883,0.5237,0.6457,0.6008,0.1220,0.0553,0.1738,0.0852,4.181,3.092
7351,0.0981,0.5327,0.6547,0.6252,0.1220,0.0695,0.2713,0.2059,-1.249,5.790
16194,0.1994,0.6547,0.7766,0.6714,0.1220,0.0838,0.2985,0.1634,-3.807,4.439
4272,-0.0275,0.5841,0.7060,0.6521,0.1220,0.1840,0.2305,0.1625,-1.214,4.391
8496,0.5472,0.5828,0.7047,0.6431,0.1220,0.0337,0.1720,0.1457,0.274,4.561
23499,-0.0231,0.3463,0.4682,0.3671,0.1219,0.1721,0.1569,0.1332,0.492,4.587
23611,0.1822,0.5705,0.6923,0.5833,0.1218,0.1218,0.2571,0.2082,0.025,5.292
20319,0.3062,0.4955,0.6171,0.5783,0.1216,0.0803,0.2392,0.1716,3.749,5.114
20833,0.0781,0.5897,0.7110,0.6323,0.1213,0.0510,0.2982,0.1889,-2.126,4.538
11782,0.4183,0.4839,0.6052,0.6013,0.1213,0.0339,0.2345,0.1481,4.572,3.886
9585,0.1008,0.4755,0.5966,0.4704,0.1211,0.0138,0.2187,0.1946,1.487,5.369
20858,0.1083,0.4968,0.6178,0.6062,0.1210,0.1256,0.3021,0.1138,-4.749,3.172
16422,-0.1728,0.4093,0.5302,0.4955,0.1210,0.0725,0.1742,0.1466,0.937,4.558
21053,0.2361,0.5663,0.6873,0.5560,0.1210,0.0524,0.3670,0.1495,-5.101,3.970
22542,0.2733,0.4442,0.5650,0.4573,0.1209,0.1077,0.2346,0.0508,5.121,3.303
18654,0.4895,0.6247,0.7455,0.5771,0.1208,0.0579,0.2306,0.2009,0.655,6.122
19728,0.4962,0.5206,0.6414,0.5810,0.1208,0.0346,0.2123,0.2055,-0.688,6.123
11871,0.2692,0.5951,0.7159,0.6183,0.1208,-0.0266,0.1426,0.1235,0.325,3.227
11528,0.1922,0.5896,0.7104,0.6247,0.1208,0.0773,0.3401,0.3154,-0.179,7.627
18809,0.0939,0.5486,0.6693,0.5879,0.1207,0.0653,0.2903,0.2313,2.904,5.987
16341,0.2444,0.5051,0.6256,0.5192,0.1205,0.0565,0.1998,0.1835,1.380,4.982
17105,0.1816,0.4671,0.5871,0.4843,0.1200,0.0816,0.3252,0.1013,6.807,3.999
22882,0.2576,0.5116,0.6314,0.5528,0.1198,0.0693,0.2510,0.2022,2.654,5.960
9755,-0.0719,0.4059,0.5258,0.4536,0.1198,0.0696,0.1398,0.1055,0.780,2.568
18040,0.0517,0.5417,0.6615,0.6680,0.1198,0.1728,0.2819,0.2098,-0.263,4.674
7075,0.1245,0.6133,0.7331,0.6406,0.1198,0.1508,0.3743,0.2058,-3.579,5.945
18996,0.2051,0.5727,0.6924,0.5573,0.1197,0.0518,0.2344,0.1418,-2.350,4.338
8372,0.0379,0.5393,0.6589,0.5985,0.1197,0.2471,0.2789,0.2277,2.541,5.939
22046,0.4367,0.5427,0.6623,0.6202,0.1196,0.0270,0.2347,0.2195,0.166,6.282
21724,0.2535,0.5558,0.6753,0.6338,0.1195,0.1180,0.3327,0.2455,-4.578,5.487
1306,0.1870,0.6141,0.7333,0.6013,0.1192,0.0428,0.1274,0.1055,1.121,3.503
16755,0.3785,0.6023,0.7215,0.6503,0.1192,0.0450,0.0852,0.0821,0.130,3.334
4606,0.4596,0.6331,0.7519,0.6641,0.1189,0.0242,0.2637,0.2161,-1.403,6.102
12128,0.2084,0.4839,0.6026,0.5394,0.1187,0.0509,0.2276,0.1589,3.462,4.382
1897,0.1470,0.6186,0.7371,0.6959,0.1186,0.0865,0.2931,0.2443,-1.320,5.882
16515,0.3068,0.5992,0.7178,0.6108,0.1186,0.0221,0.1401,0.1249,0.666,4.312
1598,0.2909,0.6521,0.7706,0.6508,0.1186,0.0958,0.1664,0.0988,2.923,3.938
19986,0.2890,0.5077,0.6263,0.5477,0.1186,0.0604,0.0928,0.0734,2.219,2.469
19968,0.3411,0.6469,0.7655,0.6456,0.1186,0.0442,0.3142,0.2500,-4.579,5.525
4731,0.3048,0.5193,0.6379,0.5103,0.1186,0.0429,0.0984,0.0838,1.443,2.891
17336,-0.0524,0.5058,0.6242,0.5418,0.1184,0.0890,0.1456,0.1306,2.450,3.401
978,0.2263,0.4517,0.5701,0.5495,0.1184,0.0255,0.2301,0.1009,4.736,2.440
6641,0.1558,0.5856,0.7040,0.5997,0.1184,0.1109,0.2834,0.2043,-3.088,5.467
13529,0.3438,0.6152,0.7336,0.6319,0.1184,0.0520,0.1447,0.1157,0.174,4.074
20856,0.3038,0.4974,0.6157,0.5360,0.1183,0.0881,0.2270,0.1542,4.019,4.722
9613,0.3443,0.5299,0.6481,0.5246,0.1182,0.0083,0.3143,0.2696,-0.751,6.384
4410,0.3063,0.4974,0.6155,0.6811,0.1181,0.1085,0.2834,0.1236,6.470,3.316
18568,0.0507,0.4910,0.6090,0.5154,0.1179,0.0403,0.2408,0.2163,1.133,5.884
205,0.2913,0.5095,0.6274,0.5109,0.1179,0.0151,0.2284,0.2134,0.165,6.138
9597,0.3549,0.5725,0.6904,0.6166,0.1179,0.0428,0.1727,0.0854,3.983,2.425
21092,0.3401,0.5692,0.6869,0.6080,0.1177,-0.0000,0.1034,0.1094,2.275,2.744
10322,0.2301,0.6413,0.7587,0.6348,0.1174,0.0473,0.2680,0.2227,0.987,6.167
20004,0.4187,0.5987,0.7161,0.7368,0.1174,0.0832,0.2263,0.1290,3.373,5.211
9832,0.2888,0.4748,0.5923,0.6116,0.1174,0.0474,0.1977,0.1013,4.314,2.953
24578,0.2607,0.5180,0.6353,0.6044,0.1173,0.0912,0.2379,0.1305,3.965,4.342
21651,0.2475,0.5444,0.6615,0.6229,0.1171,0.0302,0.1231,0.1018,2.669,3.133
14459,0.2148,0.4942,0.6113,0.5174,0.1171,0.0776,0.3093,0.2779,2.174,6.646
6264,0.1383,0.5212,0.6384,0.6422,0.1171,0.0671,0.1874,0.1547,-0.357,4.055
22581,-0.0347,0.4967,0.6138,0.5631,0.1170,0.0444,0.3985,0.2921,-3.413,7.538
9143,0.1340,0.5527,0.6697,0.5124,0.1170,0.1298,0.1914,0.1736,1.068,4.456
20266,0.2366,0.5694,0.6864,0.6285,0.1170,0.0484,0.1956,0.1501,-1.116,4.655
16832,0.0155,0.5013,0.6183,0.5270,0.1170,0.0797,0.2725,0.1552,-2.917,3.663
2431,0.4236,0.6144,0.7314,0.6388,0.1170,0.0000,0.2211,0.1445,-1.733,4.586
11050,0.3948,0.6234,0.7404,0.6195,0.1170,0.0496,0.0866,0.0701,2.115,3.325
17946,0.1234,0.5918,0.7086,0.6329,0.1168,0.0971,0.1385,0.1045,1.855,3.220
22929,0.2120,0.5079,0.6247,0.5433,0.1168,0.1366,0.3034,0.2523,3.592,6.828
18356,0.0253,0.4877,0.6041,0.5006,0.1164,-0.0768,0.2221,0.2013,-1.769,5.014
7266,0.2133,0.5653,0.6818,0.5847,0.1164,0.0995,0.2188,0.1113,3.103,4.381
21861,0.4038,0.5388,0.6550,0.5711,0.1163,0.0485,0.1935,0.1166,3.469,3.319
15493,0.0432,0.4755,0.5917,0.5633,0.1163,0.1019,0.3310,0.2104,-2.719,6.471
6449,0.4815,0.5556,0.6718,0.6292,0.1163,-0.0058,0.2228,0.0688,4.116,3.517
11476,0.4018,0.5904,0.7067,0.6370,0.1163,0.0300,0.2064,0.1403,3.975,3.964
19271,0.0513,0.4677,0.5840,0.5181,0.1163,0.0555,0.2594,0.2402,0.958,4.533
6532,0.2473,0.4961,0.6124,0.5491,0.1163,0.0254,0.2485,0.2037,-1.767,5.629
10113,0.2454,0.4346,0.5509,0.4663,0.1162,0.0598,0.3235,0.0503,7.034,3.371
73,0.0735,0.6568,0.7729,0.7200,0.1161,0.1316,0.2676,0.0819,-3.661,3.154
12626,0.0790,0.5742,0.6903,0.6168,0.1161,0.1187,0.2008,0.1393,-0.993,4.965
24235,0.0306,0.5600,0.6761,0.6581,0.1161,0.1362,0.3107,0.2121,-1.363,5.553
16112,0.2341,0.4271,0.5432,0.4910,0.1161,0.0439,0.1499,0.1336,1.615,3.311
7125,-0.0832,0.5020,0.6180,0.5072,0.1160,0.0396,0.4158,0.3866,-0.395,7.890
9506,0.2165,0.5709,0.6869,0.6082,0.1160,0.0184,0.2936,0.2105,-2.762,5.209
4973,0.0836,0.5541,0.6701,0.6250,0.1160,0.1402,0.0966,0.0856,2.055,2.308
11076,0.3429,0.5182,0.6341,0.5326,0.1159,0.0464,0.1223,0.0942,2.461,3.072
24601,0.1085,0.5130,0.6289,0.6224,0.1159,0.1206,0.3855,0.3264,-2.802,8.006
17268,0.1746,0.4955,0.6113,0.5920,0.1158,0.0288,0.2116,0.1921,2.136,4.918
10067,0.0294,0.5045,0.6203,0.6049,0.1158,0.0657,0.1761,0.1461,2.738,4.970
17465,0.4167,0.5508,0.6667,0.6088,0.1158,0.0635,0.1737,0.1517,2.753,4.977
2277,0.2917,0.6003,0.7159,0.6028,0.1157,0.1192,0.1471,0.1075,0.178,4.281
7384,0.1556,0.5797,0.6954,0.6799,0.1157,0.0565,0.1889,0.1546,2.449,5.100
16559,0.1176,0.5476,0.6632,0.6337,0.1157,0.0808,0.2867,0.1504,-3.098,4.268
18409,0.4543,0.5861,0.7018,0.6581,0.1157,0.0287,0.2221,0.1775,2.247,5.936
12548,0.4333,0.5835,0.6992,0.6067,0.1157,0.0453,0.2082,0.1878,0.936,6.343
14358,0.3135,0.5237,0.6393,0.5353,0.1155,0.0310,0.2128,0.1936,0.364,5.094
423,0.5562,0.6147,0.7300,0.6906,0.1153,0.0444,0.1215,0.0795,1.719,4.527
7557,0.5230,0.4728,0.5881,0.5816,0.1153,0.0429,0.2870,0.1073,5.632,4.043
4671,0.3278,0.6531,0.7683,0.6034,0.1152,0.2011,0.2746,0.0988,5.045,3.910
4694,0.1443,0.5620,0.6770,0.5375,0.1150,0.0705,0.1409,0.1237,0.335,3.201
18307,0.2883,0.5284,0.6434,0.5749,0.1150,-0.0023,0.2562,0.2449,0.680,6.275
6749,0.2632,0.4509,0.5659,0.5052,0.1150,0.0600,0.1021,0.0807,1.786,2.763
17034,0.4049,0.5853,0.7003,0.6486,0.1150,0.0081,0.1998,0.1706,2.392,4.947
4673,0.2873,0.6026,0.7174,0.6323,0.1148,0.0577,0.1113,0.0861,0.890,3.142
11590,0.5450,0.6379,0.7526,0.6727,0.1147,0.0174,0.1004,0.0819,2.052,3.433
20845,0.4139,0.6134,0.7281,0.6198,0.1147,0.1068,0.2141,0.0664,5.152,1.894
15679,-0.1018,0.4968,0.6113,0.5521,0.1145,0.1212,0.2665,0.1877,-2.067,4.743
15975,0.2646,0.5817,0.6963,0.6216,0.1145,0.1246,0.1961,0.1384,-2.909,4.905
18954,0.4328,0.5643,0.6787,0.6401,0.1144,0.1039,0.1177,0.0964,0.016,3.595
11062,0.1500,0.5091,0.6234,0.5351,0.1143,0.0543,0.2800,0.1785,3.732,4.839
15612,0.1629,0.5597,0.6739,0.6162,0.1142,0.0992,0.1709,0.1445,1.347,3.419
9500,0.4508,0.6239,0.7379,0.6409,0.1140,0.1410,0.2737,0.1082,5.670,3.002
22897,0.5371,0.5627,0.6766,0.6119,0.1138,0.0914,0.2284,0.0975,4.210,3.878
24640,0.0101,0.5904,0.7041,0.7080,0.1137,0.2039,0.1351,0.0907,0.423,2.692
13174,0.0995,0.5174,0.6310,0.6206,0.1135,0.1002,0.1353,0.1118,0.951,2.991
10100,0.3502,0.5116,0.6250,0.5387,0.1134,-0.0394,0.2159,0.1854,4.346,5.244
5255,0.1036,0.4691,0.5825,0.6147,0.1134,0.0138,0.2369,0.2132,0.750,5.395
24157,0.1372,0.4394,0.5528,0.4613,0.1134,0.0373,0.1881,0.1466,-0.706,4.415
19183,0.0821,0.5322,0.6456,0.5889,0.1134,0.1087,0.1418,0.1022,2.837,3.874
20201,0.2692,0.5284,0.6418,0.5116,0.1134,-0.0104,0.1566,0.1415,3.376,3.038
1021,0.2129,0.5348,0.6482,0.6018,0.1134,0.1492,0.2533,0.1458,4.001,5.965
4637,0.2666,0.5966,0.7101,0.6302,0.1134,0.0404,0.2343,0.2066,-0.899,6.104
13168,0.0626,0.5747,0.6881,0.5709,0.1134,0.0162,0.2535,0.2028,-1.088,4.404
4842,0.2251,0.5528,0.6662,0.6289,0.1134,0.0150,0.1396,0.1152,0.745,3.765
23496,0.2724,0.6680,0.7812,0.6396,0.1133,0.1659,0.1744,0.1277,1.451,4.862
24,0.5331,0.5972,0.7104,0.5843,0.1133,0.0426,0.1739,0.1577,0.658,5.462
11414,0.3835,0.5727,0.6860,0.6770,0.1133,0.1005,0.0947,0.0976,2.039,3.880
15306,0.1080,0.5823,0.6954,0.6787,0.1131,0.1404,0.1986,0.1883,2.049,4.804
3993,0.1478,0.4519,0.5649,0.4078,0.1130,0.0871,0.0976,0.0594,1.122,2.770
17997,0.4868,0.6303,0.7433,0.6573,0.1130,0.0623,0.1741,0.1237,2.255,4.762
19763,0.3162,0.5103,0.6231,0.5859,0.1128,0.0335,0.2155,0.1818,2.588,4.518
8218,0.2367,0.5385,0.6513,0.6487,0.1128,0.0196,0.2298,0.2071,-0.237,5.693
13728,0.3764,0.6474,0.7603,0.6705,0.1128,0.0439,0.2074,0.1690,0.911,5.611
17937,0.4146,0.5537,0.6662,0.5408,0.1125,0.0589,0.1450,0.0920,2.561,3.207
16389,0.2426,0.5925,0.7050,0.6378,0.1125,0.0336,0.2503,0.2047,-0.996,5.185
18469,0.0602,0.4354,0.5478,0.4522,0.1124,0.0185,0.2324,0.2162,2.516,5.692
6624,0.1196,0.5707,0.6830,0.5892,0.1123,0.0451,0.3203,0.1958,5.972,5.837
6982,0.2538,0.6327,0.7448,0.7603,0.1121,0.0601,0.3072,0.1898,-3.811,5.238
20204,0.2028,0.5039,0.6160,0.5335,0.1121,0.0207,0.1953,0.1466,2.848,3.905
8822,0.1390,0.5807,0.6927,0.6289,0.1120,0.1203,0.3863,0.2669,-3.858,7.328
2884,0.2996,0.5959,0.7079,0.7400,0.1120,0.1270,0.2742,0.2367,-1.210,6.309
6891,0.3626,0.6602,0.7722,0.7053,0.1120,0.0867,0.1678,0.1223,-0.443,3.603
19130,0.1866,0.5470,0.6589,0.5869,0.1120,0.0300,0.1671,0.1515,-0.259,3.687
19161,0.2219,0.5817,0.6937,0.6100,0.1120,0.1085,0.1117,0.1012,1.391,3.377
23490,0.0165,0.5779,0.6898,0.6808,0.1120,0.1615,0.2116,0.1214,-1.948,3.548
277,0.3789,0.6409,0.7529,0.6988,0.1120,0.0775,0.2035,0.1446,-0.895,4.001
7190,0.2785,0.5761,0.6879,0.5462,0.1118,0.0971,0.1330,0.1195,-1.145,4.014
4056,0.5518,0.5501,0.6619,0.6450,0.1118,-0.0023,0.2480,0.0974,5.961,3.844
17789,0.2583,0.5861,0.6979,0.6093,0.1118,0.0426,0.1811,0.1432,-0.822,4.569
21579,0.2486,0.3833,0.4950,0.4950,0.1117,0.0025,0.3552,0.1045,7.516,3.857
22776,0.3833,0.5761,0.6877,0.5932,0.1115,0.0423,0.1828,0.1469,-0.249,5.922
6482,0.5753,0.5840,0.6955,0.6535,0.1115,0.0470,0.3001,0.0919,5.866,4.116
6508,0.4244,0.6563,0.7678,0.6628,0.1115,0.0473,0.1108,0.0744,2.057,3.368
467,0.6077,0.6654,0.7769,0.7359,0.1115,0.0241,0.1091,0.0825,0.776,4.323
1630,0.1035,0.4679,0.5793,0.5858,0.1114,0.0487,0.2708,0.1235,4.461,4.507
240,-0.0129,0.5054,0.6166,0.5523,0.1113,0.0530,0.3603,0.3139,2.127,7.027
21718,0.6399,0.7141,0.8254,0.7853,0.1113,0.0104,0.1184,0.0753,0.510,3.569
21824,0.3869,0.6572,0.7684,0.6843,0.1113,0.0959,0.1341,0.1160,-0.264,4.125
16704,0.1634,0.5964,0.7076,0.7206,0.1113,0.0987,0.1282,0.1045,-0.767,3.082
12767,0.0476,0.4023,0.5136,0.4036,0.1113,-0.0279,0.1019,0.1007,0.843,1.235
5699,0.5383,0.5770,0.6882,0.6481,0.1113,0.0484,0.2425,0.0594,4.690,3.462
18632,0.2817,0.5871,0.6981,0.6542,0.1110,0.0950,0.1304,0.1107,1.109,3.715
396,0.2167,0.5116,0.6224,0.5412,0.1108,-0.0323,0.2008,0.1509,2.251,5.272
16411,0.2200,0.5013,0.6121,0.4974,0.1108,0.0682,0.2192,0.1846,2.809,4.414
18891,0.3513,0.5309,0.6418,0.5155,0.1108,0.0548,0.2271,0.2249,2.593,6.229
11247,0.1932,0.4961,0.6070,0.4897,0.1108,0.0529,0.2519,0.1371,4.851,3.681
12138,0.1861,0.5889,0.6997,0.6160,0.1108,-0.0290,0.3045,0.2489,-2.129,5.639
23537,0.6069,0.6937,0.8044,0.7748,0.1107,0.0299,0.1329,0.1136,0.671,5.093
22915,0.4369,0.6409,0.7516,0.6293,0.1107,0.0403,0.2158,0.1821,2.193,5.001
24345,0.4123,0.5560,0.6667,0.5277,0.1107,0.0277,0.1799,0.1044,3.049,3.522
9700,-0.1271,0.4611,0.5718,0.4954,0.1107,0.0347,0.2622,0.2510,-0.588,5.201
14217,0.3396,0.6080,0.7185,0.5656,0.1105,0.0878,0.1473,0.0944,-0.886,2.866
15764,0.1469,0.6401,0.7506,0.6658,0.1105,0.0335,0.2316,0.1434,-2.706,4.614
20073,-0.1488,0.4936,0.6041,0.5720,0.1105,0.1283,0.1946,0.1782,0.472,4.841
3504,0.3430,0.5951,0.7057,0.5758,0.1105,0.0661,0.1791,0.1410,3.194,3.734
16011,0.4396,0.6568,0.7674,0.6774,0.1105,0.0127,0.1838,0.1485,-0.309,4.339
7388,-0.0851,0.5109,0.6213,0.5725,0.1104,0.1392,0.2147,0.1905,-1.475,4.902
8004,0.4174,0.6122,0.7224,0.7134,0.1102,0.0477,0.2755,0.1978,3.153,5.982
20058,0.3308,0.6809,0.7912,0.7069,0.1102,-0.0082,0.1207,0.0815,-0.434,2.570
2676,0.4515,0.6440,0.7540,0.7091,0.1100,0.0498,0.1304,0.1090,2.126,4.275
18668,0.2254,0.5666,0.6766,0.6028,0.1100,0.0806,0.1787,0.1571,2.055,4.148
11131,0.3978,0.5964,0.7063,0.6559,0.1100,0.0589,0.2174,0.1858,0.766,4.784
5325,0.5039,0.6667,0.7765,0.7468,0.1098,0.0346,0.2676,0.2006,2.006,6.530
9117,0.4061,0.5039,0.6137,0.5207,0.1098,0.0288,0.2066,0.1689,-1.993,5.857
12916,0.3053,0.5917,0.7016,0.6111,0.1098,0.0589,0.1447,0.0943,2.745,2.927
2152,0.2882,0.5613,0.6710,0.5768,0.1097,0.0520,0.0891,0.0697,1.985,2.664
16331,0.1631,0.5871,0.6968,0.6323,0.1097,0.1628,0.2082,0.1718,1.926,5.461
3634,0.1557,0.5613,0.6710,0.5316,0.1097,0.0545,0.1091,0.0887,-0.197,2.595
10012,0.2627,0.5316,0.6413,0.5548,0.1097,-0.0000,0.1143,0.1123,1.529,2.415
19266,0.5097,0.6143,0.7239,0.6764,0.1096,0.0282,0.2886,0.2015,3.503,6.212
4137,0.1542,0.5670,0.6765,0.6611,0.1095,0.1025,0.1569,0.1435,1.049,3.815
20388,0.4182,0.6044,0.7139,0.6186,0.1095,0.0233,0.2720,0.2306,0.018,6.052
4935,0.4247,0.6327,0.7423,0.6701,0.1095,0.0277,0.1583,0.1323,2.533,3.749
3083,0.1380,0.4858,0.5954,0.4137,0.1095,-0.0161,0.1853,0.1636,-1.412,3.666
8900,0.3651,0.6100,0.7194,0.6680,0.1094,0.0739,0.0920,0.0778,-0.014,3.276
18207,0.3326,0.6010,0.7104,0.6345,0.1094,-0.0092,0.2859,0.2474,1.669,6.852
16149,0.2089,0.5689,0.6782,0.5792,0.1094,-0.0035,0.1486,0.1426,1.586,4.614
8477,0.3504,0.5444,0.6538,0.5405,0.1094,0.0220,0.1826,0.1534,2.101,4.593
23364,0.2827,0.5600,0.6693,0.5933,0.1093,0.0372,0.4594,0.2716,-5.088,7.251
24627,0.0005,0.5771,0.6864,0.5514,0.1093,0.1059,0.1899,0.1584,2.001,3.743
14495,-0.0090,0.4229,0.5321,0.4717,0.1093,0.0311,0.2514,0.2163,-0.899,4.090
23466,0.1785,0.4737,0.5828,0.4827,0.1091,-0.0185,0.1824,0.1618,1.366,3.525
22513,0.1043,0.5199,0.6290,0.5751,0.1091,0.0541,0.1921,0.1656,-1.087,4.483
21259,0.4601,0.6418,0.7510,0.6688,0.1091,0.1029,0.1382,0.1058,1.026,3.850
10456,0.2193,0.5182,0.6273,0.5039,0.1091,0.0510,0.2823,0.2214,-2.306,5.467
23955,0.0864,0.5442,0.6532,0.5675,0.1091,0.0070,0.2547,0.2297,0.912,5.452
3204,0.3592,0.6610,0.7701,0.7013,0.1091,0.1579,0.2234,0.1192,-4.394,4.683
7505,0.1468,0.5526,0.6615,0.6077,0.1090,0.0138,0.2739,0.2426,-1.177,6.353
12585,0.2512,0.4721,0.5811,0.4760,0.1089,0.0549,0.1342,0.0777,-1.217,2.121
17175,0.2938,0.6218,0.7306,0.6049,0.1088,0.0925,0.1558,0.1239,1.010,3.904
2426,0.0999,0.4883,0.5972,0.6101,0.1088,0.1251,0.2656,0.1994,-2.254,5.275
20317,0.4402,0.6269,0.7358,0.6788,0.1088,0.0243,0.1273,0.1140,1.849,3.569
15395,0.1590,0.5635,0.6723,0.6334,0.1088,0.1192,0.3277,0.3008,2.427,6.418
1891,0.3940,0.5648,0.6736,0.6153,0.1088,-0.0058,0.3209,0.2012,-3.934,5.270
7859,0.4512,0.6697,0.7785,0.7565,0.1088,0.0392,0.1994,0.1418,1.984,4.792
24094,-0.0744,0.4741,0.5829,0.4611,0.1088,-0.0198,0.2842,0.1728,5.755,4.540
5375,0.1818,0.5793,0.6881,0.5885,0.1088,0.0175,0.3449,0.2579,-2.127,6.557
15891,0.1460,0.5679,0.6766,0.6378,0.1087,0.0983,0.2447,0.1952,1.957,5.662
6615,0.6866,0.6895,0.7982,0.6973,0.1087,-0.0059,0.0613,0.0475,1.723,2.098
2401,0.4046,0.6283,0.7369,0.6165,0.1086,0.0105,0.1409,0.0985,2.089,3.570
3163,0.4075,0.6654,0.7739,0.6510,0.1085,0.1177,0.1623,0.0900,2.319,3.658
22885,0.1920,0.5355,0.6439,0.6361,0.1084,0.0233,0.3142,0.2198,-3.826,4.649
21760,0.1655,0.6361,0.7445,0.6284,0.1084,-0.0526,0.2112,0.1929,0.456,4.989
7083,-0.0073,0.5703,0.6787,0.6452,0.1084,0.1822,0.1901,0.1665,0.834,4.544
21014,0.4942,0.6413,0.7497,0.6490,0.1084,0.0647,0.1370,0.0910,1.937,3.851
22800,0.1953,0.5722,0.6804,0.5451,0.1082,0.0715,0.2424,0.2088,-0.257,4.922
5149,0.2692,0.6276,0.7358,0.6869,0.1082,0.0565,0.1849,0.1615,-0.667,4.705
23280,-0.2672,0.4994,0.6075,0.5302,0.1081,0.0961,0.3431,0.2767,-1.059,6.718
10931,0.4600,0.6229,0.7310,0.6268,0.1081,0.0230,0.2056,0.1792,0.765,5.670
1123,0.1044,0.6615,0.7696,0.6551,0.1081,0.0983,0.1534,0.1114,1.167,4.070
4385,0.2963,0.5766,0.6847,0.6795,0.1081,0.0473,0.1916,0.1713,1.275,5.578
20954,0.3358,0.5843,0.6924,0.6088,0.1081,0.0114,0.2077,0.1415,3.809,4.473
17661,0.2832,0.6062,0.7143,0.5920,0.1081,0.0925,0.1308,0.1004,1.895,3.003
18884,0.1795,0.5972,0.7053,0.6718,0.1081,0.0726,0.2569,0.2196,0.466,5.908
311,0.3718,0.5091,0.6172,0.5586,0.1081,0.0255,0.1760,0.1481,1.557,4.027
17755,0.2699,0.5476,0.6555,0.5720,0.1080,0.0934,0.1851,0.1494,2.376,4.977
24259,0.2942,0.6260,0.7339,0.6877,0.1080,0.0566,0.3254,0.2266,-3.881,5.967
2067,0.3968,0.5990,0.7069,0.6799,0.1080,0.0843,0.2708,0.1756,-3.718,4.836
9207,0.3946,0.5738,0.6816,0.6508,0.1078,0.0521,0.2075,0.1785,0.225,4.302
10200,0.0614,0.6252,0.7328,0.7289,0.1077,0.1940,0.3055,0.2655,0.072,6.785
17794,0.3936,0.6856,0.7930,0.7348,0.1074,0.0128,0.1287,0.0892,0.025,2.769
20933,0.1130,0.5485,0.6559,0.5886,0.1074,0.0452,0.1481,0.1048,-0.374,2.574
19102,0.2970,0.5653,0.6727,0.5847,0.1074,0.0532,0.0816,0.0512,1.854,2.241
20607,0.4716,0.6150,0.7222,0.5917,0.1072,0.0564,0.1095,0.1036,1.396,3.517
10723,0.3678,0.5432,0.6503,0.6052,0.1071,0.0428,0.1577,0.1443,1.603,4.045
22709,0.1830,0.4000,0.5071,0.4581,0.1071,0.0692,0.2266,0.0927,4.834,2.881
4384,0.3419,0.6070,0.7139,0.6443,0.1070,0.0242,0.2028,0.1717,0.549,4.774
16185,-0.1966,0.4948,0.6018,0.5902,0.1070,0.1047,0.2953,0.1988,-1.287,4.557
23123,0.4938,0.6360,0.7429,0.7199,0.1069,0.0927,0.2634,0.2440,-1.867,6.941
16305,0.0240,0.5431,0.6499,0.5418,0.1068,0.1060,0.1601,0.1515,1.219,4.349
18087,0.2285,0.5817,0.6885,0.6384,0.1068,0.1076,0.2874,0.2153,-2.527,5.759
6657,0.2396,0.5450,0.6517,0.5784,0.1067,0.0932,0.1850,0.1736,1.416,4.753
9967,0.1876,0.5597,0.6662,0.6008,0.1065,0.1312,0.2157,0.1783,2.423,4.790
22080,0.3273,0.5995,0.7060,0.6329,0.1065,-0.0335,0.2669,0.2454,-0.747,5.938
9865,0.4617,0.5325,0.6390,0.5844,0.1065,0.0871,0.1666,0.1011,2.973,3.658
15851,0.2344,0.6148,0.7211,0.5992,0.1064,0.0798,0.1046,0.0900,1.950,3.104
14213,0.3899,0.6010,0.7073,0.5894,0.1062,0.0001,0.1400,0.1289,1.350,3.713
20909,0.3352,0.5796,0.6856,0.6688,0.1061,0.0371,0.2509,0.1542,-3.391,4.529
20044,0.4897,0.6189,0.7248,0.7054,0.1059,0.0381,0.2014,0.1213,2.981,4.235
1066,0.1037,0.5465,0.6525,0.5181,0.1059,0.1328,0.2306,0.1206,3.518,4.760
2168,0.3884,0.6473,0.7532,0.7248,0.1059,0.0415,0.1687,0.1207,1.955,4.111
11530,0.1554,0.5284,0.6344,0.5568,0.1059,0.1434,0.2224,0.1797,1.574,4.863
1621,0.1357,0.4509,0.5568,0.4496,0.1059,-0.0139,0.1740,0.1295,3.218,3.772
10739,0.3067,0.4587,0.5646,0.4638,0.1059,0.0589,0.2015,0.1805,2.588,4.541
17904,0.0539,0.5123,0.6181,0.5045,0.1058,0.0868,0.3351,0.2644,-5.169,5.715
19701,0.2771,0.4013,0.5071,0.4194,0.1058,0.0405,0.1141,0.1037,0.473,4.112
5543,0.2340,0.5419,0.6477,0.5200,0.1058,0.0874,0.1521,0.1354,-0.671,3.911
8941,0.2828,0.6168,0.7226,0.6581,0.1058,0.1147,0.2321,0.2188,-0.462,6.129
11395,0.3976,0.6186,0.7242,0.6456,0.1057,0.0497,0.1633,0.1278,0.160,4.195
13714,0.5483,0.6482,0.7539,0.7255,0.1057,0.0185,0.1664,0.1341,0.186,4.064
4165,0.5186,0.6160,0.7216,0.6559,0.1057,0.0150,0.1158,0.1235,1.934,3.891
18305,0.3747,0.5854,0.6910,0.6714,0.1056,0.1119,0.3112,0.1470,-4.815,4.922
550,0.4394,0.6139,0.7194,0.6203,0.1055,0.0754,0.1009,0.0965,2.510,3.282
20433,0.3682,0.5727,0.6782,0.6036,0.1055,0.0760,0.1610,0.1489,1.237,4.732
23380,0.4317,0.6680,0.7735,0.6384,0.1055,0.0346,0.2073,0.1381,-0.885,5.165
10972,0.3031,0.6100,0.7156,0.6435,0.1055,-0.0057,0.2006,0.1621,2.995,3.826
8730,0.4732,0.5301,0.6356,0.5151,0.1055,0.0492,0.1019,0.0825,0.826,3.413
1480,0.3000,0.4870,0.5924,0.5638,0.1055,-0.0011,0.3435,0.2206,5.372,5.619
3193,0.0422,0.4974,0.6028,0.6298,0.1054,0.0104,0.2314,0.2119,0.717,4.561
24439,0.3305,0.6041,0.7095,0.6388,0.1054,0.0658,0.2449,0.2037,0.951,5.210
8971,0.6065,0.6954,0.8008,0.7147,0.1054,0.0623,0.1366,0.1037,0.379,3.993
6426,0.4648,0.4907,0.5960,0.5480,0.1053,0.0619,0.3444,0.0592,6.318,3.750
7741,0.5624,0.6827,0.7880,0.6814,0.1053,0.1178,0.1185,0.0568,1.692,2.601
17980,0.3526,0.6879,0.7932,0.7022,0.1053,0.1297,0.0799,0.0805,0.282,2.172
22365,0.4493,0.6200,0.7253,0.6816,0.1053,0.0727,0.1955,0.1569,-2.176,5.572
22431,0.3234,0.6829,0.7882,0.6714,0.1053,0.1677,0.2259,0.1218,-3.116,4.917
17644,0.3679,0.5455,0.6506,0.5325,0.1052,-0.0277,0.1514,0.1276,0.831,4.143
19791,0.1915,0.5335,0.6386,0.5637,0.1051,0.0616,0.3671,0.1955,5.172,5.171
14102,0.2610,0.6407,0.7458,0.6420,0.1051,0.1376,0.1617,0.1264,-1.204,4.462
17992,0.3536,0.4741,0.5790,0.4987,0.1049,0.0383,0.1700,0.0794,3.090,3.939
21118,-0.0372,0.5252,0.6300,0.6313,0.1048,0.1028,0.1500,0.1239,0.392,3.563
11541,0.4032,0.5801,0.6848,0.6202,0.1047,-0.0522,0.2543,0.1379,4.695,4.470
13472,0.6044,0.6057,0.7101,0.6405,0.1044,0.0115,0.2011,0.1068,-3.021,4.224
8184,0.3255,0.6031,0.7075,0.5876,0.1044,0.0335,0.1611,0.1411,0.817,4.850
5976,0.4640,0.6572,0.7616,0.7577,0.1044,0.0450,0.1603,0.1212,-1.338,4.288
15252,0.5642,0.6817,0.7861,0.6611,0.1044,0.0127,0.1681,0.1174,-2.647,4.051
8854,0.0837,0.5477,0.6521,0.5941,0.1044,-0.0196,0.1721,0.1531,0.562,3.982
4872,0.2203,0.5463,0.6506,0.5267,0.1043,0.0451,0.1554,0.1089,-0.547,2.371
7452,0.3069,0.6023,0.7066,0.5817,0.1042,0.0440,0.1173,0.0982,0.104,2.858
11066,0.3131,0.5586,0.6628,0.6268,0.1042,0.0599,0.1621,0.1101,3.423,4.655
17355,0.3120,0.4929,0.5972,0.5689,0.1042,0.0139,0.2672,0.1592,4.431,5.247
2502,0.2736,0.6358,0.7400,0.6847,0.1042,0.0846,0.1616,0.1173,-0.629,2.883
14586,0.1713,0.5084,0.6126,0.5483,0.1042,0.0115,0.2090,0.1275,4.937,3.427
20424,0.2032,0.5856,0.6898,0.5843,0.1042,0.0449,0.2411,0.2138,0.368,5.660
10021,0.3403,0.6075,0.7117,0.6538,0.1042,-0.0058,0.1318,0.1035,1.623,3.861
6654,0.4520,0.7104,0.8146,0.6631,0.1042,0.0543,0.2923,0.1444,-2.770,5.538
6617,0.3108,0.6247,0.7288,0.6118,0.1041,0.0751,0.1746,0.1039,3.951,3.187
16057,0.3522,0.6996,0.8037,0.6706,0.1041,0.0662,0.3943,0.2358,-2.915,6.798
6664,0.5491,0.7279,0.8318,0.8010,0.1040,0.0945,0.1704,0.1402,-0.375,4.906
21891,0.5934,0.6701,0.7741,0.7561,0.1040,0.0046,0.2155,0.1484,-1.617,4.821
13401,0.5950,0.6226,0.7266,0.6110,0.1040,0.0058,0.0930,0.0740,0.962,3.169
17209,0.3584,0.6200,0.7237,0.6926,0.1038,0.0914,0.2053,0.1749,-1.758,5.302
11107,0.3233,0.5239,0.6274,0.5537,0.1035,0.0734,0.0976,0.1047,0.715,2.609
23716,-0.0060,0.4476,0.5511,0.5809,0.1035,0.1116,0.2280,0.2080,0.493,5.367
15505,0.0281,0.6274,0.7309,0.7025,0.1035,0.1784,0.2852,0.2220,-1.702,5.601
21698,0.3136,0.4751,0.5785,0.4882,0.1034,0.0398,0.2633,0.0783,4.852,4.262
14990,0.0656,0.5916,0.6950,0.5772,0.1034,0.2035,0.2695,0.1278,3.580,5.282
23257,0.2452,0.5646,0.6680,0.5672,0.1034,0.0991,0.1253,0.1075,-0.311,3.573
14401,0.1525,0.5530,0.6563,0.6473,0.1034,0.0220,0.2126,0.1963,2.693,4.997
5451,0.1568,0.5685,0.6718,0.5439,0.1034,0.0335,0.1049,0.0977,1.538,2.868
2999,0.3662,0.6707,0.7740,0.7470,0.1033,0.0881,0.2333,0.1709,-2.501,5.081
6808,0.3556,0.5394,0.6426,0.5897,0.1032,0.0709,0.2555,0.1389,4.708,4.885
21924,0.3215,0.6400,0.7432,0.6258,0.1032,-0.0161,0.1460,0.1404,-0.175,4.098
17020,0.1395,0.5923,0.6955,0.6813,0.1032,0.0857,0.1908,0.1670,1.192,4.216
13011,0.4435,0.5923,0.6955,0.6839,0.1032,0.0405,0.2471,0.1827,-4.078,4.962
19919,0.0420,0.5425,0.6456,0.6070,0.1031,0.0995,0.2832,0.2004,-1.166,5.281
17259,0.2995,0.6314,0.7345,0.6894,0.1031,0.1504,0.1515,0.0916,-2.337,3.121
9779,0.0794,0.4974,0.6005,0.5515,0.1031,0.0544,0.1728,0.1476,1.640,3.900
23468,0.3137,0.4073,0.5103,0.4184,0.1030,0.0456,0.3901,0.0384,8.902,0.919
19778,0.1228,0.4505,0.5534,0.6474,0.1030,0.1290,0.2342,0.1217,-2.078,3.257
5175,0.2649,0.5869,0.6898,0.6808,0.1030,0.1462,0.1942,0.1572,-0.167,5.117
5584,0.1532,0.5740,0.6770,0.6216,0.1030,0.0782,0.1741,0.1416,2.021,3.462
12198,0.4697,0.6461,0.7490,0.7066,0.1030,0.0771,0.1545,0.1299,1.899,5.004
24138,0.1883,0.5315,0.6345,0.6409,0.1030,0.0313,0.1771,0.1542,0.622,4.302
7964,0.2022,0.5450,0.6478,0.6144,0.1028,0.0715,0.1525,0.1153,0.123,3.031
9266,0.1170,0.5013,0.6041,0.4871,0.1028,0.0864,0.2088,0.1606,3.618,4.527
22337,0.1565,0.5694,0.6722,0.6157,0.1028,0.1107,0.3378,0.2741,-1.008,6.834
6086,0.3350,0.6208,0.7237,0.7288,0.1028,0.0429,0.3367,0.2440,-2.624,5.371
12069,0.4349,0.5969,0.6996,0.6200,0.1027,0.0104,0.2411,0.2252,-1.439,5.590
14840,0.5212,0.6791,0.7818,0.7612,0.1027,0.0760,0.1990,0.1563,-1.085,4.784
10890,0.1115,0.4865,0.5892,0.5764,0.1027,0.0970,0.1793,0.1718,3.064,4.200
23385,0.3420,0.5948,0.6974,0.5883,0.1026,0.0599,0.3424,0.1943,-4.319,4.848
24498,0.0044,0.4297,0.5322,0.4402,0.1025,0.0989,0.3057,0.1285,7.101,3.626
14750,0.2535,0.5317,0.6339,0.5213,0.1022,0.0958,0.1007,0.0836,0.456,2.952
22393,0.1123,0.6210,0.7232,0.6688,0.1022,0.0808,0.1631,0.0939,-0.514,3.051
22196,0.1035,0.4631,0.5653,0.5873,0.1022,0.0878,0.1840,0.1675,0.591,4.567
16539,-0.0273,0.5951,0.6973,0.6352,0.1022,0.1211,0.3744,0.1391,-5.181,4.746
5303,0.2772,0.5568,0.6589,0.5775,0.1021,0.0681,0.1360,0.1206,1.916,3.100
7535,0.1833,0.6898,0.7918,0.6571,0.1020,-0.0261,0.3893,0.0731,-6.382,1.197
20974,0.3026,0.5897,0.6916,0.5768,0.1019,0.0243,0.1896,0.1455,3.778,4.728
15974,0.1335,0.5058,0.6077,0.5123,0.1019,0.1466,0.1045,0.0906,1.670,3.351
21167,0.4820,0.6065,0.7084,0.6697,0.1019,0.0588,0.1731,0.1092,2.400,4.151
16487,0.2935,0.5703,0.6723,0.6916,0.1019,0.0800,0.2997,0.2155,-2.599,5.447
19456,0.3871,0.6219,0.7239,0.6813,0.1019,0.0219,0.1116,0.0779,2.847,2.458
14498,0.3676,0.5000,0.6018,0.5902,0.1018,0.0843,0.1587,0.1014,3.174,3.891
3904,0.0815,0.5335,0.6353,0.5361,0.1018,0.0748,0.2418,0.1651,-2.153,4.409
21537,0.2466,0.5954,0.6972,0.6379,0.1018,0.0760,0.2614,0.2243,1.151,6.215
6275,0.4271,0.5619,0.6637,0.5490,0.1018,0.0694,0.0901,0.0547,-0.576,2.216
23055,0.3804,0.5547,0.6564,0.5727,0.1017,0.0346,0.1341,0.0848,2.468,3.105
11787,0.2575,0.5676,0.6692,0.6229,0.1017,0.0288,0.1315,0.1263,0.718,2.736
1537,0.1784,0.6757,0.7773,0.6358,0.1017,0.1094,0.2084,0.1617,2.317,4.606
11451,0.2893,0.6499,0.7516,0.5972,0.1017,0.0068,0.0930,0.0729,0.750,2.360
15765,0.2868,0.6165,0.7181,0.5869,0.1017,-0.0127,0.1782,0.1459,0.038,4.642
12497,0.2706,0.6152,0.7169,0.6538,0.1017,-0.0069,0.2712,0.2173,-4.131,4.948
3052,0.3765,0.6242,0.7259,0.6731,0.1017,0.0382,0.2158,0.2128,-3.344,5.118
18786,0.3292,0.5650,0.6667,0.5676,0.1017,0.0277,0.2306,0.2013,2.224,4.497
22359,0.1718,0.5771,0.6787,0.6105,0.1015,0.0498,0.3259,0.1624,-4.239,3.954
21992,0.4710,0.6542,0.7558,0.7159,0.1015,0.0599,0.1860,0.1372,0.477,4.125
22309,0.3508,0.5784,0.6799,0.6671,0.1015,0.0266,0.2078,0.1678,1.686,5.305
17193,0.3031,0.5834,0.6849,0.5487,0.1015,0.0655,0.3152,0.2335,4.941,5.200
7970,0.5062,0.6906,0.7920,0.7689,0.1014,0.1156,0.1935,0.1492,-0.553,5.976
15546,0.2341,0.4904,0.5918,0.5199,0.1014,0.0462,0.1674,0.1441,-0.320,3.709
13531,0.4958,0.5909,0.6922,0.5948,0.1013,0.0358,0.0820,0.0601,1.028,3.407
7236,0.2607,0.6429,0.7442,0.6896,0.1013,0.0410,0.2637,0.2012,-1.768,5.756
23917,0.2410,0.5436,0.6449,0.5103,0.1013,0.0070,0.1666,0.1406,0.088,4.392
15995,0.4901,0.5370,0.6381,0.5512,0.1012,0.0375,0.2525,0.2384,0.009,7.104
19570,0.0544,0.5305,0.6316,0.5733,0.1012,0.0023,0.1046,0.0610,-1.020,2.261
21918,0.0933,0.6005,0.7017,0.6122,0.1012,0.0488,0.2946,0.1066,5.448,4.349
19520,0.4263,0.5323,0.6334,0.5175,0.1011,0.0607,0.2796,0.2235,2.150,7.536
21951,0.4163,0.6404,0.7415,0.6824,0.1010,-0.0163,0.1409,0.1105,2.022,5.013
13777,0.1702,0.5524,0.6533,0.5679,0.1009,0.0011,0.3116,0.2738,3.118,6.519
1346,0.3385,0.6624,0.7633,0.7943,0.1009,0.1435,0.1129,0.0909,-0.008,3.345
24353,0.2636,0.6592,0.7599,0.6737,0.1008,0.1103,0.1551,0.1323,0.104,4.260
10776,0.4042,0.6124,0.7132,0.5814,0.1008,0.0707,0.3327,0.1733,-4.840,4.851
7038,0.3985,0.5910,0.6916,0.6232,0.1006,0.0487,0.2515,0.2067,2.350,5.811
8241,0.2862,0.5097,0.6103,0.5329,0.1006,0.0115,0.2069,0.1363,2.608,4.823
19074,0.1405,0.5290,0.6297,0.5858,0.1006,0.0381,0.1667,0.1382,-0.007,4.352
23362,0.2177,0.6348,0.7355,0.7265,0.1006,0.0219,0.1757,0.1427,0.434,5.535
4234,0.1261,0.5626,0.6632,0.6271,0.1006,0.1183,0.2505,0.2195,0.751,5.823
6268,0.0697,0.5716,0.6723,0.6555,0.1006,0.1140,0.0844,0.0874,2.211,2.407
19934,0.1686,0.6527,0.7533,0.5796,0.1005,0.0631,0.2160,0.1827,1.010,5.625
11155,0.2955,0.5438,0.6443,0.5593,0.1005,-0.0173,0.1727,0.1573,1.054,3.852
22784,0.0275,0.4265,0.5271,0.5528,0.1005,0.1544,0.2774,0.2445,-3.387,5.403
8914,0.2111,0.5928,0.6933,0.6276,0.1005,0.0507,0.2054,0.1772,-0.225,5.330
13749,0.0700,0.5799,0.6804,0.6031,0.1005,0.1610,0.3192,0.1983,-3.103,5.384
18684,0.1590,0.5039,0.6044,0.5490,0.1005,0.1179,0.2615,0.2329,1.374,5.020
24512,0.3308,0.5064,0.6070,0.5412,0.1005,0.0636,0.1633,0.1121,4.539,2.247
5839,0.1771,0.5567,0.6571,0.5893,0.1004,0.1459,0.2668,0.1553,3.929,4.598
3681,0.4839,0.6692,0.7696,0.7400,0.1004,0.0426,0.0825,0.0753,0.210,3.654
19087,0.3354,0.5714,0.6718,0.5920,0.1004,0.1104,0.2159,0.1533,2.386,4.584
7298,0.0493,0.4844,0.5846,0.5234,0.1003,0.0468,0.3129,0.2337,-1.907,5.662
24483,0.3634,0.5664,0.6667,0.5964,0.1003,-0.0035,0.1138,0.0768,1.454,3.129
19606,0.3040,0.5553,0.6555,0.5540,0.1003,0.0811,0.1890,0.1506,-0.445,3.759
24399,0.2051,0.4460,0.5463,0.5424,0.1003,0.0126,0.2015,0.1856,2.717,4.370
6305,0.2282,0.5733,0.6735,0.5257,0.1003,0.0069,0.1408,0.1176,2.280,3.141
17535,0.4781,0.6774,0.7776,0.6838,0.1003,0.0349,0.1961,0.1787,0.511,5.325
22642,0.4213,0.4743,0.5744,0.5072,0.1001,0.0967,0.3097,0.0542,6.489,3.983
17921,0.1440,0.5527,0.6528,0.5631,0.1001,0.0174,0.2993,0.2762,0.927,7.222
3236,0.2110,0.5948,0.6948,0.5909,0.1000,0.0601,0.2242,0.2017,1.475,4.955
5596,0.3506,0.6117,0.7117,0.6390,0.1000,0.0013,0.1677,0.1447,0.777,4.687
3622,0.2967,0.5107,0.6107,0.6053,0.1000,0.0469,0.2492,0.1466,4.607,5.274
21523,0.1872,0.5829,0.6826,0.5402,0.0997,0.1110,0.2498,0.0979,5.056,3.574
18930,0.1743,0.5738,0.6736,0.5984,0.0997,0.0231,0.1199,0.1007,0.396,2.847
15087,0.2744,0.5627,0.6624,0.5938,0.0996,0.0589,0.3291,0.3207,-1.066,7.407
17224,0.2782,0.6223,0.7219,0.6468,0.0996,-0.0046,0.2526,0.2005,-0.636,5.089
45,0.3208,0.5912,0.6908,0.5175,0.0996,0.0865,0.2155,0.0787,4.816,2.630
20060,0.5993,0.6990,0.7984,0.7920,0.0995,0.0545,0.2960,0.2471,-0.183,7.785
6883,0.1308,0.5956,0.6951,0.5323,0.0995,0.1169,0.2291,0.1801,3.000,4.733
19071,0.4492,0.5838,0.6832,0.6073,0.0995,0.0419,0.0743,0.0885,0.771,1.997
16743,0.2866,0.5910,0.6903,0.6465,0.0994,0.0540,0.2236,0.2107,-1.380,4.604
5287,0.1103,0.6077,0.7071,0.6916,0.0994,0.1742,0.3088,0.2294,-1.266,5.976
6052,0.3313,0.4735,0.5729,0.5368,0.0994,0.0545,0.2301,0.1026,4.436,4.851
12839,0.4885,0.6469,0.7461,0.6778,0.0992,-0.0162,0.1812,0.1667,1.565,4.987
660,0.4721,0.6456,0.7448,0.7139,0.0992,-0.0301,0.1298,0.0949,1.707,3.381
20206,0.4489,0.6018,0.7010,0.6675,0.0992,0.0381,0.2421,0.2214,-0.585,6.321
4953,0.2633,0.5830,0.6821,0.5740,0.0991,0.0138,0.1361,0.1086,1.806,3.791
12975,0.2151,0.5817,0.6808,0.6113,0.0991,0.0576,0.2040,0.1966,1.057,5.185
22392,0.5803,0.5907,0.6898,0.5856,0.0991,0.0092,0.2586,0.1269,3.728,5.440
11355,0.2174,0.4685,0.5676,0.5972,0.0991,0.0000,0.2819,0.2604,2.646,5.991
20724,0.3977,0.6088,0.7079,0.5753,0.0991,0.0288,0.2474,0.2068,-0.680,5.094
18248,0.5573,0.6075,0.7066,0.6976,0.0991,-0.0093,0.1503,0.1285,1.941,3.854
18511,0.1158,0.5534,0.6525,0.6750,0.0991,0.0754,0.2336,0.2017,3.977,4.543
13308,0.5842,0.6564,0.7555,0.6860,0.0991,0.0577,0.2034,0.1098,4.227,3.540
4674,0.2579,0.6088,0.7079,0.6113,0.0991,-0.0219,0.1626,0.1553,1.546,4.174
21994,0.5111,0.7053,0.8044,0.7849,0.0991,0.0350,0.2143,0.1556,-0.179,5.316
22162,0.4225,0.6864,0.7853,0.6234,0.0990,0.0690,0.2087,0.1637,-1.501,5.678
12390,0.5006,0.6105,0.7095,0.7288,0.0990,-0.0265,0.2452,0.2065,1.530,5.726
6989,0.2439,0.6504,0.7494,0.6607,0.0990,0.0901,0.1955,0.1570,-1.166,3.603
3131,0.0873,0.5308,0.6298,0.5591,0.0990,0.0507,0.1879,0.1699,1.626,4.386
24051,0.2820,0.5810,0.6799,0.5758,0.0990,0.0253,0.1819,0.1567,0.877,4.671
10719,0.3184,0.6337,0.7326,0.6517,0.0990,0.1193,0.2194,0.2038,-0.277,6.143
11357,0.4266,0.5977,0.6967,0.6093,0.0990,0.0301,0.2241,0.2067,1.748,5.495
10410,0.3922,0.5193,0.6183,0.4974,0.0990,0.0589,0.2505,0.2056,2.400,5.701
18796,0.4080,0.6093,0.7082,0.6465,0.0990,0.0069,0.1441,0.1237,1.969,4.094
22054,0.1129,0.5312,0.6302,0.5260,0.0990,0.0629,0.3365,0.3103,0.530,6.586
11856,0.1420,0.6464,0.7454,0.6082,0.0989,0.0562,0.1822,0.1029,-1.643,3.633
19209,0.2904,0.6945,0.7933,0.7150,0.0988,0.0738,0.1380,0.1183,0.212,4.269
12277,0.3611,0.6046,0.7035,0.6573,0.0988,0.0772,0.1419,0.1154,-0.442,3.364
15039,0.2841,0.5731,0.6718,0.6308,0.0987,0.0600,0.1708,0.1230,2.109,3.660
2853,0.5364,0.6818,0.7805,0.6740,0.0987,0.0880,0.2207,0.1387,-0.918,5.588
21751,0.2624,0.4961,0.5948,0.5442,0.0987,0.0461,0.3267,0.2264,-2.868,5.752
5771,0.4674,0.6939,0.7925,0.6991,0.0986,0.1305,0.2224,0.1083,3.788,3.943
16949,0.3170,0.6490,0.7474,0.6801,0.0984,0.0806,0.1339,0.0977,1.377,3.146
15485,0.1163,0.5925,0.6908,0.6028,0.0983,0.0633,0.0935,0.0770,1.185,2.494
2984,0.2710,0.5408,0.6391,0.5847,0.0983,0.0303,0.1289,0.1196,2.569,3.233
22582,0.2700,0.5711,0.6693,0.5956,0.0982,0.0326,0.1219,0.1100,1.023,2.819
9481,0.1437,0.5685,0.6667,0.5672,0.0982,0.1371,0.2914,0.2209,1.721,6.588
2083,0.3903,0.5323,0.6305,0.5840,0.0982,-0.0297,0.2868,0.2072,5.266,4.722
21928,0.4650,0.6465,0.7445,0.6787,0.0981,0.0069,0.1199,0.0924,2.637,4.018
9927,-0.0938,0.5535,0.6516,0.5742,0.0981,0.0934,0.2500,0.1911,-0.541,5.133
22446,0.4658,0.6405,0.7384,0.7010,0.0979,0.0265,0.2228,0.2023,0.931,5.015
24963,0.3214,0.5387,0.6366,0.5992,0.0979,-0.0092,0.2278,0.1838,-1.753,5.264
15490,0.2376,0.5168,0.6147,0.5219,0.0979,0.0244,0.1983,0.0979,3.605,3.454
7124,0.0222,0.5180,0.6160,0.5619,0.0979,0.0994,0.2468,0.1731,-3.911,3.731
2894,0.3553,0.6546,0.7526,0.6585,0.0979,0.0315,0.1219,0.0963,-0.532,3.016
3160,0.1111,0.5348,0.6327,0.5966,0.0979,0.0323,0.2165,0.2183,1.815,4.310
16548,0.2978,0.5264,0.6242,0.5586,0.0978,0.0725,0.2096,0.1752,-2.139,4.753
779,0.1946,0.5135,0.6113,0.6396,0.0978,0.1281,0.1798,0.1558,1.837,5.175
737,0.5819,0.7091,0.8069,0.7375,0.0978,0.0623,0.1320,0.1072,-0.992,4.272
4416,0.3966,0.6036,0.7014,0.6281,0.0978,-0.0394,0.2330,0.2335,-0.658,5.768
23638,0.3390,0.4381,0.5359,0.4811,0.0978,0.0339,0.3079,0.1660,5.813,5.170
8106,0.1106,0.5900,0.6877,0.5681,0.0977,0.1305,0.2605,0.1915,3.430,5.417
16910,0.3962,0.6761,0.7738,0.7481,0.0977,0.0461,0.1487,0.1134,-1.152,4.320
6216,0.1481,0.3628,0.4604,0.4551,0.0976,0.1026,0.2258,0.0803,4.712,3.946
19590,0.0199,0.4955,0.5931,0.5687,0.0976,0.0855,0.1805,0.1799,3.366,5.346
15261,0.4477,0.6881,0.7856,0.7279,0.0976,0.0564,0.1648,0.1284,0.603,4.719
14576,0.1957,0.6496,0.7471,0.6970,0.0976,0.0795,0.1937,0.1428,-0.005,3.952
3304,0.0224,0.5280,0.6255,0.6359,0.0975,0.1580,0.2564,0.1400,-2.193,3.213
10004,0.4858,0.6744,0.7718,0.7423,0.0974,0.0974,0.2544,0.2061,-1.295,6.641
7418,0.2743,0.5623,0.6597,0.5701,0.0974,0.0431,0.2502,0.1028,-3.420,2.402
9623,0.4417,0.5870,0.6844,0.6143,0.0974,0.0500,0.3006,0.0541,6.405,2.409
18876,0.4539,0.6069,0.7042,0.6569,0.0972,0.0332,0.2424,0.1535,2.993,5.180
8991,0.4324,0.5635,0.6606,0.6049,0.0972,0.0462,0.0865,0.0846,1.035,3.783
17557,-0.1028,0.3926,0.4897,0.4487,0.0971,0.0547,0.1418,0.0501,-1.295,0.917
16098,0.4736,0.6470,0.7441,0.7165,0.0971,0.0729,0.3108,0.2340,2.655,6.872
16947,0.5450,0.6054,0.7025,0.5964,0.0970,0.0919,0.1519,0.1083,2.215,4.889
13888,0.2028,0.6882,0.7853,0.6947,0.0970,0.1465,0.2264,0.1522,-1.351,5.284
19406,0.5381,0.6145,0.7115,0.5977,0.0970,0.0000,0.1095,0.0816,-0.042,2.932
22512,0.3044,0.5207,0.6176,0.5065,0.0969,0.0381,0.1610,0.1228,3.614,3.342
20635,0.2535,0.6072,0.7041,0.6124,0.0969,0.1211,0.1847,0.0966,2.950,3.522
23802,0.2318,0.4490,0.5458,0.4529,0.0969,0.0972,0.1242,0.0736,2.979,2.797
13884,0.1454,0.5845,0.6813,0.6452,0.0968,0.1874,0.1230,0.0953,3.242,3.720
9072,0.4555,0.5574,0.6542,0.5923,0.0968,0.0509,0.1400,0.1034,1.596,4.141
18920,0.3869,0.5948,0.6916,0.6323,0.0968,0.0473,0.2083,0.1324,-3.204,3.934
7795,0.3738,0.5948,0.6916,0.5716,0.0968,0.0035,0.1470,0.1399,1.987,3.589
20638,0.3031,0.5484,0.6452,0.5445,0.0968,0.0218,0.1227,0.1000,0.697,2.901
24810,0.3427,0.6168,0.7135,0.5832,0.0968,0.0173,0.1952,0.1272,4.866,3.632
3706,0.2812,0.5600,0.6568,0.6181,0.0968,0.0761,0.1994,0.1312,2.052,5.057
1690,0.4317,0.5889,0.6856,0.6327,0.0966,-0.0104,0.2147,0.1993,0.492,6.796
2967,0.3958,0.6095,0.7062,0.6405,0.0966,0.0196,0.2598,0.2356,-0.323,6.443
23879,0.3803,0.6508,0.7474,0.6817,0.0966,0.1060,0.1488,0.1188,0.489,3.456
6710,0.4517,0.6289,0.7255,0.6817,0.0966,0.0519,0.1925,0.1103,3.340,3.418
856,0.4180,0.6564,0.7529,0.6319,0.0965,0.0840,0.1361,0.1075,1.026,3.693
6239,0.4095,0.6178,0.7143,0.5843,0.0965,0.0598,0.1886,0.1560,1.565,5.243
10188,0.5563,0.7053,0.8018,0.7040,0.0965,0.0555,0.0736,0.0651,1.325,2.565
11094,0.2422,0.5437,0.6401,0.6864,0.0964,0.0709,0.2070,0.1267,4.301,4.123
22592,0.4032,0.5501,0.6465,0.5578,0.0964,0.0679,0.1620,0.1241,3.206,4.124
15573,-0.0139,0.5527,0.6491,0.5797,0.0964,0.1178,0.2563,0.1936,-1.267,4.751
21221,0.2853,0.6234,0.7198,0.6157,0.0964,0.0403,0.1643,0.1536,-1.887,4.412
1465,0.2055,0.4936,0.5900,0.5411,0.0964,0.0324,0.2306,0.1228,4.972,2.969
10071,0.3298,0.6120,0.7083,0.6562,0.0964,0.0566,0.1632,0.1091,3.156,3.648
13122,0.6528,0.7348,0.8311,0.8219,0.0963,0.0407,0.1741,0.0926,2.881,4.003
15958,-0.0817,0.5456,0.6418,0.6290,0.0963,-0.0173,0.2684,0.2193,-0.283,4.991
10424,0.1234,0.3928,0.4891,0.4390,0.0963,0.0428,0.2032,0.1842,1.084,3.984
8458,0.4556,0.5648,0.6611,0.5687,0.0963,0.0265,0.1217,0.1061,-0.081,4.143
8574,0.5317,0.6290,0.7253,0.6945,0.0963,-0.0058,0.2510,0.2248,0.949,5.906
6131,0.5154,0.5520,0.6483,0.5905,0.0963,0.0704,0.1932,0.1375,3.020,4.409
15058,0.2762,0.5430,0.6393,0.5340,0.0963,-0.0092,0.1718,0.1538,1.001,3.855
22774,0.1785,0.6701,0.7664,0.7638,0.0963,0.1395,0.2878,0.1885,-2.592,4.741
15272,0.3432,0.5553,0.6515,0.5423,0.0962,-0.0070,0.1162,0.0615,2.756,2.060
2188,0.1320,0.4885,0.5846,0.5115,0.0962,0.0291,0.1567,0.1411,2.097,3.886
16404,0.4780,0.6442,0.7403,0.6870,0.0961,0.0498,0.0718,0.0621,2.192,1.570
13087,0.4301,0.6083,0.7043,0.6576,0.0960,0.0185,0.2999,0.1936,3.917,5.253
13264,0.5029,0.5088,0.6047,0.5015,0.0959,0.0782,0.1203,0.0662,3.271,1.761
7848,0.1250,0.4132,0.5091,0.4430,0.0959,0.0375,0.2851,0.1877,3.763,5.449
18834,0.3314,0.5881,0.6839,0.5764,0.0959,0.0301,0.3298,0.2981,-1.264,6.656
2062,0.2299,0.5104,0.6062,0.4689,0.0959,-0.0208,0.3317,0.2143,-3.745,6.076
10489,-0.0997,0.4236,0.5194,0.4819,0.0959,-0.0255,0.2649,0.2424,2.920,5.315
19933,0.6007,0.6197,0.7154,0.6818,0.0957,0.0161,0.2321,0.1668,1.900,5.964
8591,0.4740,0.5614,0.6572,0.5602,0.0957,0.0410,0.1113,0.0703,2.971,1.806
12103,0.2425,0.5465,0.6421,0.6202,0.0956,0.1065,0.2480,0.2134,0.109,5.891
14967,0.1105,0.5142,0.6098,0.5258,0.0956,0.1265,0.1920,0.1842,-1.578,4.640
10315,0.2037,0.6013,0.6968,0.6323,0.0955,0.0485,0.2150,0.1747,-1.241,6.015
12897,-0.0165,0.5355,0.6310,0.6155,0.0955,0.0869,0.1330,0.1047,1.048,2.692
12968,0.3028,0.4902,0.5856,0.5255,0.0954,0.0094,0.2551,0.0570,5.787,1.725
10447,0.3326,0.6121,0.7075,0.6070,0.0954,0.1544,0.2520,0.2229,0.226,6.480
15449,0.5719,0.6611,0.7564,0.7126,0.0954,0.0577,0.1738,0.1363,-0.858,5.015
20029,0.4375,0.5825,0.6778,0.6443,0.0954,0.0070,0.2169,0.1951,1.233,6.428
14744,0.3244,0.5683,0.6637,0.6211,0.0954,0.0092,0.2563,0.2070,-1.718,4.930
8886,0.1193,0.5490,0.6443,0.6121,0.0954,0.1567,0.1532,0.1387,0.251,3.504
7717,0.4309,0.4916,0.5869,0.4968,0.0952,0.0611,0.1783,0.1610,0.950,5.556
6112,0.3344,0.5843,0.6795,0.6088,0.0952,0.0807,0.2151,0.1787,1.401,5.255
21067,0.2804,0.5393,0.6345,0.5573,0.0952,0.0577,0.2437,0.2185,0.913,6.696
6214,0.5520,0.6628,0.7580,0.7696,0.0952,0.0498,0.2391,0.0945,4.600,3.728
5395,0.0508,0.5766,0.6718,0.5856,0.0952,0.0856,0.1964,0.1683,0.839,3.802
2903,0.4332,0.5668,0.6620,0.5501,0.0951,-0.0370,0.1703,0.1509,2.097,4.191
17311,0.2049,0.6195,0.7147,0.6311,0.0951,0.0719,0.1687,0.1170,-1.762,4.077
5813,0.2126,0.5257,0.6208,0.5617,0.0951,0.0668,0.1756,0.1313,-0.922,3.955
5602,0.3720,0.5852,0.6803,0.6090,0.0951,0.0330,0.1908,0.1586,0.955,4.807
17145,0.3351,0.6970,0.7920,0.7368,0.0950,0.0645,0.1800,0.1292,-1.261,4.178
11912,0.4349,0.6547,0.7497,0.6110,0.0950,0.0672,0.2197,0.1625,-0.363,4.891
16447,0.1755,0.5553,0.6502,0.5163,0.0949,0.1998,0.2461,0.0927,4.968,3.765
22219,0.3826,0.5961,0.6909,0.6312,0.0948,0.0629,0.2931,0.2297,-2.333,6.752
17900,0.0944,0.5623,0.6571,0.5922,0.0948,0.0532,0.3764,0.3493,2.305,7.819
23069,0.1634,0.4981,0.5925,0.4696,0.0944,0.0985,0.1839,0.0749,3.621,3.204
12521,0.4602,0.6701,0.7646,0.6611,0.0944,0.0886,0.2778,0.1636,-3.291,5.321
12740,0.3576,0.5557,0.6501,0.5701,0.0944,0.0699,0.1179,0.0990,2.229,3.197
7357,0.3703,0.5349,0.6292,0.5556,0.0943,0.0415,0.2139,0.1332,3.778,4.739
9346,0.1589,0.5362,0.6305,0.6021,0.0943,0.0381,0.1186,0.0882,1.952,3.697
1200,-0.0860,0.4587,0.5530,0.5517,0.0943,0.2048,0.1943,0.0990,4.293,3.491
8226,0.3132,0.5497,0.6439,0.6516,0.0942,0.0476,0.2310,0.1939,2.493,6.411
22363,0.4906,0.6297,0.7239,0.7084,0.0942,0.0553,0.1619,0.1381,-2.222,3.966
12247,0.0255,0.4639,0.5580,0.4497,0.0941,-0.0138,0.1197,0.0981,2.089,2.780
11240,0.3133,0.5606,0.6546,0.5541,0.0941,-0.0162,0.1788,0.1499,1.661,4.217
247,0.3590,0.5889,0.6830,0.6160,0.0941,0.0301,0.3099,0.2805,1.504,7.644
13252,0.2089,0.5060,0.6000,0.6159,0.0940,-0.0164,0.3355,0.2486,3.931,5.999
22030,0.5555,0.6834,0.7773,0.7761,0.0940,0.0346,0.1521,0.1045,-0.395,4.512
14974,0.2955,0.5135,0.6075,0.4994,0.0940,0.0012,0.1875,0.1751,1.588,5.162
10224,0.3545,0.7001,0.7941,0.6950,0.0940,-0.0035,0.2099,0.1643,0.007,5.253
16267,0.3055,0.5302,0.6242,0.5843,0.0940,0.0242,0.2163,0.1823,3.125,4.817
8016,0.2743,0.5701,0.6641,0.4981,0.0940,0.1015,0.2108,0.1829,-0.556,5.182
1603,0.3143,0.5354,0.6293,0.5251,0.0940,0.0487,0.2308,0.1862,3.256,5.745
7714,-0.0290,0.5608,0.6548,0.6653,0.0939,0.1704,0.4216,0.1297,-6.058,4.260
14823,0.4222,0.5867,0.6806,0.6154,0.0939,0.0392,0.2535,0.1646,3.738,4.592
7010,0.2554,0.5733,0.6671,0.5398,0.0938,-0.0104,0.2321,0.2121,-0.143,5.533
20744,0.3200,0.5501,0.6440,0.5604,0.0938,0.0173,0.1687,0.1640,0.460,5.268
9040,0.3394,0.7159,0.8098,0.7416,0.0938,0.1409,0.3158,0.2732,-2.268,7.127
7607,0.3951,0.6157,0.7095,0.6812,0.0938,0.1388,0.2454,0.1849,-4.087,4.915
5551,0.4419,0.6337,0.7275,0.6401,0.0938,0.0405,0.2910,0.2350,-1.697,6.212
8080,0.4588,0.5758,0.6697,0.6080,0.0938,0.0566,0.2312,0.1894,2.166,4.734
21894,0.4976,0.6875,0.7812,0.7656,0.0938,0.0197,0.2311,0.1887,0.634,5.459
15255,0.1710,0.5982,0.6919,0.6457,0.0937,0.1770,0.1474,0.1223,0.517,4.092
24045,0.4142,0.6577,0.7513,0.6551,0.0936,0.0646,0.2165,0.1737,-0.118,5.160
19494,0.2502,0.4961,0.5896,0.5636,0.0935,0.0058,0.2470,0.1187,-3.872,2.709
24722,0.6100,0.6187,0.7121,0.6070,0.0934,-0.0103,0.1462,0.0853,3.036,3.580
4779,-0.0719,0.5376,0.6308,0.5959,0.0933,0.1410,0.2067,0.0848,-2.099,2.593
11669,0.4350,0.6580,0.7513,0.6917,0.0933,0.0977,0.2522,0.1938,1.344,6.324
16491,-0.0213,0.5427,0.6360,0.5894,0.0933,0.0653,0.2578,0.1680,5.475,4.798
24689,0.3576,0.6024,0.6955,0.5617,0.0932,0.0208,0.3179,0.0942,6.357,3.445
8353,0.3799,0.5627,0.6559,0.5925,0.0931,0.0347,0.2138,0.1833,1.799,5.398
7971,0.2312,0.5252,0.6184,0.5123,0.0931,0.0277,0.1442,0.0944,3.489,2.866
15246,0.1493,0.6085,0.7016,0.6744,0.0930,0.1507,0.2836,0.1922,-3.041,5.189
22027,0.4103,0.6137,0.7067,0.6434,0.0930,0.0391,0.2055,0.1504,3.409,3.989
23614,0.3439,0.6620,0.7549,0.7169,0.0930,0.1671,0.2081,0.1696,-0.475,5.937
2868,0.1599,0.4761,0.5690,0.5613,0.0929,0.0911,0.2644,0.2530,-0.729,6.415
24676,0.4011,0.5690,0.6619,0.5987,0.0929,0.0637,0.1941,0.0717,4.144,2.815
21371,0.4497,0.5832,0.6761,0.5574,0.0929,-0.0231,0.1531,0.1147,1.963,4.679
8921,0.2852,0.6155,0.7084,0.6026,0.0929,0.1283,0.1985,0.1733,1.020,5.565
23056,0.5476,0.7135,0.8065,0.8026,0.0929,0.0728,0.2501,0.0761,-3.464,2.441
9986,-0.0224,0.4800,0.5729,0.3935,0.0929,0.0577,0.2052,0.1750,2.619,3.751
20045,0.2107,0.4910,0.5838,0.4858,0.0928,0.0081,0.1634,0.1586,0.916,5.548
5423,0.1796,0.6649,0.7577,0.7332,0.0928,0.0264,0.1627,0.1459,-1.388,3.882
15987,0.3421,0.6198,0.7126,0.6714,0.0928,0.0565,0.1740,0.1267,1.994,5.067
1541,0.1821,0.6753,0.7680,0.5451,0.0928,-0.0024,0.2461,0.1623,3.300,5.306
7511,0.5759,0.5812,0.6740,0.6134,0.0928,-0.0242,0.1235,0.1073,1.194,3.894
7698,0.2458,0.6598,0.7526,0.7526,0.0928,0.0760,0.2076,0.1777,0.874,4.668
20587,0.4143,0.5598,0.6525,0.5766,0.0927,0.0518,0.2197,0.1920,0.818,6.537
20215,0.1321,0.6422,0.7349,0.7027,0.0927,0.1740,0.2460,0.1441,-1.323,4.122
695,0.4150,0.6422,0.7349,0.6474,0.0927,0.0497,0.2168,0.2005,0.624,5.111
18362,0.5304,0.7117,0.8044,0.7027,0.0927,0.0911,0.1312,0.0753,1.869,3.574
3686,0.4713,0.6409,0.7336,0.7091,0.0927,0.0379,0.1801,0.1467,-0.466,5.417
7445,0.2349,0.5861,0.6787,0.6735,0.0925,0.0243,0.1825,0.1602,1.479,5.273
8522,0.4486,0.6671,0.7596,0.6748,0.0925,0.0829,0.1828,0.1501,0.822,5.153
15833,0.2210,0.6144,0.7069,0.6170,0.0925,0.0910,0.1791,0.1195,-1.179,3.629
2467,0.1329,0.5270,0.6195,0.5938,0.0925,0.0426,0.1742,0.1477,2.575,5.027
18417,0.5886,0.7095,0.8021,0.8188,0.0925,0.0404,0.2743,0.2018,-1.550,6.953
22815,0.2019,0.4679,0.5604,0.4730,0.0925,-0.0161,0.2182,0.1968,0.663,5.060
44,0.4336,0.6341,0.7266,0.6893,0.0924,0.0599,0.1975,0.1564,-0.981,4.650
3530,0.1959,0.5071,0.5995,0.5122,0.0924,0.0738,0.1979,0.1916,1.551,4.848
276,0.4342,0.6046,0.6970,0.6816,0.0924,0.0281,0.2951,0.2752,-1.152,7.020
22212,0.3896,0.6115,0.7038,0.6707,0.0923,-0.0385,0.1513,0.1410,1.687,4.528
19126,0.5510,0.5650,0.6570,0.6032,0.0920,0.0475,0.3089,0.0747,6.113,3.544
17964,0.3455,0.5415,0.6334,0.5648,0.0920,0.0287,0.1185,0.0768,-1.019,1.768
24703,0.4867,0.6606,0.7526,0.6308,0.0920,0.0521,0.1896,0.1164,3.004,5.984
7948,0.3743,0.6062,0.6982,0.5583,0.0920,0.0589,0.1717,0.0732,3.498,2.523
15317,0.1714,0.6036,0.6956,0.6930,0.0920,0.0438,0.2239,0.1386,-1.696,3.576
19079,0.3372,0.5058,0.5977,0.5317,0.0918,0.0404,0.1880,0.1170,3.791,4.495
10933,0.4229,0.6263,0.7181,0.6782,0.0918,0.1023,0.2865,0.1826,5.393,5.632
23566,0.0667,0.3992,0.4910,0.4806,0.0917,0.0351,0.3098,0.2599,5.354,5.487
7299,0.0006,0.4961,0.5879,0.5646,0.0917,0.0694,0.2022,0.1838,0.344,4.403
23680,0.3584,0.6240,0.7158,0.6059,0.0917,0.0853,0.2416,0.2080,-0.352,6.341
10441,0.5477,0.6473,0.7390,0.7455,0.0917,0.0590,0.2580,0.1576,2.595,5.345
20994,0.4464,0.7261,0.8178,0.7093,0.0917,0.0480,0.1177,0.0705,2.509,2.888
22487,0.5192,0.6150,0.7067,0.6680,0.0917,0.0023,0.2788,0.1699,3.542,5.715
10902,0.6831,0.6796,0.7713,0.7455,0.0917,0.0440,0.2061,0.1163,3.141,4.513
6365,0.4049,0.6757,0.7674,0.7003,0.0917,0.0440,0.1748,0.1392,1.328,4.419
9763,0.3017,0.5982,0.6899,0.6486,0.0917,0.0924,0.1770,0.1466,2.229,4.311
12350,0.4600,0.6111,0.7028,0.5853,0.0917,0.0750,0.2419,0.1436,-2.315,5.853
9609,0.4902,0.5523,0.6439,0.5948,0.0916,0.0174,0.1904,0.0905,3.239,3.200
20569,-0.1199,0.4645,0.5561,0.4826,0.0916,0.1430,0.2126,0.1550,-2.034,3.556
24378,0.3266,0.5412,0.6327,0.5554,0.0915,0.0370,0.1936,0.1280,2.465,3.314
12872,0.5442,0.5979,0.6894,0.6482,0.0915,0.0704,0.1943,0.0738,3.986,3.869
21424,0.4046,0.5889,0.6804,0.6173,0.0915,0.0611,0.1761,0.1303,2.803,4.438
13315,0.2543,0.7023,0.7938,0.7152,0.0915,0.1549,0.1978,0.1185,1.888,4.801
24773,0.1311,0.5470,0.6384,0.6152,0.0914,0.0357,0.2311,0.1723,-1.220,4.428
9384,0.4627,0.7104,0.8018,0.7349,0.0914,0.0324,0.1178,0.0819,1.195,4.213
20800,0.3151,0.6306,0.7220,0.6718,0.0914,0.0034,0.1821,0.1684,-0.236,5.350
15585,0.0709,0.5302,0.6216,0.6190,0.0914,0.1094,0.2293,0.1786,-1.817,5.142
7026,0.1722,0.5032,0.5946,0.5084,0.0914,0.0151,0.0982,0.1007,1.516,2.687
13183,0.1189,0.5457,0.6371,0.6384,0.0914,0.1119,0.1272,0.1081,1.598,3.261
12374,0.2135,0.5676,0.6589,0.6358,0.0914,0.0589,0.2162,0.1788,1.785,5.483
4581,0.2381,0.6023,0.6936,0.5698,0.0913,0.0532,0.2726,0.2119,2.458,6.299
11443,0.2454,0.6478,0.7391,0.6889,0.0913,0.0902,0.2221,0.1482,-2.224,5.162
13006,0.0937,0.5643,0.6555,0.4730,0.0913,0.0669,0.2748,0.1687,-2.096,4.850
8521,0.2051,0.6285,0.7198,0.5925,0.0913,0.0599,0.2167,0.1758,-1.006,4.962
15740,0.0523,0.5334,0.6247,0.6311,0.0913,0.0704,0.2871,0.1739,-2.294,4.646
2910,0.5144,0.6530,0.7442,0.6722,0.0913,0.0346,0.1544,0.1014,3.363,4.256
15704,0.3067,0.5553,0.6465,0.5321,0.0913,-0.0034,0.2770,0.2621,1.259,6.091
23767,0.4786,0.6585,0.7497,0.6765,0.0911,0.0379,0.1462,0.1210,-0.725,5.244
7353,0.1094,0.5256,0.6167,0.5346,0.0910,0.0161,0.2403,0.2130,2.475,4.593
2010,0.1349,0.5914,0.6822,0.6757,0.0908,0.1576,0.2447,0.2335,1.060,5.356
24274,0.3936,0.6396,0.7304,0.7344,0.0908,0.0714,0.2364,0.1774,2.071,5.301
22215,0.4428,0.6248,0.7154,0.6313,0.0906,0.0657,0.1154,0.0992,0.769,3.097
12077,0.4325,0.6158,0.7063,0.5912,0.0906,-0.0162,0.2443,0.2033,-3.761,4.721
17220,0.5711,0.5809,0.6714,0.6041,0.0906,0.0381,0.1513,0.0777,3.301,2.305
16855,0.3030,0.6624,0.7529,0.6158,0.0906,0.0773,0.1215,0.1037,2.392,3.088
3873,0.5271,0.6921,0.7827,0.6895,0.0906,0.0185,0.0991,0.0780,0.925,3.102
7687,0.3685,0.6628,0.7532,0.6059,0.0904,-0.0138,0.1823,0.0604,3.758,2.294
4288,0.0564,0.5026,0.5930,0.5478,0.0904,0.0347,0.2836,0.2605,-0.495,5.553
12332,0.1480,0.6111,0.7016,0.6150,0.0904,0.0923,0.1628,0.0966,3.247,4.128
20698,0.1794,0.5956,0.6860,0.6305,0.0904,0.0408,0.3410,0.1601,-4.664,5.371
8581,0.4762,0.6357,0.7261,0.7274,0.0904,-0.0058,0.2293,0.1624,3.075,4.822
22039,0.3517,0.5233,0.6137,0.4922,0.0904,-0.0381,0.3489,0.2507,-3.161,6.297
17462,0.5701,0.6323,0.7226,0.6684,0.0903,-0.0300,0.1368,0.0976,2.771,3.585
23728,0.4381,0.6142,0.7045,0.5987,0.0903,0.0624,0.0920,0.0809,0.740,3.153
16781,-0.0395,0.6348,0.7252,0.6439,0.0903,0.1630,0.2431,0.1512,-1.791,4.474
23460,0.3376,0.6129,0.7032,0.6000,0.0903,0.0833,0.3224,0.2964,1.244,7.099
2381,-0.0824,0.4671,0.5574,0.5716,0.0903,0.0391,0.2360,0.2182,0.974,5.365
17024,0.4527,0.6985,0.7887,0.7552,0.0902,0.0439,0.1054,0.0766,0.003,3.202
19748,0.2534,0.6688,0.7590,0.6327,0.0902,0.1021,0.1937,0.1280,-1.665,4.677
7468,0.1989,0.6134,0.7036,0.7191,0.0902,0.0719,0.3152,0.2805,-1.475,7.378
23249,0.3488,0.6237,0.7139,0.6920,0.0902,0.0289,0.2271,0.2004,1.558,5.818
23472,0.1774,0.5992,0.6894,0.6469,0.0902,0.0683,0.2494,0.2299,0.799,5.881
24181,0.1359,0.5838,0.6740,0.5915,0.0902,0.1120,0.2804,0.1531,-3.623,3.809
4783,0.6450,0.6933,0.7835,0.7526,0.0902,0.0324,0.1321,0.0897,-1.438,3.574
9115,0.3147,0.5412,0.6314,0.5258,0.0902,-0.0208,0.1818,0.1268,3.146,4.048
16065,0.3187,0.6108,0.7010,0.6946,0.0902,0.0254,0.2428,0.1993,-1.026,5.800
17885,0.5315,0.6727,0.7629,0.7281,0.0902,0.0243,0.2528,0.1575,-2.637,5.010
17189,0.2735,0.6693,0.7595,0.6915,0.0902,0.1152,0.2219,0.1439,-1.303,3.911
6612,-0.0951,0.5135,0.6036,0.5097,0.0901,0.0919,0.1277,0.0883,2.361,2.416
14650,0.4595,0.6461,0.7362,0.7027,0.0901,0.0853,0.1566,0.1455,-0.428,4.890
6287,0.2528,0.5393,0.6293,0.5521,0.0901,0.0312,0.1620,0.1024,3.673,3.121
7226,0.3442,0.6113,0.7014,0.6512,0.0901,0.0541,0.1472,0.1317,0.019,4.526
20658,0.3717,0.6190,0.7091,0.6911,0.0901,0.0783,0.1106,0.0945,0.163,3.311
8273,0.2600,0.6358,0.7259,0.6898,0.0901,0.0747,0.3043,0.1739,-2.789,4.689
21620,0.0846,0.6139,0.7040,0.6538,0.0901,0.1387,0.2385,0.1676,-1.576,4.850
19902,0.2087,0.4504,0.5405,0.4530,0.0901,0.0686,0.2744,0.1772,4.083,5.331
15392,0.2756,0.6462,0.7363,0.7285,0.0901,0.0569,0.2374,0.1235,5.081,3.828
5937,0.3820,0.6594,0.7494,0.6504,0.0900,0.0663,0.1528,0.1162,-0.205,4.485
2029,0.1902,0.4447,0.5347,0.4653,0.0900,0.0452,0.2695,0.2455,-0.019,5.268
6495,0.5084,0.7014,0.7914,0.7392,0.0900,0.0324,0.2228,0.1875,-2.056,5.529
19653,0.1868,0.6021,0.6919,0.6085,0.0899,0.0392,0.1541,0.1389,0.710,3.805
15863,0.2861,0.6701,0.7599,0.6983,0.0899,0.0345,0.1419,0.1174,0.407,3.522
14457,0.5931,0.6573,0.7471,0.6816,0.0899,0.0070,0.1764,0.1474,-0.531,5.783
2171,0.2252,0.6059,0.6958,0.6893,0.0899,0.0680,0.2183,0.1760,-1.358,4.883
5718,0.1358,0.5045,0.5944,0.5892,0.0899,-0.0048,0.2507,0.2355,0.253,5.754
21610,0.6212,0.7060,0.7959,0.7587,0.0899,0.0288,0.1143,0.0907,0.610,3.290
4567,0.2926,0.6436,0.7333,0.6923,0.0897,0.1491,0.2024,0.1431,-1.436,3.904
2565,0.0115,0.4968,0.5863,0.5058,0.0895,0.1246,0.1924,0.1197,-1.405,2.903
4304,0.1673,0.5564,0.6459,0.6135,0.0895,0.0704,0.3257,0.2326,-2.675,5.743
14,0.2010,0.4864,0.5759,0.5006,0.0895,0.0338,0.2968,0.2103,4.225,6.006
18327,0.2683,0.5324,0.6218,0.6127,0.0894,0.0012,0.1258,0.1073,-0.774,3.198
3074,0.2037,0.5829,0.6723,0.5000,0.0894,0.1484,0.2159,0.0855,4.091,4.539
18976,0.2759,0.5285,0.6179,0.5842,0.0894,0.0706,0.1168,0.0971,2.943,1.885
11941,0.1247,0.6023,0.6917,0.5557,0.0894,0.1558,0.1627,0.1148,2.058,3.139
7307,0.1473,0.5155,0.6049,0.6140,0.0894,-0.0375,0.3130,0.2214,-5.132,4.827
20520,0.6317,0.6856,0.7749,0.6701,0.0893,0.0579,0.2045,0.1327,2.102,4.748
24579,0.3510,0.5039,0.5930,0.5788,0.0891,0.0350,0.2933,0.2053,4.284,5.965
7079,0.4417,0.6718,0.7610,0.6550,0.0891,0.0996,0.1434,0.0805,-1.192,2.260
13668,0.1431,0.4903,0.5794,0.5071,0.0890,0.0982,0.2157,0.1163,4.093,3.453
14710,0.3099,0.5252,0.6142,0.5987,0.0890,0.0335,0.2867,0.2568,0.683,6.354
3475,0.1524,0.5406,0.6297,0.5381,0.0890,0.0047,0.1382,0.1149,1.639,3.049
16808,0.2383,0.5690,0.6581,0.6284,0.0890,0.0578,0.2961,0.2642,2.205,6.200
23285,0.5089,0.6327,0.7216,0.6585,0.0889,0.0864,0.2143,0.1391,2.466,5.288
15010,0.1414,0.5580,0.6469,0.5425,0.0889,0.0345,0.2729,0.2285,-0.281,5.338
6432,0.2709,0.5954,0.6843,0.5992,0.0889,0.0127,0.1748,0.1580,0.609,4.997
6572,0.1755,0.5825,0.6714,0.5941,0.0889,0.1154,0.1875,0.1662,2.902,4.248
3029,0.3468,0.6405,0.7294,0.6052,0.0889,-0.0047,0.3583,0.2812,-1.739,7.375
7664,0.4262,0.6203,0.7091,0.6229,0.0888,0.0197,0.2165,0.1799,3.241,5.255
8159,0.3372,0.5521,0.6409,0.5315,0.0888,0.0253,0.2164,0.1895,0.174,4.425
21875,0.4654,0.6963,0.7851,0.7606,0.0888,0.0149,0.0924,0.0853,0.554,2.418
159,0.4228,0.4736,0.5624,0.5045,0.0888,0.0416,0.1916,0.1802,1.138,5.806
23144,0.4088,0.6075,0.6963,0.6448,0.0888,0.0346,0.1933,0.1695,2.675,5.469
14215,0.1196,0.5290,0.6178,0.5328,0.0888,0.0242,0.2113,0.2012,0.854,4.154
1661,0.0269,0.5283,0.6170,0.5476,0.0887,-0.0671,0.2894,0.1966,-3.137,4.751
3012,0.4927,0.6401,0.7288,0.5925,0.0887,-0.0126,0.2163,0.1940,-0.170,5.255
16043,0.3316,0.5733,0.6620,0.6414,0.0887,0.0569,0.2363,0.1050,4.682,4.349
24373,0.2741,0.5237,0.6123,0.5764,0.0886,0.0899,0.1988,0.1716,1.928,4.804
8344,0.5395,0.5956,0.6842,0.6264,0.0886,0.0036,0.2410,0.1116,-4.537,2.733
24139,0.4303,0.5815,0.6701,0.5905,0.0886,-0.0012,0.1861,0.1528,-0.207,4.038
17208,0.4080,0.6534,0.7420,0.6868,0.0886,0.0633,0.1687,0.1352,-0.160,4.243
11080,0.5325,0.6000,0.6885,0.6513,0.0885,0.0173,0.1479,0.1235,0.464,4.790
19098,0.3440,0.5782,0.6667,0.6397,0.0885,0.0707,0.1854,0.1429,1.808,4.651
22380,0.3793,0.5937,0.6821,0.6227,0.0884,0.0761,0.1054,0.0550,2.336,2.655
18051,0.1600,0.6312,0.7195,0.6714,0.0883,0.0974,0.2505,0.1721,-1.181,4.924
5240,0.2866,0.5455,0.6337,0.6034,0.0883,0.0187,0.3067,0.1444,5.567,4.028
3514,0.2845,0.6680,0.7563,0.5692,0.0883,0.1557,0.2281,0.1196,4.107,3.486
6870,0.2604,0.6355,0.7237,0.6952,0.0882,0.1017,0.1623,0.1267,-0.825,3.646
5712,0.4471,0.5553,0.6434,0.7066,0.0882,0.0748,0.2346,0.1408,5.063,4.092
8617,0.4518,0.6114,0.6995,0.6619,0.0881,-0.0416,0.2648,0.2309,2.762,5.982
5640,0.5370,0.6451,0.7332,0.6606,0.0881,0.0311,0.1562,0.1015,1.654,4.722
3697,0.4371,0.5687,0.6567,0.6852,0.0881,0.0651,0.3541,0.2969,-1.268,7.515
14708,0.1975,0.5233,0.6114,0.5531,0.0881,-0.0150,0.2527,0.1554,5.673,3.686
19364,0.6118,0.7145,0.8026,0.7756,0.0881,0.0567,0.0935,0.0675,-1.029,3.413
24705,0.4482,0.6624,0.7503,0.7245,0.0880,0.0657,0.2326,0.1850,1.063,5.615
23524,0.1174,0.5323,0.6202,0.5685,0.0879,0.1673,0.1553,0.1268,3.179,3.765
11257,0.1968,0.6072,0.6951,0.7054,0.0879,0.0575,0.1459,0.1335,0.944,4.954
7290,0.3411,0.6147,0.7025,0.6566,0.0878,0.0611,0.1915,0.1046,-2.093,3.518
17855,0.5779,0.7523,0.8400,0.7716,0.0877,0.0900,0.1233,0.0849,-0.709,3.852
2260,0.3557,0.5200,0.6077,0.5510,0.0877,0.0706,0.2188,0.1422,3.894,4.694
21960,0.0877,0.5213,0.6090,0.5665,0.0877,-0.0023,0.3025,0.2354,4.465,6.237
3080,0.1044,0.5239,0.6116,0.5045,0.0877,0.0673,0.3195,0.2655,2.733,6.121
3093,0.6307,0.6258,0.7135,0.6065,0.0877,0.0103,0.1254,0.0961,0.003,4.578
11162,0.3051,0.5781,0.6658,0.5794,0.0877,0.0277,0.2584,0.2359,3.997,4.955
12877,0.2387,0.6005,0.6881,0.6804,0.0876,0.1062,0.2181,0.2182,-0.174,6.120
3253,0.1452,0.5438,0.6314,0.5966,0.0876,-0.0023,0.2793,0.2720,0.271,6.875
15630,0.4529,0.5747,0.6624,0.6714,0.0876,0.0731,0.2417,0.1325,3.368,4.206
17651,0.2938,0.6108,0.6985,0.6211,0.0876,-0.0011,0.2300,0.1672,2.586,5.124
9942,0.3750,0.4732,0.5608,0.5987,0.0876,0.0431,0.2844,0.1797,3.843,6.209
23129,-0.0369,0.4523,0.5399,0.5255,0.0876,0.0838,0.4251,0.3957,3.303,7.728
7119,0.4210,0.6976,0.7851,0.7272,0.0875,0.1137,0.1454,0.0946,-1.531,4.454
7340,0.2165,0.5483,0.6358,0.6319,0.0875,0.1073,0.2815,0.1912,-2.651,4.493
195,0.0341,0.6100,0.6976,0.6795,0.0875,0.1868,0.2652,0.1490,-2.178,4.995
2754,0.1006,0.5444,0.6319,0.6255,0.0875,0.1312,0.3689,0.1987,-3.247,5.038
15819,0.2520,0.6139,0.7014,0.6062,0.0875,0.0809,0.2285,0.2032,0.213,5.715
3782,0.2399,0.5792,0.6667,0.6088,0.0875,0.0382,0.1549,0.1486,0.501,3.555
24793,0.2657,0.5328,0.6203,0.5637,0.0875,0.0139,0.2379,0.2096,1.222,5.267
14916,-0.0246,0.5020,0.5895,0.5276,0.0875,0.0975,0.1683,0.1321,-1.292,3.066
7871,0.4522,0.6183,0.7057,0.6620,0.0874,0.0624,0.1363,0.0998,2.103,3.407
2282,0.2324,0.5797,0.6671,0.6298,0.0874,0.1054,0.1403,0.1201,-0.492,3.695
7830,0.3206,0.4833,0.5707,0.4820,0.0874,0.0069,0.2345,0.2240,-2.275,4.575
6768,0.1208,0.5257,0.6131,0.6362,0.0874,0.2360,0.1539,0.1352,2.017,4.800
3612,0.4332,0.6401,0.7275,0.6632,0.0874,0.0394,0.2621,0.2400,0.270,6.119
4773,0.3307,0.6650,0.7522,0.6778,0.0873,0.0334,0.1699,0.1192,-0.228,4.096
22139,0.4185,0.6804,0.7677,0.6380,0.0873,0.0011,0.2482,0.2104,-0.534,5.457
914,0.5164,0.6846,0.7718,0.6795,0.0872,0.0599,0.1693,0.1357,-0.273,4.162
10779,0.3955,0.6021,0.6892,0.6021,0.0871,0.0024,0.2890,0.0977,5.246,4.918
18151,0.6289,0.6818,0.7688,0.7338,0.0870,-0.0348,0.0941,0.0708,-0.718,2.809
3335,0.3044,0.5790,0.6658,0.6205,0.0868,0.0058,0.2645,0.1639,-2.784,4.716
2011,0.3329,0.6153,0.7021,0.5842,0.0868,-0.0081,0.1403,0.1194,1.575,3.581
5272,0.0518,0.4158,0.5026,0.4728,0.0868,0.0292,0.2765,0.2021,3.279,5.934
1235,0.2225,0.5337,0.6205,0.6282,0.0868,0.0326,0.2088,0.1917,1.921,4.210
9004,0.3970,0.5104,0.5972,0.4948,0.0868,0.0589,0.1060,0.0503,-1.201,1.944
2042,0.3271,0.6062,0.6930,0.5881,0.0868,0.0994,0.0991,0.0832,2.010,2.894
5404,0.3843,0.6024,0.6890,0.6457,0.0866,0.0322,0.1942,0.1561,1.803,5.167
18478,0.4544,0.6085,0.6951,0.6150,0.0866,0.0242,0.1562,0.1162,2.184,3.898
12051,0.5425,0.6370,0.7235,0.6176,0.0866,0.0244,0.2057,0.0878,4.180,4.259
308,0.4601,0.6477,0.7342,0.6890,0.0865,0.0428,0.1507,0.1349,2.898,4.367
7721,0.4399,0.6116,0.6981,0.6258,0.0865,0.0566,0.0825,0.0783,0.846,2.449
21527,0.4139,0.5871,0.6735,0.5781,0.0865,-0.0255,0.2582,0.2281,0.520,5.873
13705,0.2543,0.6181,0.7045,0.6826,0.0865,0.1753,0.3114,0.1111,-4.651,3.505
21381,0.4112,0.6284,0.7148,0.6361,0.0865,0.0046,0.2042,0.1776,-0.202,4.898
16016,0.3046,0.5561,0.6426,0.6142,0.0865,-0.0311,0.1413,0.1363,0.993,3.816
24299,0.1132,0.4929,0.5794,0.4916,0.0865,0.0535,0.2907,0.2606,-2.059,6.777
4878,0.3129,0.6637,0.7500,0.6740,0.0863,0.0426,0.1336,0.1100,1.173,4.259
23506,0.2749,0.5786,0.6649,0.5851,0.0863,0.0186,0.1676,0.1236,2.659,3.244
24739,0.3249,0.6430,0.7294,0.6701,0.0863,-0.0532,0.2594,0.2415,1.786,7.210
24657,0.6556,0.7183,0.8046,0.7898,0.0863,0.0108,0.2014,0.1595,1.777,5.350
16298,0.2266,0.5959,0.6821,0.6744,0.0862,0.1145,0.1640,0.1548,1.548,3.482
15307,0.2212,0.5920,0.6782,0.6834,0.0862,0.1385,0.2475,0.2036,-0.335,6.139
17057,0.4584,0.6332,0.7194,0.6293,0.0862,0.0231,0.1507,0.0698,2.989,2.787
2140,0.5806,0.6795,0.7658,0.7079,0.0862,0.0371,0.1063,0.0761,1.022,3.066
2192,0.3696,0.6345,0.7207,0.6808,0.0862,0.0011,0.1338,0.1221,0.375,4.624
18907,0.5815,0.7001,0.7864,0.7349,0.0862,0.0219,0.1693,0.1304,1.211,5.058
8259,0.4159,0.6136,0.6997,0.6736,0.0862,0.0821,0.2720,0.1763,3.246,5.148
17304,0.2299,0.5527,0.6388,0.5874,0.0861,0.0381,0.2423,0.2460,-1.666,5.764
8716,0.5145,0.6530,0.7391,0.7558,0.0861,0.0622,0.2102,0.1666,-2.039,5.061
1136,0.2456,0.5913,0.6774,0.5861,0.0861,0.0460,0.1758,0.1664,-0.341,4.391
7932,0.2060,0.3300,0.4161,0.4591,0.0861,0.0141,0.3897,0.0333,8.345,3.302
24959,-0.2269,0.3364,0.4224,0.3977,0.0860,0.0750,0.2596,0.0823,-3.601,2.360
743,0.2066,0.5033,0.5893,0.5437,0.0860,0.0372,0.2400,0.2012,-1.458,4.602
20418,0.3147,0.6226,0.7086,0.6406,0.0860,0.0611,0.2227,0.1924,0.307,4.221
18890,0.1281,0.5251,0.6111,0.6111,0.0860,0.0652,0.3132,0.1919,4.000,6.119
11266,0.1745,0.6256,0.7115,0.5872,0.0859,0.1437,0.1448,0.1264,0.311,4.003
18986,-0.0493,0.5139,0.5997,0.4927,0.0859,0.1227,0.3264,0.1049,6.342,4.579
20922,0.3367,0.6580,0.7438,0.6827,0.0858,0.0358,0.1540,0.1147,-0.560,4.003
1332,0.1924,0.5519,0.6377,0.5714,0.0857,0.0864,0.3071,0.2766,1.665,7.150
1901,0.3941,0.4701,0.5558,0.5260,0.0857,0.0759,0.2554,0.1651,3.699,5.728
9947,0.3955,0.6325,0.7182,0.7013,0.0857,0.0512,0.2101,0.1156,-2.250,4.175
8389,-0.0791,0.5084,0.5940,0.5681,0.0856,0.0846,0.3264,0.1847,-4.523,3.796
6247,0.5379,0.6537,0.7393,0.6926,0.0856,0.0751,0.0940,0.0890,1.311,2.488
24433,0.2449,0.5227,0.6083,0.5499,0.0856,0.0625,0.1069,0.1007,1.833,2.289
14902,0.0724,0.3947,0.4803,0.4487,0.0855,0.0478,0.3782,0.1718,6.230,5.397
18319,0.3629,0.6464,0.7319,0.6969,0.0855,0.0979,0.1887,0.1558,1.595,5.781
17047,0.2374,0.6373,0.7228,0.6425,0.0855,0.0557,0.2501,0.1431,-3.042,4.721
23348,0.3400,0.5627,0.6481,0.5058,0.0854,0.0342,0.3002,0.1171,-4.996,2.720
24150,0.2229,0.5576,0.6429,0.6779,0.0854,0.0982,0.1303,0.1219,1.031,4.391
7662,0.4965,0.6054,0.6908,0.6753,0.0854,0.0127,0.1655,0.1509,-0.022,4.357
13773,0.3180,0.4981,0.5834,0.5304,0.0854,0.1202,0.1660,0.1093,2.520,3.380
19265,0.2224,0.3692,0.4545,0.3524,0.0853,0.0109,0.3701,0.0372,7.904,3.208
16692,0.4031,0.6189,0.7041,0.5930,0.0853,-0.0127,0.1220,0.1061,0.802,2.947
6523,0.2185,0.5607,0.6460,0.5853,0.0853,0.0024,0.2095,0.1228,3.955,4.253
16507,0.2474,0.6318,0.7171,0.6512,0.0853,0.0046,0.1919,0.1528,0.081,3.703
18113,-0.0092,0.5607,0.6460,0.6344,0.0853,0.0962,0.3302,0.1352,-4.258,3.066
17639,0.3613,0.5775,0.6628,0.6098,0.0853,-0.0058,0.3709,0.1818,-6.298,4.510
699,0.3281,0.6490,0.7342,0.7252,0.0852,0.0795,0.1867,0.1495,1.588,5.155
22304,0.7118,0.6684,0.7535,0.6813,0.0852,0.0265,0.0625,0.0682,-0.351,2.413
20960,0.1987,0.6348,0.7200,0.7432,0.0852,0.1707,0.1200,0.1113,-0.069,3.557
15050,0.3066,0.6302,0.7152,0.6997,0.0851,0.0511,0.1834,0.1431,2.933,4.466
634,0.5701,0.7242,0.8093,0.7835,0.0851,0.0703,0.2395,0.1870,2.265,5.619
14085,0.0199,0.5374,0.6224,0.5683,0.0851,0.0150,0.1956,0.1307,-0.580,3.817
1585,0.3745,0.6392,0.7242,0.6211,0.0851,0.0092,0.1276,0.1039,1.091,3.484
16367,0.4022,0.5838,0.6688,0.6276,0.0851,0.0357,0.1535,0.1347,1.844,4.334
15971,0.1418,0.4993,0.5843,0.4941,0.0850,0.1073,0.3180,0.2405,2.735,5.823
10486,0.1278,0.5508,0.6358,0.6486,0.0849,0.1141,0.1755,0.1055,-2.279,3.286
5392,0.1792,0.5508,0.6358,0.5302,0.0849,0.0404,0.2743,0.2500,-0.414,5.211
2893,0.3056,0.6332,0.7181,0.6100,0.0849,0.1225,0.1961,0.1701,1.575,4.881
15721,0.4397,0.6474,0.7323,0.6255,0.0849,0.0196,0.2208,0.1921,1.372,5.352
4625,0.3912,0.6474,0.7323,0.6924,0.0849,0.0185,0.2188,0.1790,-1.338,4.610
18043,0.4452,0.6113,0.6963,0.6332,0.0849,0.0681,0.2739,0.2067,3.095,5.726
10594,0.1678,0.5740,0.6589,0.6654,0.0849,0.0725,0.1928,0.1887,-0.425,4.892
19442,0.2860,0.5946,0.6795,0.5689,0.0849,0.0621,0.2275,0.2079,0.999,6.069
5948,0.4206,0.6358,0.7207,0.6718,0.0849,0.0276,0.2659,0.2311,0.369,5.952
7986,0.0799,0.5444,0.6293,0.6036,0.0849,0.0795,0.1175,0.1001,1.525,3.095
10844,0.2785,0.5495,0.6345,0.6049,0.0849,0.0621,0.1712,0.1539,1.470,5.136
11892,0.6073,0.6214,0.7063,0.6854,0.0849,0.0557,0.2736,0.0650,5.005,3.418
6734,0.3881,0.6041,0.6889,0.6234,0.0848,0.0231,0.1093,0.0955,-0.896,3.065
16351,0.1150,0.4679,0.5527,0.5026,0.0848,0.0289,0.2294,0.2203,0.690,5.857
20913,0.6699,0.7159,0.8008,0.6684,0.0848,0.0116,0.1076,0.0683,-0.533,3.488
13744,0.2654,0.6131,0.6979,0.6131,0.0848,-0.0253,0.1617,0.1344,-0.225,4.831
23002,0.0331,0.5129,0.5977,0.5861,0.0848,0.1175,0.2849,0.1261,-3.861,4.887
13804,0.5600,0.6701,0.7549,0.6571,0.0847,0.0682,0.1841,0.1318,2.479,4.271
19725,0.4329,0.5802,0.6650,0.6521,0.0847,0.0543,0.2019,0.1910,-0.503,6.012
13783,0.3221,0.5366,0.6213,0.5597,0.0847,-0.0382,0.1985,0.1876,0.805,5.349
5541,0.3956,0.5417,0.6264,0.5340,0.0847,0.0496,0.1571,0.1504,-1.145,5.224
24166,0.3278,0.4818,0.5664,0.5833,0.0846,0.0280,0.2570,0.1117,5.400,3.972
23913,0.3581,0.5513,0.6359,0.5308,0.0846,0.0299,0.2329,0.2174,0.582,5.003
2837,0.3188,0.6192,0.7034,0.6503,0.0842,-0.0115,0.2002,0.1512,-1.893,4.182
9880,0.1149,0.3964,0.4806,0.4624,0.0842,0.1142,0.1350,0.0739,-0.964,1.808
17799,0.3438,0.4851,0.5692,0.4994,0.0841,0.0693,0.1127,0.0853,-0.201,2.568
16045,0.3647,0.6008,0.6848,0.6227,0.0840,0.0913,0.1362,0.1204,0.442,4.107
24084,0.2465,0.4780,0.5620,0.5181,0.0840,-0.0209,0.2312,0.1409,3.678,4.852
501,0.2201,0.5194,0.6034,0.5620,0.0840,0.0624,0.3242,0.2956,-1.163,6.750
20457,0.3491,0.6724,0.7563,0.6684,0.0839,0.0846,0.3350,0.2682,-3.304,7.101
13116,0.1512,0.6013,0.6852,0.6116,0.0839,0.1556,0.1375,0.1393,0.228,4.920
14677,0.4804,0.5432,0.6271,0.6065,0.0839,-0.0289,0.2111,0.1994,-1.555,5.835
3517,0.3109,0.5368,0.6206,0.5406,0.0839,0.0542,0.2408,0.2155,1.811,5.694
7344,0.2815,0.5631,0.6469,0.5928,0.0838,0.0069,0.2383,0.2186,1.398,5.220
21293,0.1572,0.4974,0.5812,0.5387,0.0838,0.0357,0.1858,0.1668,-0.198,4.669
4549,0.2846,0.6327,0.7165,0.7152,0.0838,-0.0058,0.1368,0.1236,1.255,3.985
2494,0.3509,0.5889,0.6727,0.5902,0.0838,0.0404,0.1320,0.1181,0.112,3.372
19766,0.2990,0.5773,0.6611,0.5606,0.0838,0.0231,0.2137,0.1600,4.261,4.235
9853,0.6637,0.6641,0.7477,0.7104,0.0837,-0.0091,0.0975,0.0825,0.511,4.130
16054,0.4005,0.6139,0.6976,0.6216,0.0837,-0.0533,0.1751,0.1466,1.692,4.340
20915,0.1890,0.5856,0.6692,0.6152,0.0837,0.1276,0.2518,0.1560,-2.287,5.353
14801,0.3355,0.5483,0.6319,0.6963,0.0837,0.0475,0.2710,0.2275,-1.759,5.639
18249,0.0370,0.5051,0.5887,0.5013,0.0835,0.0452,0.2325,0.2287,-2.029,4.690
24637,0.5339,0.7163,0.7997,0.7548,0.0834,0.0139,0.1666,0.1409,-0.758,4.430
16269,0.3812,0.6008,0.6842,0.6624,0.0834,0.0404,0.1989,0.1879,-0.388,5.545
657,0.2296,0.6380,0.7214,0.6508,0.0834,0.0483,0.2626,0.2226,-1.436,5.170
7755,0.2284,0.6085,0.6919,0.6226,0.0834,0.0625,0.3424,0.2817,-2.459,6.971
1508,0.4427,0.6406,0.7240,0.6855,0.0834,0.0312,0.2743,0.1701,-3.204,4.854
12304,0.4451,0.6003,0.6836,0.6693,0.0833,0.0593,0.2998,0.1055,5.844,4.339
5889,0.4094,0.5703,0.6536,0.6185,0.0833,0.0036,0.3734,0.3634,0.874,8.603
13153,0.2947,0.5667,0.6500,0.6090,0.0833,0.0668,0.2179,0.1894,0.705,5.604
17291,0.4033,0.6526,0.7359,0.6782,0.0833,-0.0035,0.1333,0.1112,1.371,3.637
11292,0.1410,0.5299,0.6130,0.6325,0.0831,0.0571,0.3591,0.1889,-4.071,5.513
14261,0.2696,0.5338,0.6169,0.5338,0.0831,0.0484,0.1003,0.0628,-0.812,2.405
14733,0.1854,0.5351,0.6182,0.5039,0.0831,0.0792,0.0765,0.0809,1.401,1.823
14413,0.3588,0.5211,0.6042,0.5567,0.0831,-0.0035,0.1357,0.1252,0.141,3.197
4778,0.5226,0.7095,0.7925,0.7328,0.0830,0.0323,0.1573,0.1159,1.920,4.446
13701,0.3896,0.6813,0.7642,0.7085,0.0829,0.0774,0.2257,0.1634,3.012,5.399
23689,0.3058,0.5440,0.6269,0.5622,0.0829,0.0184,0.2217,0.1377,4.029,4.398
7532,0.2800,0.5142,0.5972,0.5427,0.0829,0.0256,0.1817,0.1071,-2.513,2.613
6447,0.3141,0.5272,0.6101,0.5181,0.0829,0.0162,0.2832,0.2032,3.447,6.063
22520,0.1616,0.5184,0.6013,0.5737,0.0829,-0.0482,0.4506,0.2597,-7.507,5.123
7529,0.6256,0.6210,0.7038,0.6300,0.0828,0.0162,0.1633,0.0939,3.147,3.701
9631,0.4713,0.6326,0.7154,0.6559,0.0828,0.0483,0.1104,0.1097,1.614,3.412
3501,0.5319,0.6197,0.7025,0.6352,0.0828,0.0452,0.1378,0.0583,2.780,2.815
24658,0.1952,0.4812,0.5640,0.5071,0.0828,0.0418,0.2034,0.1499,4.443,4.506
12456,0.3436,0.5956,0.6783,0.5891,0.0827,-0.0116,0.2149,0.2018,0.467,5.263
6404,0.2155,0.4528,0.5354,0.4029,0.0827,0.0665,0.3564,0.2866,4.717,6.105
15155,0.1462,0.5974,0.6800,0.6606,0.0826,0.0879,0.2309,0.1296,-1.943,4.177
22898,0.1510,0.5613,0.6439,0.5342,0.0826,0.0624,0.2164,0.1209,5.041,3.453
17579,0.4559,0.6065,0.6890,0.6413,0.0826,0.0023,0.1757,0.0996,3.552,3.982
2767,0.5265,0.6116,0.6942,0.6323,0.0826,0.0509,0.2385,0.1272,5.194,4.008
12845,0.3621,0.6413,0.7239,0.6426,0.0826,0.0185,0.1291,0.1052,2.875,2.656
16410,0.5242,0.7458,0.8284,0.7484,0.0826,0.1122,0.1764,0.1197,-1.380,4.383
17118,0.1330,0.5587,0.6413,0.6000,0.0826,-0.0139,0.3347,0.3146,2.129,6.381
336,0.3844,0.6082,0.6907,0.6443,0.0825,0.0337,0.1877,0.1585,-1.372,4.324
19505,0.2069,0.6070,0.6894,0.6057,0.0825,0.0564,0.1876,0.1594,1.519,4.204
15886,0.1437,0.6031,0.6856,0.6727,0.0825,0.0484,0.1797,0.1712,0.723,4.189
24716,0.1885,0.5348,0.6173,0.5464,0.0825,0.0105,0.1917,0.1534,2.068,4.572
16605,0.4212,0.5644,0.6469,0.6018,0.0825,0.0163,0.2278,0.1256,4.087,5.251
2052,0.3580,0.5735,0.6559,0.6624,0.0825,0.0034,0.2006,0.1878,1.800,5.203
5499,0.2936,0.5915,0.6740,0.5464,0.0825,0.0752,0.0771,0.0499,-0.034,1.814
2827,0.4734,0.5515,0.6340,0.5593,0.0825,-0.0323,0.2583,0.2286,1.219,6.127
16046,0.3671,0.6198,0.7023,0.6649,0.0825,0.0922,0.2135,0.0579,4.378,2.710
14282,0.4019,0.6173,0.6997,0.5567,0.0825,0.0254,0.1866,0.1055,3.870,3.572
22648,0.2379,0.5586,0.6409,0.5508,0.0824,0.0748,0.1253,0.1083,0.262,3.332
2388,0.2338,0.5212,0.6036,0.4389,0.0824,0.0451,0.2843,0.2633,2.031,6.635
5173,0.5716,0.6512,0.7336,0.7066,0.0824,0.0404,0.1411,0.1239,-0.715,4.548
8233,0.2225,0.5856,0.6680,0.6538,0.0824,0.0058,0.2787,0.2118,-0.608,5.650
19848,0.2805,0.5291,0.6113,0.5404,0.0823,0.0121,0.0810,0.0759,1.181,2.164
14624,0.2201,0.5064,0.5887,0.5051,0.0823,0.0371,0.1361,0.1079,3.602,2.482
428,0.4084,0.5938,0.6761,0.6362,0.0823,0.0437,0.3025,0.2624,-0.614,6.475
9445,0.2948,0.5373,0.6195,0.5784,0.0823,-0.0046,0.2860,0.2606,0.574,5.480
20769,0.3755,0.5566,0.6388,0.5913,0.0823,0.0544,0.1210,0.0950,2.041,3.211
9837,0.2606,0.6234,0.7057,0.6941,0.0823,0.1316,0.2472,0.2391,1.490,6.438
18941,0.3834,0.6324,0.7147,0.6015,0.0823,0.0845,0.3265,0.2858,1.300,7.436
22799,0.4241,0.6008,0.6829,0.6290,0.0822,0.0981,0.1241,0.1075,0.455,4.182
20165,0.3083,0.5931,0.6752,0.6534,0.0822,0.0312,0.2669,0.2302,2.085,5.889
24665,0.3570,0.5385,0.6206,0.5280,0.0821,0.0811,0.3046,0.0667,6.245,2.818
12942,0.6432,0.6589,0.7409,0.6888,0.0820,0.0220,0.1472,0.0611,3.243,2.134
20144,0.3286,0.4876,0.5696,0.5189,0.0819,0.0254,0.2238,0.1052,3.779,3.390
5591,0.2347,0.4896,0.5712,0.4987,0.0816,0.0387,0.2764,0.2550,0.657,5.567
24223,0.3426,0.5712,0.6528,0.5907,0.0816,-0.0289,0.1748,0.1456,3.512,3.948
23581,0.6270,0.5972,0.6788,0.6671,0.0816,0.0070,0.2084,0.1240,3.114,4.537
17321,0.4216,0.5084,0.5899,0.5537,0.0815,0.0440,0.2393,0.0988,5.316,3.185
12917,0.2711,0.5498,0.6313,0.5666,0.0815,-0.1249,0.1231,0.1016,1.589,2.474
24521,0.4145,0.5866,0.6680,0.5930,0.0814,-0.0323,0.1841,0.1639,2.638,4.473
13338,0.3120,0.5891,0.6705,0.6047,0.0814,0.0197,0.1158,0.1000,2.330,2.749
16122,0.0161,0.2897,0.3710,0.3434,0.0814,0.1334,0.5195,0.0637,-8.804,1.678
2796,0.2695,0.5813,0.6626,0.6423,0.0813,0.0545,0.2017,0.0995,-2.537,3.269
17448,0.0201,0.5574,0.6387,0.5781,0.0813,0.1575,0.2302,0.1261,-2.109,3.109
14129,0.3566,0.6400,0.7213,0.6813,0.0813,0.1312,0.2809,0.2409,-0.537,6.907
6451,0.5268,0.6942,0.7755,0.7213,0.0813,0.0414,0.2680,0.2192,1.483,6.767
2217,0.3537,0.5781,0.6594,0.6645,0.0813,0.0624,0.1691,0.1134,2.507,4.537
2150,0.1463,0.5636,0.6448,0.6160,0.0813,0.0163,0.3653,0.1058,-5.433,2.900
11015,0.3195,0.5451,0.6263,0.5966,0.0812,-0.0369,0.1999,0.1670,4.340,4.133
12706,0.3348,0.5657,0.6469,0.5954,0.0812,0.0139,0.1414,0.1163,3.198,2.930
6853,0.3857,0.6392,0.7204,0.5851,0.0812,0.1018,0.2828,0.2480,1.633,6.258
17486,0.5050,0.5696,0.6508,0.6327,0.0812,0.0778,0.1973,0.1258,4.240,3.455
16088,0.5295,0.6843,0.7655,0.7178,0.0812,0.0116,0.0720,0.0680,0.488,2.829
8144,0.3069,0.4228,0.5039,0.3914,0.0812,0.0301,0.1409,0.0725,3.303,1.806
9615,0.3993,0.6049,0.6860,0.6499,0.0811,0.0414,0.1828,0.1552,1.882,5.881
18560,0.1491,0.5804,0.6615,0.6384,0.0811,0.0394,0.2546,0.2694,2.633,5.492
24979,0.4601,0.5418,0.6229,0.5753,0.0811,-0.0531,0.2349,0.2057,2.167,6.316
12896,0.4802,0.6100,0.6911,0.6281,0.0811,0.0682,0.2653,0.2247,1.941,6.122
4715,0.6860,0.6937,0.7748,0.7143,0.0811,0.0599,0.1107,0.0685,1.727,3.679
16735,0.5651,0.6915,0.7725,0.7882,0.0810,0.0186,0.3238,0.2854,-1.806,7.019
24664,0.3921,0.6812,0.7622,0.6967,0.0810,0.0035,0.2531,0.2185,0.665,5.977
16648,0.2098,0.5141,0.5951,0.5000,0.0810,-0.0254,0.2425,0.2070,2.821,4.404
5242,0.1854,0.6208,0.7018,0.6761,0.0810,0.1277,0.2096,0.1706,1.433,5.795
5800,0.2766,0.6350,0.7159,0.6658,0.0810,0.0449,0.1892,0.1138,-2.136,4.530
24075,0.6839,0.6594,0.7404,0.7172,0.0810,0.0069,0.2036,0.1713,0.680,6.344
268,0.6820,0.7751,0.8560,0.7905,0.0810,0.0853,0.2387,0.1702,-2.637,6.508
12966,0.5422,0.5925,0.6735,0.6401,0.0810,0.0427,0.2646,0.2218,0.236,7.076
19173,0.4319,0.6555,0.7365,0.6710,0.0810,0.0577,0.1471,0.1247,1.133,4.861
7058,0.1810,0.5925,0.6735,0.6825,0.0810,0.0611,0.2401,0.2062,-0.224,4.646
1211,0.0735,0.5443,0.6252,0.5674,0.0809,-0.0403,0.1736,0.1790,-0.429,4.488
22068,0.3589,0.7047,0.7856,0.7394,0.0809,0.1110,0.1975,0.1695,0.062,5.923
6277,0.0658,0.5564,0.6372,0.6359,0.0808,0.1026,0.2708,0.1849,-2.309,5.205
5993,0.1888,0.5491,0.6299,0.6137,0.0808,-0.0118,0.4100,0.2712,-3.701,6.443
12841,0.3176,0.3957,0.4764,0.4347,0.0808,0.0082,0.3428,0.0563,6.845,3.709
710,0.3880,0.5677,0.6484,0.5872,0.0807,0.0589,0.1835,0.1236,3.298,4.411
15393,0.4575,0.7204,0.8010,0.7399,0.0806,0.0810,0.3413,0.2225,-3.038,6.333
7348,-0.0056,0.5227,0.6031,0.5019,0.0804,0.0372,0.0838,0.0863,1.225,1.944
20248,0.2974,0.5507,0.6311,0.5296,0.0804,0.0303,0.3081,0.2776,-0.042,6.629
14269,0.1839,0.5479,0.6282,0.5622,0.0803,0.0509,0.2150,0.1115,-2.101,2.951
13430,0.3743,0.5725,0.6528,0.5984,0.0803,-0.0210,0.0747,0.0803,0.832,2.097
8714,0.2498,0.5440,0.6244,0.5246,0.0803,0.0245,0.0994,0.0959,0.076,1.945
8176,0.2423,0.5355,0.6158,0.5632,0.0803,0.1385,0.1950,0.1770,0.816,4.890
22407,0.5214,0.5873,0.6675,0.6468,0.0802,0.0288,0.1252,0.0899,1.909,2.887
6156,0.4540,0.6442,0.7245,0.6701,0.0802,0.0242,0.1124,0.0946,0.414,3.539
16527,0.2343,0.6041,0.6843,0.6533,0.0802,0.1354,0.2858,0.1570,-3.033,4.146
19253,0.3506,0.4574,0.5375,0.4948,0.0801,0.1053,0.2589,0.0639,5.750,2.978
5895,0.5427,0.6938,0.7739,0.7209,0.0801,0.0615,0.1158,0.1029,0.169,4.483
17633,0.2425,0.5930,0.6731,0.6408,0.0801,0.0358,0.2487,0.1471,4.018,4.646
22124,0.1035,0.5323,0.6124,0.5633,0.0801,0.1977,0.2911,0.2835,-0.459,6.298
7581,0.2470,0.5917,0.6718,0.6292,0.0801,0.0739,0.2415,0.1334,-3.709,3.863
12935,0.4193,0.6181,0.6981,0.6632,0.0800,-0.0220,0.2209,0.1193,5.455,2.953
16675,0.1508,0.3665,0.4465,0.3587,0.0800,0.0058,0.1739,0.1582,1.664,5.102
22331,0.4199,0.5626,0.6426,0.6400,0.0800,0.0266,0.2943,0.2578,0.272,6.220
12352,0.3845,0.6237,0.7036,0.5541,0.0799,0.0809,0.1860,0.1578,-1.339,5.143
13505,0.3954,0.5773,0.6572,0.6559,0.0799,0.0142,0.2696,0.1758,3.182,5.782
12692,0.0494,0.5361,0.6160,0.5747,0.0799,0.0483,0.1748,0.1635,1.249,4.016
11403,0.2574,0.5915,0.6714,0.6701,0.0799,0.0407,0.2119,0.1506,3.676,5.864
8311,0.2006,0.6095,0.6894,0.6959,0.0799,0.0688,0.2588,0.2437,0.440,6.451
19813,0.2034,0.5490,0.6289,0.6186,0.0799,0.0846,0.3199,0.2382,-1.813,5.793
4068,0.3443,0.5650,0.6448,0.6461,0.0798,0.0495,0.1545,0.1241,0.179,3.182
16376,0.4256,0.7349,0.8147,0.6988,0.0798,0.0600,0.1657,0.0898,2.315,3.451
20235,0.5223,0.5753,0.6551,0.6319,0.0798,0.0369,0.1931,0.1595,1.625,4.727
23927,0.2976,0.5753,0.6551,0.5843,0.0798,0.0886,0.1058,0.0992,0.213,3.290
11721,0.5402,0.6692,0.7490,0.6731,0.0798,0.0196,0.2017,0.1515,3.140,4.967
19482,0.4365,0.5367,0.6165,0.5611,0.0798,0.0254,0.2286,0.2041,1.081,5.086
4556,0.7030,0.7216,0.8013,0.7621,0.0797,0.0426,0.2622,0.1456,2.959,5.607
16937,0.4167,0.5990,0.6787,0.5887,0.0797,0.0254,0.1985,0.1265,4.289,4.115
1383,0.5389,0.6722,0.7519,0.7288,0.0797,0.0035,0.1413,0.1229,1.662,3.988
5925,0.2016,0.5707,0.6504,0.6131,0.0797,0.0577,0.1602,0.1426,1.522,4.091
3049,0.4000,0.6015,0.6812,0.5913,0.0797,0.0405,0.1646,0.1359,1.779,4.214
18313,0.2105,0.6221,0.7018,0.6260,0.0797,0.0749,0.1091,0.0834,0.526,3.107
2441,0.3294,0.6452,0.7249,0.6517,0.0797,0.0439,0.2693,0.2447,0.782,6.298
7045,0.4077,0.6517,0.7314,0.6542,0.0797,-0.0035,0.2312,0.1908,2.600,4.387
16526,0.3067,0.5982,0.6778,0.6226,0.0796,0.0150,0.1603,0.1415,-0.056,4.527
8885,-0.0031,0.5619,0.6415,0.6480,0.0795,0.1136,0.1161,0.1039,1.960,2.480
3651,0.5526,0.6120,0.6914,0.6680,0.0794,0.0476,0.3082,0.1131,5.214,4.231
22369,0.3351,0.5117,0.5909,0.5247,0.0792,0.0173,0.1427,0.1313,0.345,4.057
21860,0.3603,0.6381,0.7173,0.6680,0.0791,-0.0277,0.1432,0.1121,-1.132,3.098
8936,0.2443,0.5759,0.6550,0.6187,0.0791,0.0047,0.3061,0.2874,2.982,6.184
9815,0.3576,0.5784,0.6574,0.5863,0.0791,0.0129,0.0801,0.0518,0.004,1.466
16744,0.4604,0.6736,0.7526,0.6891,0.0790,0.1093,0.2169,0.1155,3.555,3.689
20468,0.2553,0.4961,0.5751,0.4598,0.0790,0.0012,0.3318,0.3156,0.844,6.762
6553,0.4551,0.6399,0.7189,0.7021,0.0790,0.0011,0.2084,0.1558,1.898,4.808
9783,0.3397,0.5162,0.5951,0.5834,0.0789,0.0683,0.1638,0.1104,3.516,3.513
13731,0.6224,0.6973,0.7762,0.7400,0.0789,-0.0069,0.1797,0.1436,1.211,5.436
16995,0.1154,0.4321,0.5110,0.4605,0.0789,0.0695,0.3350,0.3128,1.166,6.756
6476,0.3813,0.6572,0.7361,0.6921,0.0789,0.0673,0.1968,0.1403,4.101,4.276
21867,0.5490,0.6895,0.7684,0.6792,0.0789,0.0289,0.0981,0.1004,2.275,2.569
5117,0.6167,0.7439,0.8228,0.7736,0.0789,0.0161,0.2000,0.1054,3.272,4.046
7730,0.5107,0.6008,0.6796,0.6085,0.0788,0.0058,0.1679,0.0919,3.471,3.798
15257,0.3247,0.5904,0.6693,0.6344,0.0788,0.0242,0.1609,0.1370,1.642,4.846
11144,0.3846,0.5568,0.6357,0.6047,0.0788,0.0104,0.2215,0.1397,4.305,4.127
20450,0.3001,0.5801,0.6589,0.5775,0.0788,0.0802,0.3074,0.2866,-0.469,7.074
7906,0.4837,0.5971,0.6759,0.6339,0.0787,0.0179,0.2968,0.2802,0.342,7.569
3174,0.3975,0.5729,0.6516,0.6129,0.0787,0.0266,0.1260,0.1208,0.277,3.234
9126,0.6083,0.7148,0.7935,0.7677,0.0787,0.0954,0.2080,0.1082,2.752,4.737
2178,0.2265,0.5174,0.5961,0.4890,0.0787,0.0610,0.1304,0.1216,1.446,3.421
9899,0.3206,0.5438,0.6224,0.5722,0.0786,0.0462,0.1184,0.1117,1.047,4.555
2757,0.4396,0.6559,0.7345,0.5941,0.0786,-0.0012,0.1662,0.1157,2.946,3.562
8293,0.3032,0.6263,0.7049,0.6392,0.0786,0.0162,0.1912,0.1735,-0.958,4.371
15522,0.2131,0.5361,0.6147,0.5541,0.0786,0.0230,0.1298,0.1206,2.447,4.169
13337,0.3724,0.6237,0.7023,0.6314,0.0786,0.0288,0.3206,0.2589,-1.963,6.564
11728,0.4231,0.5503,0.6289,0.6070,0.0786,0.0647,0.2473,0.0737,5.164,2.798
1398,0.2578,0.5786,0.6572,0.6031,0.0786,0.0750,0.1440,0.1191,1.983,3.417
17307,-0.2740,0.3548,0.4334,0.4236,0.0785,0.0146,0.1271,0.0624,-0.564,0.683
15161,0.3462,0.5792,0.6577,0.5766,0.0785,0.0264,0.2456,0.2209,1.636,5.536
18864,0.4063,0.5560,0.6345,0.5573,0.0785,0.0495,0.2261,0.1319,3.559,4.095
21437,0.4996,0.6422,0.7207,0.7079,0.0785,0.0207,0.1768,0.1430,1.063,5.687
10632,0.2974,0.5109,0.5894,0.5766,0.0785,0.0300,0.2334,0.2200,1.912,4.796
18562,0.4559,0.6319,0.7104,0.6422,0.0785,0.0542,0.2048,0.1826,1.404,5.066
3941,0.5633,0.6306,0.7091,0.6705,0.0785,0.0405,0.1540,0.1067,2.659,3.275
18161,0.3032,0.4865,0.5650,0.5560,0.0785,0.0279,0.2702,0.1006,6.506,1.993
16235,0.1934,0.5560,0.6345,0.5199,0.0785,0.1082,0.2042,0.1789,-0.733,4.794
14567,0.4951,0.7211,0.7995,0.7558,0.0784,0.1274,0.1342,0.1107,-0.505,4.242
19444,0.2999,0.5334,0.6118,0.6105,0.0784,0.0357,0.1404,0.1463,0.055,4.245
11920,0.3555,0.5913,0.6697,0.5913,0.0784,0.0592,0.1869,0.1183,-2.782,2.720
12120,0.4803,0.5386,0.6170,0.5668,0.0784,0.0231,0.1195,0.1033,0.976,3.740
9760,0.2951,0.5553,0.6337,0.5733,0.0784,0.0496,0.2125,0.2034,0.735,4.790
4263,0.4139,0.6131,0.6915,0.6234,0.0784,0.0196,0.2499,0.2118,1.633,5.259
22273,0.5861,0.6118,0.6902,0.6838,0.0784,-0.0023,0.1950,0.1362,2.329,4.790
15035,0.0963,0.6028,0.6812,0.6208,0.0784,0.0658,0.2014,0.1330,-1.722,3.428
3810,0.5415,0.6722,0.7506,0.6915,0.0784,-0.0069,0.2023,0.1561,-0.963,5.467
4858,0.2406,0.6046,0.6829,0.6008,0.0783,-0.0426,0.2403,0.2323,-0.890,6.033
17371,0.5663,0.6881,0.7664,0.7471,0.0783,0.0219,0.1746,0.1332,1.783,4.598
11221,0.3732,0.5911,0.6693,0.5924,0.0781,0.0127,0.3222,0.2578,4.114,6.869
9055,0.1087,0.6619,0.7399,0.6606,0.0780,0.0482,0.3938,0.2076,-5.192,5.928
19395,0.3517,0.5330,0.6108,0.5686,0.0778,-0.0092,0.3137,0.1337,5.260,3.906
3767,0.0601,0.5045,0.5824,0.4462,0.0778,-0.0105,0.1776,0.1615,2.008,3.426
20631,0.4349,0.5344,0.6122,0.5499,0.0778,-0.0432,0.2184,0.1428,4.054,4.707
24899,0.3229,0.5694,0.6472,0.6381,0.0778,0.0600,0.2383,0.1935,3.141,5.027
24070,0.0859,0.5052,0.5829,0.5013,0.0777,0.0302,0.2304,0.1306,5.541,3.513
10720,0.3209,0.6049,0.6826,0.6541,0.0777,0.0126,0.3497,0.3254,0.476,7.197
6461,0.4049,0.6184,0.6960,0.6080,0.0776,0.0394,0.3244,0.2940,-2.243,7.359
16882,0.0483,0.5369,0.6145,0.5899,0.0776,-0.0034,0.2003,0.1679,-0.041,5.346
8480,0.3413,0.5677,0.6452,0.5742,0.0775,0.0128,0.3317,0.1673,5.736,5.311
21973,0.2981,0.5659,0.6434,0.5685,0.0775,0.0668,0.2890,0.2616,-0.844,6.785
23260,0.5767,0.7093,0.7868,0.7571,0.0775,0.0577,0.1429,0.0856,2.849,3.095
22874,0.1482,0.5118,0.5892,0.4843,0.0774,0.0590,0.2801,0.2517,2.177,6.405
6536,0.3655,0.6052,0.6826,0.7161,0.0774,0.0196,0.2020,0.1639,-2.555,4.336
14180,0.3322,0.6194,0.6968,0.6232,0.0774,0.0449,0.1988,0.1765,0.466,4.754
8867,0.2345,0.5052,0.5825,0.4742,0.0773,-0.0094,0.2023,0.1545,-2.037,4.127
18436,0.3269,0.5155,0.5928,0.5464,0.0773,0.0035,0.1955,0.1635,1.624,5.358
1781,0.3471,0.6637,0.7410,0.6701,0.0773,0.0463,0.2172,0.1354,4.055,3.864
2684,0.4247,0.6662,0.7436,0.6881,0.0773,0.0636,0.1033,0.0871,1.357,2.790
22764,0.2930,0.5683,0.6456,0.5503,0.0773,0.0809,0.2204,0.1975,1.094,5.780
8558,0.2475,0.6366,0.7139,0.6031,0.0773,0.0587,0.2359,0.1843,3.581,4.976
1924,0.5732,0.6830,0.7603,0.7320,0.0773,0.0449,0.2215,0.1747,1.386,5.131
9984,0.3261,0.5830,0.6602,0.5753,0.0772,0.0484,0.1980,0.1766,-1.293,4.340
22553,-0.1437,0.4749,0.5521,0.5495,0.0772,0.0774,0.2813,0.2052,4.062,5.487
19243,0.2648,0.5869,0.6641,0.6680,0.0772,0.0230,0.2004,0.1785,1.145,5.283
14122,0.3317,0.5495,0.6268,0.6049,0.0772,0.0519,0.2453,0.2314,1.026,5.976
11817,0.1024,0.5961,0.6732,0.6092,0.0771,0.0444,0.2755,0.1175,4.846,4.691
6207,0.2924,0.6285,0.7057,0.6311,0.0771,0.0335,0.1967,0.1641,0.658,4.528
4025,0.3585,0.5887,0.6658,0.5694,0.0771,0.0510,0.2844,0.2644,-0.413,6.771
17232,0.6721,0.7185,0.7956,0.7686,0.0771,0.0529,0.1824,0.1225,0.800,5.199
20475,0.2240,0.5244,0.6015,0.5527,0.0771,0.0878,0.2117,0.1722,1.587,5.033
16523,0.3202,0.5463,0.6234,0.6979,0.0771,0.0898,0.1708,0.1499,0.102,4.508
5828,0.1475,0.5900,0.6671,0.6183,0.0771,0.0276,0.2095,0.1936,1.758,4.979
2480,0.2464,0.5835,0.6607,0.6015,0.0771,0.1018,0.1757,0.1636,0.097,5.635
5234,0.3084,0.5360,0.6131,0.5141,0.0771,0.0196,0.2835,0.2547,-0.540,5.592
4300,0.2970,0.5560,0.6331,0.5658,0.0770,0.0373,0.3206,0.2922,1.592,7.261
13506,0.4375,0.6619,0.7389,0.6697,0.0770,0.0745,0.1709,0.1971,0.136,5.190
13474,0.4419,0.6149,0.6919,0.6162,0.0770,0.0138,0.1797,0.1728,-0.504,4.750
9738,0.2795,0.6380,0.7150,0.6277,0.0770,-0.0081,0.2167,0.2065,0.674,4.856
21040,0.6579,0.6508,0.7279,0.6162,0.0770,-0.0358,0.1926,0.1520,-1.135,4.997
375,0.1442,0.4564,0.5333,0.5038,0.0769,-0.0184,0.2455,0.2411,1.096,5.834
5087,0.6462,0.7445,0.8214,0.8018,0.0769,0.0255,0.1182,0.0800,-1.570,3.375
12163,0.1430,0.5318,0.6088,0.5265,0.0769,0.0609,0.3281,0.3150,1.591,6.612
15287,0.2321,0.6628,0.7396,0.7096,0.0768,0.0785,0.3490,0.2004,-3.233,5.957
12370,0.3734,0.6814,0.7581,0.6866,0.0767,0.1629,0.1161,0.0590,2.650,2.370
14589,0.2700,0.5558,0.6325,0.5753,0.0766,0.1157,0.2688,0.1660,3.882,5.288
1567,0.1554,0.5740,0.6506,0.5558,0.0766,0.0744,0.1383,0.0730,3.065,2.001
22723,-0.2900,0.4747,0.5512,0.5383,0.0765,0.1226,0.2405,0.1715,4.978,4.429
19883,0.2185,0.5207,0.5972,0.5220,0.0764,0.0634,0.2108,0.0947,4.443,2.542
9776,0.1109,0.6140,0.6904,0.6503,0.0764,0.1016,0.0955,0.0771,-0.160,2.345
15063,0.2182,0.5389,0.6153,0.5933,0.0764,0.0430,0.2644,0.1087,5.138,3.761
11771,0.1662,0.5420,0.6184,0.5770,0.0763,0.0311,0.0952,0.0879,0.199,3.167
6894,0.1536,0.5783,0.6546,0.6119,0.0763,0.0487,0.1399,0.1275,0.850,3.494
9596,0.6083,0.6977,0.7739,0.7455,0.0762,0.0554,0.2030,0.1403,2.099,5.778
19639,0.5110,0.5394,0.6155,0.5781,0.0761,0.0150,0.1785,0.1612,-0.484,4.805
19487,0.3783,0.5858,0.6619,0.6155,0.0761,0.0080,0.1319,0.1096,0.921,4.192
22282,0.4033,0.5432,0.6194,0.4865,0.0761,0.0208,0.2086,0.0925,3.954,3.454
2878,0.4036,0.6903,0.7665,0.7213,0.0761,0.0370,0.2748,0.1759,-3.493,4.237
21206,0.6088,0.7019,0.7781,0.7690,0.0761,0.0323,0.2745,0.0692,5.483,3.490
5284,0.4712,0.6039,0.6800,0.5858,0.0761,0.0103,0.1500,0.1339,3.249,3.820
9795,0.1850,0.5368,0.6129,0.5303,0.0761,-0.0000,0.1620,0.1446,-0.930,4.196
24799,0.3900,0.5768,0.6529,0.5781,0.0761,-0.0139,0.2571,0.1641,-3.385,4.239
23971,0.3746,0.6555,0.7316,0.7135,0.0761,0.0531,0.2364,0.1745,-2.634,4.433
9774,0.5067,0.6031,0.6791,0.6108,0.0760,0.0358,0.1792,0.1567,-0.404,4.461
23051,-0.0724,0.3698,0.4459,0.3905,0.0760,0.0382,0.1975,0.1417,3.589,3.090
705,0.5233,0.6843,0.7603,0.7036,0.0760,0.0150,0.1214,0.0973,1.738,3.337
17392,0.0918,0.5812,0.6572,0.6250,0.0760,0.1455,0.1307,0.1113,0.153,3.378
8132,0.4691,0.6186,0.6946,0.6843,0.0760,0.0706,0.2905,0.2615,-0.864,6.683
14370,0.5624,0.5699,0.6459,0.6472,0.0760,-0.0047,0.2944,0.1172,6.165,5.538
8161,0.5130,0.7297,0.8057,0.7580,0.0759,-0.0092,0.1989,0.1616,-0.395,4.747
1619,0.2215,0.5508,0.6268,0.5740,0.0759,0.0750,0.2474,0.2201,1.446,5.631
24304,0.5532,0.6821,0.7580,0.7580,0.0759,0.0162,0.2044,0.1410,2.249,4.705
10466,0.3015,0.5907,0.6667,0.5521,0.0759,-0.0231,0.1259,0.0945,3.095,2.323
15563,0.2004,0.5170,0.5929,0.5785,0.0759,0.0889,0.3547,0.1398,-4.929,4.018
22457,0.4367,0.5105,0.5864,0.5327,0.0759,-0.0166,0.2153,0.1424,3.179,4.523
23500,0.0014,0.4447,0.5206,0.5180,0.0759,0.0378,0.5156,0.1520,-6.996,4.858
13584,0.4672,0.6311,0.7069,0.6260,0.0758,-0.0266,0.1724,0.1432,-0.063,4.153
15992,0.2182,0.5501,0.6260,0.5977,0.0758,-0.0081,0.2731,0.2347,-1.398,4.554
22647,0.4114,0.6941,0.7699,0.7211,0.0758,0.0428,0.1646,0.1365,0.004,3.449
15894,0.4589,0.6054,0.6812,0.6221,0.0758,0.0184,0.2097,0.1843,0.825,4.554
12160,0.4455,0.6573,0.7330,0.7176,0.0757,0.0611,0.2741,0.2514,0.888,6.047
7585,0.2857,0.6675,0.7433,0.6624,0.0757,0.1144,0.1144,0.0740,-0.495,2.228
13544,0.3006,0.5944,0.6701,0.6110,0.0757,0.0427,0.1594,0.1166,2.691,4.216
24476,0.3586,0.6496,0.7253,0.6739,0.0757,0.0161,0.2323,0.2002,0.979,5.648
19738,0.4163,0.6406,0.7163,0.7009,0.0757,0.0509,0.1984,0.1368,-3.837,3.518
18293,0.2936,0.6854,0.7611,0.7363,0.0757,0.0611,0.2818,0.1754,-2.827,5.260
15836,0.3577,0.6282,0.7038,0.6718,0.0756,0.0335,0.1687,0.1333,-1.852,3.792
2586,0.0513,0.5072,0.5828,0.6089,0.0756,0.0798,0.1654,0.1667,2.904,4.055
9654,0.4931,0.6428,0.7184,0.6571,0.0756,0.0221,0.2144,0.0929,4.088,3.675
21611,0.1070,0.5553,0.6307,0.5527,0.0754,-0.0361,0.1708,0.1321,2.476,3.304
11875,0.0738,0.5655,0.6407,0.5305,0.0752,0.0128,0.1126,0.0803,2.395,2.320
11159,0.5132,0.6161,0.6913,0.7017,0.0752,0.0046,0.2203,0.1411,4.956,4.650
24346,0.0923,0.4944,0.5696,0.5390,0.0752,0.0800,0.1818,0.1683,0.133,3.408
6656,0.4753,0.6114,0.6865,0.5699,0.0751,0.0843,0.2171,0.1362,3.925,4.325
15600,0.0496,0.4223,0.4974,0.4067,0.0751,0.0553,0.2087,0.1146,3.177,4.950
3642,0.0817,0.5984,0.6736,0.6567,0.0751,0.1315,0.2968,0.2593,0.128,6.678
21478,0.1665,0.4696,0.5446,0.4877,0.0750,0.0840,0.1624,0.0975,2.911,2.679
20682,0.4584,0.6145,0.6895,0.6792,0.0750,0.0730,0.2681,0.1244,4.584,4.564
12482,0.2927,0.6352,0.7102,0.5925,0.0750,-0.0531,0.1762,0.1349,2.655,4.586
16163,0.1699,0.6093,0.6843,0.6093,0.0750,-0.0996,0.1020,0.0931,0.985,2.886
14520,0.4594,0.5356,0.6106,0.5433,0.0750,0.0521,0.2219,0.0653,4.349,3.158
24019,0.5316,0.6705,0.7455,0.7222,0.0749,0.0442,0.2601,0.1149,3.900,5.209
3248,-0.1228,0.4109,0.4858,0.4574,0.0749,0.0683,0.1795,0.1403,0.214,3.152
854,0.4174,0.6473,0.7222,0.6550,0.0749,0.0243,0.2027,0.1369,-0.993,4.270
11882,0.2639,0.5548,0.6297,0.5742,0.0748,0.0466,0.2125,0.1428,3.106,4.196
6721,0.4489,0.6645,0.7394,0.6503,0.0748,-0.0241,0.1692,0.1424,3.058,4.080
8109,0.2232,0.4865,0.5613,0.5871,0.0748,0.1778,0.2278,0.2185,0.730,4.758
23155,0.6119,0.6555,0.7303,0.6800,0.0748,0.0533,0.2077,0.0763,3.829,4.239
4593,0.1835,0.5406,0.6155,0.5884,0.0748,-0.0935,0.1435,0.1295,0.990,3.023
16671,0.4811,0.6057,0.6804,0.5812,0.0747,0.0648,0.1349,0.1211,-1.279,4.781
596,0.5528,0.6392,0.7139,0.6701,0.0747,0.0679,0.0997,0.0848,1.665,3.330
14542,0.4646,0.6559,0.7307,0.6688,0.0747,-0.0081,0.1087,0.0953,0.895,3.168
20731,0.5613,0.6482,0.7229,0.6121,0.0747,-0.0092,0.2102,0.1397,-3.031,3.946
4354,0.1715,0.5631,0.6379,0.5567,0.0747,0.1500,0.2525,0.2023,-3.601,4.891
10085,0.1962,0.5405,0.6152,0.5393,0.0746,0.0127,0.1469,0.1390,1.163,4.652
12536,0.4102,0.6178,0.6924,0.6538,0.0746,-0.0437,0.1431,0.1118,-0.835,3.397
24169,0.3160,0.6306,0.7053,0.6667,0.0746,0.1122,0.1059,0.0991,-0.236,4.050
1251,0.0907,0.5161,0.5907,0.5753,0.0746,0.2148,0.1881,0.1649,1.775,4.107
22158,0.3588,0.6268,0.7014,0.6229,0.0746,-0.0150,0.1504,0.1048,3.355,3.050
7117,0.2708,0.6178,0.6924,0.5393,0.0746,0.0806,0.1400,0.1124,2.043,3.523
15898,0.4770,0.5650,0.6396,0.6692,0.0746,0.0818,0.1923,0.1689,1.430,5.680
7406,0.1860,0.5225,0.5972,0.5714,0.0746,0.0921,0.2027,0.1825,0.186,5.046
6598,0.2480,0.6512,0.7259,0.6667,0.0746,0.0794,0.2538,0.2216,-0.914,6.175
5080,0.3090,0.6384,0.7130,0.6834,0.0746,0.0484,0.2507,0.2297,0.612,5.729
23313,0.4927,0.6937,0.7683,0.7194,0.0746,0.0103,0.1764,0.1433,1.393,4.614
5995,0.3444,0.5645,0.6391,0.6540,0.0746,-0.0211,0.4114,0.2812,-3.576,6.710
11445,-0.0899,0.6099,0.6846,0.6283,0.0746,0.0302,0.4227,0.1441,-5.119,4.349
4217,0.3582,0.5771,0.6517,0.5707,0.0746,0.0185,0.1366,0.1323,0.503,3.068
9650,0.1833,0.5643,0.6388,0.5861,0.0746,0.0069,0.1914,0.1732,-1.849,4.302
22615,0.6397,0.7365,0.8111,0.7763,0.0746,0.0393,0.1438,0.0782,2.430,3.403
23169,0.2382,0.6118,0.6864,0.6774,0.0746,0.0011,0.1807,0.1568,0.241,3.531
3308,0.2945,0.6787,0.7532,0.7249,0.0746,0.0429,0.1680,0.1443,0.404,5.216
17801,0.2565,0.5668,0.6414,0.5874,0.0746,0.0403,0.1815,0.1836,-0.224,4.809
14726,0.4977,0.6722,0.7468,0.7404,0.0746,0.0545,0.2039,0.1597,-1.892,4.584
4699,0.1987,0.6131,0.6877,0.6041,0.0746,0.1246,0.1793,0.1143,-1.105,3.841
16321,0.0514,0.5219,0.5964,0.5386,0.0746,0.0742,0.2276,0.1261,-2.317,3.617
5058,0.1446,0.6192,0.6938,0.6070,0.0745,0.0902,0.3805,0.1654,5.416,6.490
7728,0.4726,0.6893,0.7638,0.7253,0.0745,0.0714,0.1588,0.1193,-0.734,4.190
11725,0.3212,0.6380,0.7125,0.6791,0.0745,0.0069,0.1486,0.1253,1.623,3.591
22371,0.3729,0.5982,0.6727,0.6650,0.0745,0.0265,0.2232,0.2006,-0.501,5.814
3707,0.2269,0.6341,0.7086,0.6739,0.0745,0.0900,0.2291,0.2077,-0.001,5.516
12452,0.2984,0.5392,0.6136,0.6098,0.0745,0.0311,0.1950,0.1861,0.957,4.603
17713,0.3680,0.6072,0.6816,0.6021,0.0745,0.0035,0.2624,0.2382,0.142,6.011
8354,0.5142,0.6712,0.7456,0.7240,0.0744,0.0163,0.2113,0.1355,3.699,4.019
23692,0.2589,0.6205,0.6949,0.6679,0.0744,0.0864,0.1765,0.1530,-1.581,5.120
20675,0.4692,0.7668,0.8411,0.7245,0.0743,0.0597,0.0646,0.0735,1.247,2.184
257,0.3904,0.7040,0.7784,0.7288,0.0743,0.1411,0.3282,0.1744,-4.836,5.062
4022,0.4613,0.5326,0.6068,0.5820,0.0742,-0.0428,0.2282,0.1091,5.281,2.847
14035,0.2422,0.4883,0.5623,0.5208,0.0740,-0.0047,0.2343,0.2263,2.608,5.395
2866,0.3489,0.6078,0.6818,0.6143,0.0740,0.0740,0.3001,0.2487,-1.233,5.683
24322,0.2964,0.5312,0.6052,0.5844,0.0740,0.0058,0.1671,0.1208,2.188,3.932
6179,0.5382,0.6252,0.6991,0.6602,0.0739,0.0426,0.1470,0.1090,1.718,4.604
13123,0.3190,0.5013,0.5751,0.5272,0.0738,0.0577,0.1885,0.1067,4.580,2.376
21902,0.4744,0.6339,0.7076,0.6572,0.0737,0.0567,0.1089,0.0655,2.811,2.633
11202,0.5215,0.6287,0.7025,0.6624,0.0737,0.0576,0.2391,0.2189,-0.058,5.960
12258,0.2984,0.5666,0.6404,0.5834,0.0737,0.0282,0.1764,0.0950,4.099,2.825
12052,0.4800,0.6895,0.7633,0.7710,0.0737,0.0150,0.1324,0.1085,0.680,4.729
22128,0.2797,0.5736,0.6473,0.6344,0.0736,0.0300,0.1895,0.1577,-0.109,3.932
9334,0.2373,0.5775,0.6512,0.5568,0.0736,0.0104,0.1780,0.1419,2.121,4.452
24430,0.1382,0.5504,0.6240,0.6008,0.0736,0.0356,0.2676,0.2503,-1.599,6.230
10841,0.3224,0.6008,0.6744,0.6318,0.0736,-0.0403,0.1751,0.1130,3.549,3.412
16160,0.4486,0.6860,0.7597,0.7351,0.0736,0.0958,0.2980,0.2019,-3.881,5.193
10955,0.5333,0.6266,0.7003,0.6344,0.0736,0.0453,0.1722,0.0753,3.425,3.211
18330,0.2118,0.5665,0.6400,0.5587,0.0735,0.0160,0.2629,0.2064,-1.947,4.816
19281,0.5727,0.6335,0.7071,0.6452,0.0735,0.0357,0.1616,0.1416,1.869,4.896
15282,-0.2281,0.4916,0.5652,0.5897,0.0735,0.2295,0.2168,0.1712,-0.243,4.293
18801,0.3816,0.5832,0.6568,0.4942,0.0735,-0.0393,0.2303,0.1091,3.706,3.466
6804,0.6132,0.7032,0.7768,0.7265,0.0735,-0.0035,0.2059,0.0938,4.175,3.765
20452,0.2720,0.5200,0.5935,0.5587,0.0735,0.0346,0.2742,0.2399,2.999,5.303
17318,0.4771,0.6581,0.7316,0.6981,0.0735,-0.0314,0.0629,0.0684,1.076,2.173
5607,0.2842,0.5148,0.5884,0.5174,0.0735,0.0012,0.1738,0.1677,-2.641,4.277
20320,-0.1220,0.4716,0.5451,0.5132,0.0735,0.1377,0.1183,0.0840,-0.767,0.342
11388,0.1048,0.5394,0.6129,0.5157,0.0735,0.0897,0.3291,0.1988,-2.899,5.133
21740,0.4617,0.6102,0.6837,0.6365,0.0735,0.0723,0.0820,0.0658,0.138,2.636
4613,0.4232,0.6005,0.6740,0.6418,0.0735,0.0173,0.1402,0.1221,-0.666,4.271
207,0.1568,0.5451,0.6186,0.5374,0.0735,0.0185,0.3600,0.2535,-2.788,5.935
9593,-0.0092,0.4716,0.5451,0.4227,0.0735,0.0739,0.2728,0.2772,-1.616,5.562
15722,0.0900,0.5309,0.6044,0.5838,0.0735,0.1075,0.3274,0.2701,-4.082,5.826
6096,0.2198,0.5508,0.6242,0.5290,0.0734,0.0910,0.2081,0.1251,-2.129,4.366
22307,0.2087,0.5792,0.6525,0.6075,0.0734,0.0383,0.1690,0.1528,1.619,3.965
515,0.2919,0.6255,0.6988,0.7027,0.0734,0.0276,0.1591,0.1282,-2.379,4.296
3846,0.5743,0.6384,0.7117,0.6165,0.0734,0.0462,0.1285,0.0977,-0.118,3.969
6822,0.4968,0.6731,0.7465,0.6229,0.0734,-0.0092,0.1688,0.1217,1.761,4.561
9383,0.2691,0.5534,0.6268,0.6242,0.0734,0.0753,0.2485,0.2208,2.125,5.810
2561,0.6226,0.6409,0.7143,0.6834,0.0734,0.0013,0.2044,0.1302,2.480,5.282
22687,0.2932,0.5701,0.6435,0.5894,0.0734,0.0267,0.2314,0.1354,3.971,4.277
11970,0.4166,0.5701,0.6435,0.6371,0.0734,0.0288,0.1879,0.1709,-0.120,4.244
9969,0.6562,0.6988,0.7722,0.7014,0.0734,0.0012,0.1328,0.1100,-0.713,4.277
5146,0.2568,0.5431,0.6165,0.5483,0.0734,-0.0105,0.2231,0.1899,-1.109,4.323
9405,0.1949,0.4923,0.5656,0.4923,0.0733,0.0254,0.2163,0.2168,-0.582,4.292
2269,0.4992,0.6902,0.7635,0.6851,0.0733,0.0627,0.2558,0.2162,-2.056,6.774
4104,0.5074,0.7506,0.8239,0.8085,0.0733,-0.0034,0.1523,0.1148,0.115,4.722
18888,0.3695,0.5501,0.6234,0.5797,0.0733,0.0219,0.2581,0.1926,2.583,5.696
24849,0.2916,0.5578,0.6311,0.5450,0.0733,-0.0174,0.2183,0.2068,0.368,5.115
10082,0.3740,0.5656,0.6388,0.6221,0.0733,0.0289,0.2353,0.2127,-1.465,6.111
491,0.4171,0.5982,0.6714,0.6008,0.0732,0.0138,0.1532,0.1060,2.990,4.086
4650,0.4913,0.7317,0.8049,0.7163,0.0732,0.0495,0.1373,0.1118,-0.027,4.041
14800,0.4813,0.5828,0.6560,0.6675,0.0732,0.0092,0.1797,0.1344,-1.542,4.126
24112,0.5278,0.6624,0.7356,0.7125,0.0732,0.0566,0.2094,0.1724,1.482,5.069
12291,0.6061,0.6645,0.7376,0.6762,0.0731,0.0174,0.2203,0.1349,2.656,4.978
11332,0.3829,0.5615,0.6346,0.5423,0.0731,0.0991,0.1831,0.1875,-0.583,5.225
4551,0.3533,0.6474,0.7205,0.6115,0.0731,0.0611,0.2328,0.1255,-2.901,3.635
12427,0.5360,0.6462,0.7192,0.6551,0.0731,0.0533,0.1690,0.1533,2.824,4.344
6601,0.1302,0.6010,0.6741,0.6571,0.0730,0.1193,0.1713,0.1201,-0.799,4.477
2086,0.0314,0.4742,0.5470,0.4887,0.0728,0.0117,0.4149,0.4072,-0.988,8.398
11991,0.0526,0.4344,0.5073,0.4914,0.0728,0.0619,0.1852,0.0719,4.578,1.402
24854,0.5370,0.6688,0.7416,0.7104,0.0727,0.0104,0.3065,0.2633,-3.175,6.149
5500,0.6410,0.7260,0.7987,0.7532,0.0727,0.0138,0.2707,0.2171,-1.822,5.838
19283,0.0621,0.5886,0.6611,0.6223,0.0724,0.0986,0.2460,0.1068,-3.468,3.277
24702,0.6457,0.7115,0.7840,0.7710,0.0724,0.0242,0.1673,0.1515,0.389,5.131
21002,0.2693,0.5255,0.5979,0.5322,0.0724,0.0410,0.2517,0.1936,3.352,6.261
7912,0.3325,0.6111,0.6835,0.6331,0.0724,0.0692,0.1882,0.1520,2.672,4.711
438,0.2667,0.6240,0.6964,0.6059,0.0724,0.0219,0.1987,0.1160,3.150,4.860
21629,0.3282,0.5995,0.6718,0.6460,0.0724,0.0093,0.1871,0.1075,2.917,3.798
15650,0.1406,0.4419,0.5142,0.5142,0.0724,0.0313,0.2650,0.2445,1.713,5.825
12376,0.4875,0.5413,0.6137,0.5904,0.0724,0.0197,0.1444,0.1043,3.248,2.803
9745,0.1166,0.5677,0.6400,0.5215,0.0723,0.0171,0.3335,0.1680,5.524,5.415
18516,0.1359,0.5652,0.6374,0.6310,0.0723,-0.0022,0.1861,0.1241,-0.607,3.207
7166,0.3904,0.6787,0.7510,0.6787,0.0723,-0.0195,0.0686,0.0584,0.732,2.541
10131,0.4452,0.5845,0.6568,0.6155,0.0723,0.0174,0.1582,0.1206,3.538,3.855
11186,0.4357,0.6916,0.7639,0.7019,0.0723,0.0587,0.1651,0.1358,1.435,5.147
1944,0.5402,0.6929,0.7652,0.7342,0.0723,0.0300,0.2296,0.1716,1.647,5.397
4941,0.0165,0.5445,0.6168,0.5639,0.0723,0.0046,0.1403,0.1290,1.907,4.113
22384,0.5140,0.6734,0.7457,0.6951,0.0723,0.0363,0.1063,0.0966,0.634,3.712
14410,0.3011,0.6418,0.7139,0.5631,0.0722,0.0000,0.2462,0.1256,-3.650,3.879
18931,0.5510,0.5876,0.6598,0.6366,0.0722,0.0116,0.1380,0.1223,0.227,4.086
22474,0.2329,0.5180,0.5902,0.5000,0.0722,0.0093,0.2864,0.1737,-5.660,3.368
16943,0.1867,0.6268,0.6988,0.6216,0.0721,-0.0000,0.1381,0.1256,0.154,3.292
1870,0.5162,0.6564,0.7284,0.6860,0.0721,0.0416,0.1631,0.1445,1.524,4.894
20307,0.4973,0.6113,0.6834,0.6255,0.0721,0.0887,0.1325,0.1162,2.370,3.777
21474,0.3042,0.6152,0.6873,0.6088,0.0721,0.0610,0.2454,0.2203,0.543,5.845
3980,0.1940,0.6170,0.6889,0.6504,0.0720,0.0162,0.2218,0.2067,-0.235,5.545
18119,-0.1891,0.4023,0.4743,0.4165,0.0720,0.0775,0.1763,0.1545,-0.120,2.543
23699,0.5501,0.6234,0.6954,0.6568,0.0720,0.0415,0.1751,0.1359,1.041,4.431
6933,0.3240,0.5077,0.5797,0.5283,0.0720,-0.0184,0.1177,0.1051,-0.587,3.017
15160,0.0845,0.5347,0.6067,0.5321,0.0720,0.0463,0.2687,0.2594,0.457,5.706
17100,0.5699,0.7609,0.8329,0.7455,0.0720,0.0910,0.2081,0.1697,-0.443,4.793
21705,0.3059,0.5874,0.6594,0.6195,0.0720,0.0301,0.2570,0.1942,-2.141,5.689
10565,0.0408,0.4756,0.5476,0.4293,0.0720,-0.0255,0.1905,0.1502,3.945,2.854
19333,0.2933,0.5887,0.6607,0.6285,0.0720,0.0764,0.1617,0.1446,0.415,4.025
54,0.4516,0.6093,0.6812,0.5938,0.0720,0.0196,0.2968,0.2504,-2.450,5.936
11434,0.5253,0.5887,0.6607,0.6285,0.0720,0.0254,0.2000,0.1225,-2.675,3.599
8580,0.4798,0.6195,0.6915,0.6812,0.0720,0.0680,0.2303,0.1820,1.931,4.943
22120,0.6046,0.7262,0.7982,0.7648,0.0720,0.0449,0.2088,0.1459,-2.033,5.409
16627,-0.0207,0.5020,0.5739,0.5765,0.0719,-0.0439,0.2866,0.1088,-4.039,2.432
15859,0.3056,0.6354,0.7073,0.5918,0.0719,0.1336,0.1764,0.1391,2.190,3.375
17669,0.3483,0.6727,0.7445,0.5944,0.0719,0.0668,0.1931,0.1094,-2.123,4.033
24533,0.2387,0.6345,0.7063,0.6057,0.0718,-0.0139,0.2411,0.1553,4.028,3.920
10638,0.3186,0.5104,0.5822,0.5535,0.0718,0.0304,0.3068,0.1922,-5.833,4.596
22721,0.1513,0.6615,0.7333,0.6308,0.0718,0.1916,0.1464,0.1156,2.085,3.970
14414,0.4263,0.5346,0.6063,0.5828,0.0717,-0.0012,0.2757,0.1460,4.708,4.462
10557,0.2969,0.5306,0.6023,0.6180,0.0717,0.0373,0.3215,0.2962,2.058,6.859
13926,0.1209,0.4324,0.5041,0.4851,0.0716,0.0826,0.2684,0.0882,5.181,3.205
22708,0.0169,0.5039,0.5755,0.5117,0.0716,0.0035,0.3341,0.2902,4.165,5.603
8647,0.4866,0.6687,0.7403,0.6827,0.0715,0.0201,0.1286,0.1009,-0.618,3.179
13492,0.1993,0.4757,0.5472,0.4326,0.0714,0.0531,0.2711,0.0292,6.242,2.500
6758,0.1616,0.5888,0.6602,0.5901,0.0713,0.0695,0.1759,0.1288,3.845,3.416
20815,0.4465,0.7411,0.8124,0.7147,0.0713,0.0259,0.1047,0.0961,-0.090,2.651
18571,0.3218,0.5557,0.6269,0.5829,0.0712,0.0771,0.1848,0.1526,1.113,4.601
2829,0.1387,0.5531,0.6244,0.6010,0.0712,0.1017,0.1281,0.1043,-0.839,3.578
15455,0.1780,0.5065,0.5777,0.5492,0.0712,-0.0198,0.1565,0.1092,2.151,4.332
13615,0.3875,0.6231,0.6943,0.5816,0.0712,0.0453,0.2027,0.1069,-3.106,3.136
16040,0.0709,0.5472,0.6184,0.6572,0.0712,0.0786,0.2996,0.1976,-2.658,5.655
2182,0.2651,0.5356,0.6067,0.5330,0.0712,0.0047,0.1405,0.1152,1.786,3.903
4711,0.4034,0.5666,0.6378,0.5640,0.0712,0.0021,0.1414,0.0758,3.038,3.066
24049,0.2785,0.5000,0.5711,0.5607,0.0711,0.0358,0.2249,0.2132,-1.008,6.795
13917,0.3897,0.6460,0.7171,0.6318,0.0711,0.0453,0.1481,0.0981,3.916,3.220
19360,0.3891,0.6744,0.7455,0.6977,0.0711,0.0012,0.1639,0.1104,2.767,4.236
4159,0.4688,0.5788,0.6499,0.5879,0.0711,0.0404,0.1077,0.0811,2.138,2.920
2926,0.3125,0.6116,0.6826,0.6245,0.0710,0.0242,0.2086,0.1928,0.634,5.373
16631,0.3035,0.4890,0.5600,0.5639,0.0710,0.0060,0.1229,0.1056,0.456,3.681
8624,0.1880,0.5110,0.5819,0.5342,0.0710,-0.0220,0.1503,0.1506,0.838,3.623
17136,0.5620,0.6735,0.7445,0.7019,0.0710,0.0588,0.2029,0.1221,2.499,4.112
21931,0.2497,0.6348,0.7058,0.6310,0.0710,0.0947,0.1539,0.1004,2.902,2.918
17500,0.3212,0.5200,0.5910,0.6155,0.0710,0.0601,0.2875,0.2629,2.803,6.568
8231,0.3153,0.6649,0.7358,0.6753,0.0709,0.0219,0.2923,0.2281,-2.116,5.755
4428,0.2290,0.6327,0.7036,0.6624,0.0709,0.1062,0.2545,0.2606,-0.354,7.125
2649,0.5102,0.6649,0.7358,0.6121,0.0709,0.0947,0.1623,0.1289,1.262,3.938
7707,0.3713,0.6147,0.6856,0.6044,0.0709,0.0185,0.2641,0.2023,-2.007,5.370
12825,0.5638,0.6869,0.7577,0.6933,0.0709,0.0265,0.2053,0.1843,-1.337,6.243
18656,0.2929,0.5786,0.6495,0.6018,0.0709,0.0138,0.1869,0.1479,2.843,3.378
6505,0.3611,0.6611,0.7320,0.7178,0.0709,0.0485,0.1507,0.1051,1.847,3.415
2938,0.1794,0.5714,0.6422,0.5637,0.0708,0.0531,0.1905,0.1860,0.976,4.600
6862,0.4860,0.5109,0.5817,0.6113,0.0708,-0.0103,0.2730,0.1888,4.064,5.662
7774,0.3683,0.7027,0.7735,0.7439,0.0708,0.1488,0.1174,0.0927,1.426,3.632
16206,0.2757,0.6371,0.7079,0.6744,0.0708,0.1400,0.1966,0.1347,-0.386,3.708
12323,0.2889,0.6229,0.6937,0.6898,0.0708,0.0598,0.1753,0.1367,3.201,3.290
16314,0.0968,0.5199,0.5907,0.5714,0.0708,0.0794,0.2085,0.2061,-2.450,4.523
7608,0.4185,0.6486,0.7194,0.5676,0.0708,0.0798,0.2802,0.2530,-1.308,5.722
6917,0.2141,0.4736,0.5444,0.4813,0.0708,-0.0313,0.2028,0.1189,4.156,2.946
12036,0.4571,0.6577,0.7284,0.6757,0.0708,0.0521,0.0922,0.0875,0.847,2.969
18882,0.2677,0.5663,0.6371,0.5084,0.0708,0.0081,0.1701,0.1327,2.790,3.197
13675,0.4511,0.7082,0.7789,0.6979,0.0707,0.0725,0.2750,0.1340,-4.164,3.870
1917,0.3486,0.5913,0.6620,0.6247,0.0707,0.0566,0.2659,0.2276,-1.903,6.091
23535,0.0929,0.6054,0.6761,0.5964,0.0707,0.0903,0.1992,0.0739,5.077,2.221
16827,0.3054,0.7005,0.7712,0.6877,0.0707,0.0740,0.2113,0.1405,-1.946,3.931
21183,0.5507,0.6620,0.7326,0.6607,0.0707,-0.0092,0.1506,0.1121,2.467,4.063
12814,0.2084,0.6003,0.6710,0.6337,0.0707,0.0543,0.1629,0.1242,1.535,4.294
5158,0.0241,0.5771,0.6478,0.5746,0.0707,0.0761,0.2914,0.2273,-0.719,4.499
3469,0.1388,0.4994,0.5700,0.5494,0.0706,0.0115,0.2118,0.2055,1.109,5.280
11664,0.5507,0.6842,0.7548,0.7137,0.0706,-0.0047,0.2245,0.1943,2.299,5.028
14893,0.4984,0.6842,0.7548,0.7304,0.0706,0.0392,0.2269,0.1889,1.422,5.638
11091,0.2249,0.5392,0.6098,0.6110,0.0706,0.0763,0.1836,0.1780,2.149,4.920
22967,0.4516,0.6418,0.7124,0.5582,0.0706,0.0380,0.2294,0.2100,-1.033,5.644
18653,0.3709,0.6162,0.6867,0.6554,0.0705,0.0306,0.3079,0.1346,6.030,4.152
16380,0.3286,0.5444,0.6149,0.5901,0.0705,-0.0259,0.3433,0.2166,3.988,7.181
11594,0.1937,0.5992,0.6697,0.5587,0.0705,-0.0080,0.3547,0.3015,2.271,8.039
8833,0.4333,0.6091,0.6792,0.6545,0.0701,0.0209,0.1760,0.1610,0.753,4.858
9469,0.4643,0.7098,0.7798,0.7461,0.0699,0.0152,0.2619,0.2407,-3.133,6.064
12409,0.3067,0.4709,0.5408,0.5045,0.0699,0.0384,0.1692,0.0937,3.154,3.160
24040,0.4366,0.6016,0.6714,0.6003,0.0699,0.0094,0.2931,0.2569,1.097,6.572
13457,0.2776,0.7025,0.7723,0.6766,0.0699,0.0289,0.2519,0.2146,-1.045,5.613
4439,0.6117,0.6688,0.7387,0.6636,0.0699,0.0673,0.1646,0.1524,-1.709,5.469
7647,0.4050,0.6520,0.7219,0.6727,0.0699,0.0645,0.1482,0.1217,-0.644,3.769
22974,0.4940,0.4393,0.5090,0.5181,0.0698,0.0000,0.1387,0.1120,2.795,3.796
11217,0.3753,0.6176,0.6873,0.6667,0.0698,0.0393,0.2185,0.1547,-3.549,4.756
11479,0.4461,0.6822,0.7519,0.6434,0.0698,-0.0069,0.1207,0.1072,1.005,3.364
16475,0.4226,0.6176,0.6873,0.6111,0.0698,0.0520,0.1719,0.1670,-0.370,4.761
6737,0.3500,0.6452,0.7148,0.6529,0.0697,0.0495,0.1207,0.0982,1.787,4.155
24887,0.3602,0.5871,0.6568,0.6039,0.0697,0.0657,0.2747,0.1843,-3.302,4.549
3929,0.2694,0.5084,0.5781,0.5303,0.0697,0.0058,0.2825,0.2126,3.821,6.105
10824,0.2833,0.5923,0.6619,0.6142,0.0697,0.0312,0.1848,0.1642,1.387,4.071
8865,0.3139,0.6890,0.7587,0.7110,0.0697,0.0417,0.2295,0.1802,-2.639,5.855
19812,0.3064,0.5464,0.6160,0.5760,0.0696,0.0335,0.3118,0.2413,-1.882,6.027
23995,0.1042,0.5438,0.6134,0.5657,0.0696,0.0369,0.2486,0.1505,-2.394,3.947
23840,0.4649,0.7191,0.7887,0.7075,0.0696,0.0403,0.1969,0.1485,1.530,5.015
6233,0.1584,0.5309,0.6005,0.6186,0.0696,0.0707,0.3615,0.2612,-3.112,6.808
15254,0.6387,0.7436,0.8131,0.7577,0.0696,0.0369,0.1257,0.0777,1.579,3.847
9440,0.4959,0.6759,0.7454,0.6535,0.0696,0.0868,0.1706,0.1352,1.707,4.852
16291,0.4881,0.6312,0.7008,0.6352,0.0696,0.0405,0.2581,0.1563,3.373,5.152
17797,0.1883,0.6142,0.6837,0.5696,0.0696,0.0521,0.3201,0.2203,-3.391,5.393
24681,0.5765,0.6461,0.7156,0.6937,0.0695,-0.0115,0.1765,0.1224,2.200,4.506
1399,0.5272,0.5997,0.6692,0.6538,0.0695,0.0323,0.1384,0.0896,2.267,3.530
18,0.1710,0.4955,0.5650,0.5019,0.0695,0.0336,0.1513,0.1226,3.604,2.709
4340,0.5212,0.6281,0.6976,0.6950,0.0695,0.0957,0.1762,0.1238,2.026,4.577
15873,0.1969,0.7053,0.7748,0.7104,0.0695,0.2108,0.1807,0.1319,-0.270,4.132
226,0.3939,0.6860,0.7555,0.6409,0.0695,0.0671,0.2940,0.2553,-1.543,6.509
16347,0.5722,0.6988,0.7683,0.7773,0.0695,0.0471,0.2101,0.1633,0.538,6.000
21686,0.4451,0.6898,0.7593,0.7696,0.0695,0.0568,0.1780,0.1478,1.846,4.742
14668,0.3903,0.5676,0.6371,0.6268,0.0695,-0.0300,0.1433,0.1289,2.250,3.961
23404,0.3480,0.6525,0.7220,0.6165,0.0695,0.0599,0.1932,0.1216,2.824,4.939
2372,0.0511,0.4981,0.5676,0.5315,0.0695,0.0840,0.2426,0.2287,2.338,5.198
4667,0.3295,0.6190,0.6885,0.6486,0.0695,0.0542,0.2106,0.1901,0.546,5.966
13908,0.5874,0.6860,0.7555,0.7040,0.0695,0.0783,0.1637,0.1350,0.361,4.494
12575,0.6395,0.7134,0.7828,0.7519,0.0694,0.0657,0.1557,0.0881,2.833,3.925
24326,0.3061,0.4859,0.5553,0.4910,0.0694,0.0346,0.1299,0.0879,-0.961,2.144
453,0.5437,0.6928,0.7622,0.6594,0.0694,0.0416,0.1469,0.1380,0.453,5.026
3353,0.4567,0.6427,0.7121,0.6877,0.0694,0.0462,0.2342,0.1817,2.948,5.072
23837,0.2938,0.5694,0.6388,0.5925,0.0694,0.0173,0.2421,0.1704,-1.430,5.070
12724,0.6210,0.6889,0.7584,0.6941,0.0694,0.0264,0.1831,0.1516,0.465,5.044
8657,0.2697,0.6285,0.6979,0.6671,0.0694,0.0485,0.2123,0.1747,-0.065,5.187
14891,0.3012,0.6584,0.7277,0.6780,0.0694,-0.0058,0.2057,0.1824,0.427,5.220
17514,0.2749,0.5648,0.6341,0.6098,0.0693,0.0126,0.1625,0.1439,2.328,5.089
9439,0.2821,0.5430,0.6123,0.5879,0.0693,-0.0277,0.1470,0.1252,-0.123,3.264
8296,0.4774,0.6573,0.7266,0.6547,0.0693,0.0577,0.2193,0.1730,-1.883,5.008
5710,0.2394,0.6110,0.6804,0.6329,0.0693,0.1071,0.1932,0.1615,-1.264,4.771
13140,0.3454,0.6175,0.6868,0.5879,0.0693,0.0844,0.1535,0.0874,4.768,3.047
6984,0.3194,0.5661,0.6354,0.6008,0.0693,0.0599,0.2200,0.2165,0.738,5.171
14752,0.3690,0.5918,0.6611,0.5854,0.0693,0.0277,0.1902,0.0985,4.358,2.721
12930,0.3318,0.5346,0.6038,0.5692,0.0692,0.0104,0.1594,0.1067,3.831,3.887
19355,0.4279,0.7076,0.7768,0.7977,0.0692,0.0440,0.2067,0.1723,0.754,4.875
6060,0.3845,0.6802,0.7493,0.7023,0.0692,0.0429,0.0802,0.0641,1.039,2.617
3590,0.5647,0.6771,0.7461,0.6875,0.0690,0.0451,0.2939,0.1328,4.365,5.039
16649,0.1738,0.5241,0.5930,0.5345,0.0689,-0.0464,0.3775,0.2568,-2.236,6.477
10946,0.4265,0.6242,0.6931,0.7048,0.0689,0.0201,0.2700,0.2180,-2.094,6.715
10551,0.6069,0.7714,0.8403,0.8039,0.0688,0.0925,0.2341,0.1364,2.454,5.470
13635,0.6403,0.6455,0.7143,0.7234,0.0688,0.0313,0.2223,0.1972,-0.743,6.142
21687,0.4216,0.6407,0.7095,0.6381,0.0687,0.0445,0.2295,0.1710,-2.533,5.702
20415,0.0323,0.4987,0.5674,0.5389,0.0687,0.0912,0.1821,0.1700,0.950,4.922
10496,0.3736,0.6775,0.7461,0.7241,0.0687,0.0700,0.3531,0.0921,-6.626,2.566
20208,0.2473,0.5557,0.6244,0.5324,0.0687,0.0496,0.3007,0.2515,2.974,6.130
24638,0.0713,0.5350,0.6036,0.4922,0.0687,0.0231,0.3203,0.3120,0.516,7.549
17098,0.4807,0.5764,0.6451,0.6477,0.0687,0.0546,0.3461,0.3013,-1.539,7.436
18204,0.1103,0.4347,0.5032,0.3984,0.0686,0.0081,0.1451,0.1007,3.265,2.590
16091,0.0600,0.6636,0.7322,0.6624,0.0686,0.1642,0.3973,0.1313,-5.867,3.887
9519,0.3157,0.5912,0.6598,0.5951,0.0686,0.0592,0.0716,0.0618,1.319,1.861
2319,0.3039,0.6274,0.6960,0.6300,0.0686,0.0618,0.2549,0.1741,-2.453,4.162
5042,0.4020,0.6886,0.7571,0.6731,0.0685,-0.0359,0.1127,0.0687,2.163,2.326
2748,0.4866,0.6447,0.7132,0.6822,0.0685,0.0462,0.1391,0.0912,4.283,2.526
24939,0.4762,0.6008,0.6693,0.5930,0.0685,-0.0023,0.1108,0.0985,1.153,2.881
7254,0.0103,0.4948,0.5633,0.6034,0.0685,0.0035,0.1732,0.1437,0.064,3.267
17144,0.0863,0.6176,0.6860,0.5711,0.0685,0.0497,0.1224,0.1135,2.015,2.649
14504,0.1962,0.5478,0.6163,0.5969,0.0685,0.0497,0.1259,0.1242,1.761,3.417
7032,0.3463,0.5633,0.6318,0.6382,0.0685,0.0507,0.1349,0.1235,0.566,3.209
21164,0.3768,0.5917,0.6602,0.6202,0.0685,0.0381,0.2922,0.1392,5.293,3.864
5598,0.4002,0.7045,0.7729,0.7071,0.0684,0.0104,0.1554,0.1139,2.637,3.829
1285,0.2934,0.6503,0.7187,0.6194,0.0684,0.0023,0.1911,0.1689,0.697,4.239
8635,0.3463,0.6684,0.7368,0.6181,0.0684,0.0370,0.2125,0.1124,3.197,3.254
5034,0.1697,0.5639,0.6323,0.5445,0.0684,0.0128,0.1929,0.1541,-1.721,4.106
22766,0.2310,0.6245,0.6929,0.6439,0.0684,0.0616,0.1676,0.1120,-2.647,3.333
12110,0.5014,0.6942,0.7626,0.7626,0.0684,0.0093,0.1929,0.1624,0.769,4.943
6098,0.2047,0.5548,0.6232,0.5794,0.0684,0.1174,0.2115,0.1994,1.318,6.038
17260,0.0721,0.6271,0.6955,0.6942,0.0684,0.1107,0.1642,0.1390,0.552,4.194
6316,0.3346,0.6881,0.7564,0.6959,0.0683,0.0553,0.1848,0.1418,1.866,4.674
13133,0.4577,0.6791,0.7474,0.6765,0.0683,0.0242,0.1994,0.1266,4.160,4.168
24100,0.0827,0.5077,0.5760,0.6224,0.0683,0.0359,0.2221,0.1926,3.163,6.233
4338,0.4422,0.5696,0.6379,0.5812,0.0683,-0.0081,0.2013,0.1826,0.343,4.838
10388,0.5021,0.6894,0.7577,0.6959,0.0683,0.0657,0.1018,0.0756,2.065,3.320
12986,0.5441,0.6611,0.7294,0.6894,0.0683,0.0323,0.1559,0.1091,2.795,4.756
12218,0.2381,0.6302,0.6985,0.6508,0.0683,0.0711,0.3317,0.1705,-6.034,4.490
22136,0.3894,0.7062,0.7745,0.7397,0.0683,0.0127,0.1143,0.0889,1.880,3.990
15038,0.3712,0.6314,0.6997,0.6508,0.0683,0.0573,0.1380,0.0927,2.654,3.405
20068,0.4819,0.6903,0.7585,0.6417,0.0682,0.1036,0.3020,0.2657,1.886,6.553
23569,0.6973,0.7034,0.7717,0.7310,0.0682,0.0289,0.2421,0.1768,2.247,5.410
8028,0.5449,0.6924,0.7606,0.7246,0.0682,0.0230,0.1722,0.1396,2.500,3.690
3001,0.2629,0.5560,0.6242,0.6126,0.0682,0.0486,0.1369,0.1181,1.018,4.347
4073,0.2964,0.5624,0.6306,0.5946,0.0682,0.0917,0.2520,0.1819,4.235,5.337
2194,0.3411,0.6216,0.6898,0.6757,0.0682,0.0972,0.0983,0.0863,1.393,3.670
10504,0.3203,0.5367,0.6049,0.5354,0.0682,-0.0162,0.2796,0.1916,-3.042,5.123
6243,0.3167,0.4942,0.5624,0.5148,0.0682,0.0057,0.1942,0.1955,-0.505,4.998
18295,0.2022,0.5907,0.6589,0.6203,0.0682,-0.0069,0.3209,0.1589,-5.124,4.404
11764,0.4694,0.7104,0.7786,0.6268,0.0682,0.0046,0.1417,0.1127,0.149,3.388
20480,0.4302,0.6409,0.7091,0.6873,0.0682,0.0531,0.1482,0.1288,0.691,4.635
8669,0.2404,0.5681,0.6362,0.5874,0.0681,0.0115,0.2392,0.1952,-1.086,5.082
9913,0.4579,0.5964,0.6645,0.6607,0.0681,0.0379,0.1780,0.1373,2.542,4.053
9634,0.4125,0.6470,0.7150,0.7035,0.0680,-0.0219,0.2742,0.1996,-4.385,4.794
10998,0.5169,0.6483,0.7163,0.6624,0.0680,0.0220,0.1793,0.1093,4.428,3.508
7309,0.2606,0.5300,0.5979,0.5379,0.0679,0.0132,0.3427,0.1691,5.588,5.811
18506,0.3976,0.4850,0.5528,0.5150,0.0678,-0.0153,0.1761,0.1291,4.751,2.791
22943,0.4002,0.6863,0.7541,0.7791,0.0677,0.0708,0.3151,0.2647,-1.968,6.480
9564,0.4194,0.6029,0.6706,0.6576,0.0677,0.0853,0.2648,0.1413,3.958,5.441
22373,0.4765,0.5904,0.6580,0.5891,0.0676,0.0035,0.1917,0.0847,4.608,3.526
6254,0.1574,0.5688,0.6364,0.6740,0.0675,0.0918,0.0845,0.0730,0.817,2.322
4324,0.1736,0.5377,0.6052,0.5130,0.0675,0.0069,0.0982,0.0759,0.027,2.629
4742,0.2125,0.4831,0.5506,0.4961,0.0675,0.0491,0.3092,0.1458,5.615,4.364
19252,0.2355,0.4436,0.5110,0.4462,0.0674,0.0517,0.2746,0.0813,6.239,3.100
12384,0.4573,0.6667,0.7341,0.7315,0.0674,0.0715,0.1998,0.1672,2.600,5.342
4993,0.4238,0.5933,0.6606,0.6256,0.0674,0.0291,0.2729,0.0871,6.043,3.503
17536,0.4655,0.7209,0.7882,0.6914,0.0673,0.0981,0.1843,0.1384,0.605,5.592
14141,0.0599,0.4942,0.5614,0.4877,0.0673,0.1176,0.0775,0.0356,-0.184,2.083
17168,0.0268,0.5718,0.6391,0.6158,0.0673,0.1192,0.2159,0.1478,-1.264,4.528
21298,0.2771,0.5744,0.6417,0.6662,0.0673,0.0545,0.2048,0.1483,-0.980,4.603
5160,0.5401,0.6856,0.7529,0.7154,0.0673,0.0241,0.1161,0.0987,0.984,3.216
4245,0.5421,0.5834,0.6507,0.6624,0.0673,0.0612,0.2552,0.0838,4.581,3.529
20986,0.7433,0.7796,0.8468,0.7984,0.0672,0.0440,0.1184,0.0811,1.020,4.257
5262,0.3046,0.6305,0.6977,0.5698,0.0672,0.1062,0.1573,0.1274,3.154,3.842
544,0.3878,0.6563,0.7235,0.6886,0.0672,-0.0035,0.1392,0.0890,-1.760,3.366
3545,0.1723,0.6408,0.7080,0.6111,0.0672,0.0726,0.2512,0.1594,-2.132,4.661
9677,0.2003,0.5388,0.6059,0.5401,0.0672,0.0035,0.1978,0.1492,3.493,4.430
13017,0.2987,0.5801,0.6473,0.5724,0.0672,-0.0115,0.2460,0.2335,-0.785,6.615
14392,0.3101,0.7171,0.7842,0.7442,0.0672,0.1905,0.3263,0.1330,-4.425,4.731
12014,0.4351,0.6697,0.7368,0.6826,0.0671,-0.0232,0.1590,0.1453,0.717,3.790
20034,0.5318,0.5548,0.6219,0.5910,0.0671,0.0184,0.1646,0.1297,2.562,3.960
8469,0.0940,0.4503,0.5174,0.4839,0.0671,0.0822,0.1917,0.1455,2.638,3.575
23151,0.2715,0.5419,0.6090,0.5510,0.0671,0.0678,0.1290,0.0897,-0.106,3.065
19165,0.6191,0.6701,0.7371,0.7294,0.0670,0.0126,0.2501,0.2290,-0.387,6.449
18316,0.2730,0.6057,0.6727,0.6186,0.0670,0.0242,0.2338,0.1981,1.474,5.793
8156,0.5207,0.6237,0.6907,0.6276,0.0670,0.0115,0.1232,0.0609,3.373,2.021
6190,0.4414,0.6637,0.7307,0.6946,0.0670,0.0080,0.1876,0.1566,1.018,4.440
13275,0.3958,0.6920,0.7590,0.7062,0.0670,0.0438,0.2528,0.2300,-0.242,6.526
23843,0.1705,0.5000,0.5670,0.4897,0.0670,-0.0381,0.2044,0.1866,-0.077,4.694
12803,0.4636,0.6005,0.6675,0.6031,0.0670,0.0462,0.1778,0.1517,-0.757,4.158
15286,0.2902,0.5619,0.6289,0.5451,0.0670,0.0650,0.2155,0.1934,1.309,5.861
6307,0.2472,0.6147,0.6817,0.6108,0.0670,0.0288,0.2745,0.1628,-3.041,4.107
22217,0.1861,0.5387,0.6057,0.6044,0.0670,0.1006,0.3202,0.2853,-0.954,6.140
20074,0.2165,0.5657,0.6327,0.6302,0.0670,0.0785,0.2443,0.1986,-2.008,5.200
9537,0.5451,0.6327,0.6997,0.7101,0.0670,0.0555,0.2252,0.1973,1.577,6.233
7583,0.2180,0.5477,0.6147,0.6018,0.0670,0.0593,0.3086,0.3056,1.139,6.002
12860,0.6751,0.7204,0.7874,0.7075,0.0670,0.0232,0.1311,0.1048,0.944,4.227
19601,0.6022,0.7246,0.7915,0.6976,0.0669,0.0521,0.1790,0.1145,-1.304,5.087
13456,0.3274,0.5779,0.6448,0.5972,0.0669,0.0662,0.1336,0.1129,-0.118,2.212
5877,0.4476,0.5882,0.6551,0.6075,0.0669,0.0289,0.1438,0.1312,0.756,3.862
11566,0.2356,0.6152,0.6821,0.6100,0.0669,0.0196,0.1734,0.1499,-0.517,4.658
22184,0.4225,0.6165,0.6834,0.6963,0.0669,0.0426,0.2493,0.1434,-3.591,4.937
23961,0.1170,0.5032,0.5701,0.5547,0.0669,-0.0058,0.1639,0.1478,-0.279,2.976
4753,0.4657,0.6705,0.7375,0.7066,0.0669,-0.0035,0.2041,0.1513,1.975,5.018
5844,0.3051,0.5789,0.6458,0.5704,0.0669,0.0196,0.2644,0.1017,-3.931,1.063
15593,0.2348,0.5990,0.6658,0.6710,0.0668,0.0646,0.0813,0.0818,1.429,2.398
1372,0.6533,0.6517,0.7185,0.7198,0.0668,0.0324,0.1098,0.0838,1.853,4.151
13607,0.2639,0.5424,0.6093,0.5566,0.0668,0.0046,0.2356,0.2332,-0.565,6.079
10314,0.3013,0.5398,0.6067,0.5398,0.0668,0.0058,0.1067,0.1075,1.474,2.890
15244,0.3874,0.4738,0.5406,0.5275,0.0668,0.0340,0.2707,0.1374,3.729,5.837
1467,0.3748,0.5982,0.6650,0.6072,0.0668,0.0460,0.1702,0.1446,1.520,4.269
5228,0.1728,0.5802,0.6470,0.5661,0.0668,-0.0208,0.2239,0.1915,2.371,5.189
21578,0.2162,0.6470,0.7137,0.6444,0.0668,0.0542,0.2497,0.2260,-1.643,5.980
23435,0.2490,0.6059,0.6727,0.6316,0.0668,-0.0012,0.1770,0.1344,2.691,4.163
11846,0.4006,0.6367,0.7035,0.6919,0.0668,0.0463,0.1052,0.1097,1.331,2.957
2113,0.5609,0.7291,0.7959,0.7959,0.0668,0.0990,0.2075,0.1762,-2.161,5.104
5808,0.1309,0.4747,0.5413,0.5480,0.0667,-0.0396,0.1924,0.1583,-0.473,5.424
107,0.2057,0.6333,0.7000,0.6397,0.0667,0.0736,0.1767,0.1560,0.386,4.789
12851,0.3703,0.5664,0.6328,0.5990,0.0664,0.0254,0.2233,0.0783,4.942,3.400
18917,0.4570,0.6476,0.7139,0.6385,0.0663,0.0951,0.2147,0.1476,3.088,5.574
23527,0.5252,0.5891,0.6554,0.5891,0.0663,0.0256,0.1021,0.0872,1.464,2.173
4421,0.2131,0.4890,0.5551,0.5214,0.0661,0.0174,0.3150,0.2906,-0.729,6.787
3323,0.3002,0.6563,0.7224,0.7276,0.0661,0.1931,0.2548,0.1811,-1.329,5.846
22033,0.5712,0.5888,0.6550,0.6083,0.0661,0.0219,0.1869,0.1315,2.126,3.750
893,0.2303,0.6023,0.6684,0.5997,0.0661,0.1283,0.2160,0.1954,1.547,5.535
12571,0.3943,0.7034,0.7694,0.7500,0.0661,0.0485,0.1426,0.1216,-0.160,4.254
17430,0.0561,0.2898,0.3558,0.2962,0.0660,0.0349,0.1265,0.0802,2.260,2.967
17104,0.1993,0.5679,0.6339,0.5666,0.0660,-0.0081,0.2115,0.1512,-2.247,4.451
20576,0.2222,0.5809,0.6468,0.5640,0.0660,0.0439,0.1562,0.1365,-0.625,3.580
14674,0.5063,0.6494,0.7154,0.6766,0.0660,-0.0139,0.2619,0.1188,4.855,5.193
15532,0.0826,0.4845,0.5504,0.5711,0.0659,-0.0047,0.2362,0.1774,-1.510,3.787
1342,0.5582,0.6848,0.7506,0.7261,0.0659,0.0220,0.1001,0.0908,0.081,3.547
5059,0.1070,0.5698,0.6357,0.5698,0.0659,0.0694,0.1463,0.0964,-0.761,2.188
14921,0.5138,0.6059,0.6718,0.6628,0.0659,0.0245,0.1605,0.1360,-1.224,3.349
1599,0.2986,0.6059,0.6718,0.5478,0.0659,0.0798,0.1981,0.1145,-1.704,4.778
15150,0.2014,0.6176,0.6835,0.6111,0.0659,0.0410,0.3111,0.2561,3.084,6.504
11114,0.4693,0.6266,0.6925,0.6977,0.0659,0.0105,0.1741,0.1354,0.310,5.644
14330,0.2706,0.6052,0.6710,0.6516,0.0658,0.1144,0.2329,0.1516,-3.180,4.011
14007,0.4256,0.6658,0.7316,0.6981,0.0658,0.0395,0.1190,0.0656,-1.302,1.804
23315,0.5794,0.6568,0.7226,0.7032,0.0658,0.0508,0.0597,0.0779,1.183,1.921
1408,0.2201,0.6155,0.6813,0.6387,0.0658,0.0254,0.1535,0.1302,-0.116,3.255
10240,0.2701,0.5974,0.6632,0.5613,0.0658,0.0526,0.0944,0.1041,2.084,2.392
19440,0.3937,0.6284,0.6942,0.6413,0.0658,0.0460,0.2210,0.1322,3.698,4.202
10331,0.1205,0.4955,0.5613,0.5239,0.0658,0.0600,0.2154,0.1979,2.091,4.394
13548,0.5252,0.6013,0.6671,0.6284,0.0658,0.0011,0.1130,0.0975,-0.204,3.973
11515,0.3062,0.6297,0.6955,0.6335,0.0658,0.0610,0.1959,0.1795,-0.863,5.047
8345,0.5393,0.6658,0.7316,0.6916,0.0658,0.0185,0.1660,0.1203,1.375,4.942
7028,0.5238,0.6297,0.6955,0.6452,0.0658,0.0046,0.1132,0.0908,1.362,3.638
17215,0.4753,0.5838,0.6495,0.6121,0.0657,-0.0163,0.2419,0.2146,0.037,6.928
8284,0.4485,0.5709,0.6366,0.5567,0.0657,0.0115,0.1819,0.1443,-2.816,4.433
19649,0.4266,0.7062,0.7719,0.6881,0.0657,0.0831,0.2237,0.1718,-1.079,4.846
4405,0.2212,0.6430,0.7088,0.6276,0.0657,0.1038,0.2706,0.2277,1.978,6.221
7273,0.2123,0.5696,0.6353,0.6211,0.0657,0.0000,0.1501,0.1225,0.093,3.565
10321,0.3636,0.6482,0.7139,0.6559,0.0657,-0.0069,0.1631,0.1427,2.323,4.077
9309,0.3841,0.5696,0.6353,0.5168,0.0657,-0.0449,0.2851,0.2623,0.053,6.238
9265,0.0504,0.5077,0.5735,0.5889,0.0657,0.0371,0.3227,0.3143,0.870,7.007
23776,0.5266,0.6662,0.7320,0.7062,0.0657,0.0104,0.1339,0.1104,1.168,4.068
921,0.2161,0.5064,0.5722,0.5039,0.0657,0.0254,0.1754,0.1706,1.524,4.667
8700,0.3664,0.5683,0.6340,0.6327,0.0657,0.0452,0.2201,0.1942,0.002,4.965
15332,0.1845,0.6203,0.6860,0.6396,0.0656,-0.0417,0.1398,0.1180,0.243,3.882
5740,0.3958,0.7079,0.7735,0.7580,0.0656,0.0881,0.1891,0.1328,3.227,3.583
15404,0.1700,0.4543,0.5199,0.4749,0.0656,0.0404,0.2147,0.2181,-0.759,5.308
15848,0.5557,0.7027,0.7683,0.7220,0.0656,0.0875,0.1798,0.1431,-0.152,4.857
7747,0.5616,0.6654,0.7310,0.6538,0.0656,0.0232,0.1038,0.0937,0.179,3.306
3358,0.2671,0.5946,0.6602,0.5264,0.0656,0.0300,0.1395,0.1324,3.064,3.885
16978,0.4780,0.6525,0.7181,0.6319,0.0656,0.0636,0.1250,0.1067,-0.648,3.833
6923,0.3967,0.5650,0.6306,0.6396,0.0656,-0.0034,0.1662,0.1665,-1.072,4.711
19470,0.4824,0.6645,0.7301,0.6594,0.0656,-0.0070,0.1176,0.0787,-0.506,2.391
7283,0.6551,0.7301,0.7956,0.7648,0.0656,0.0369,0.2241,0.1839,-0.678,6.386
11560,0.3840,0.5206,0.5861,0.6054,0.0656,0.0381,0.2551,0.2016,2.620,5.419
17218,0.3856,0.6067,0.6722,0.5630,0.0656,0.0301,0.1381,0.1351,0.874,3.923
1056,0.2879,0.6401,0.7057,0.5617,0.0656,0.0404,0.1612,0.1531,0.212,4.257
19320,0.5280,0.6003,0.6658,0.6697,0.0656,0.0012,0.1717,0.1470,-0.277,4.947
4756,0.0928,0.5360,0.6015,0.5219,0.0656,0.0162,0.2489,0.2161,1.148,5.002
10728,0.3291,0.6157,0.6812,0.5784,0.0656,0.0311,0.2284,0.1637,4.112,4.495
18258,0.7388,0.7112,0.7766,0.7381,0.0655,0.0161,0.1468,0.1132,0.393,4.547
8437,0.5719,0.6264,0.6919,0.6573,0.0655,0.0231,0.1392,0.0816,-1.710,3.802
15236,0.3094,0.6470,0.7125,0.6187,0.0655,0.0971,0.1581,0.1301,2.024,4.213
21612,0.5712,0.6945,0.7599,0.6855,0.0655,0.0581,0.2355,0.1971,0.213,5.956
9249,0.2420,0.5032,0.5687,0.5610,0.0655,0.0380,0.1944,0.1692,3.896,4.768
15175,0.5121,0.7086,0.7741,0.7420,0.0655,0.0184,0.2756,0.1018,-5.360,2.781
20134,0.2837,0.6076,0.6728,0.6271,0.0652,0.0277,0.3687,0.1856,-3.950,5.706
7400,0.2899,0.6115,0.6767,0.6610,0.0652,-0.0189,0.1700,0.1488,0.766,3.591
9636,0.6565,0.7057,0.7708,0.7240,0.0651,0.0071,0.0885,0.0773,-1.100,4.181
11606,0.4296,0.5690,0.6341,0.5859,0.0651,0.0432,0.1082,0.0914,-0.655,1.762
20207,0.4226,0.5785,0.6433,0.6329,0.0649,0.0589,0.3465,0.3000,0.441,7.390
1694,0.4198,0.5629,0.6278,0.5292,0.0649,-0.0069,0.2707,0.2661,1.409,6.694
3787,0.4170,0.5785,0.6433,0.6329,0.0649,0.0542,0.2604,0.2322,1.727,6.739
5676,-0.0862,0.4418,0.5066,0.4563,0.0648,-0.0053,0.1366,0.1045,3.956,0.358
21409,0.3988,0.5661,0.6308,0.5868,0.0648,0.0150,0.2243,0.0639,5.272,2.433
9712,0.1732,0.4838,0.5485,0.5097,0.0647,0.0034,0.1051,0.0965,-0.038,3.497
3437,0.5447,0.6908,0.7555,0.7361,0.0647,0.0013,0.1933,0.1377,2.316,5.567
16273,0.4893,0.5330,0.5976,0.5198,0.0646,0.0596,0.3026,0.0875,5.943,3.082
18025,0.1197,0.5818,0.6464,0.4710,0.0646,0.0599,0.3492,0.0933,8.261,0.730
3837,0.5556,0.6628,0.7274,0.7403,0.0646,-0.0092,0.1742,0.1409,1.462,4.488
4226,0.5157,0.7054,0.7700,0.6835,0.0646,0.0739,0.1249,0.0971,0.390,3.240
24851,0.5573,0.6796,0.7442,0.6344,0.0646,0.0602,0.2711,0.1407,-3.856,4.884
303,0.1287,0.5581,0.6227,0.5698,0.0646,0.1186,0.2799,0.1722,-1.852,3.940
13127,0.2901,0.6034,0.6680,0.5827,0.0646,0.1386,0.1253,0.0691,2.730,2.849
7870,0.3981,0.5415,0.6061,0.5639,0.0646,0.0719,0.2409,0.0627,5.678,2.614
14543,0.6360,0.6903,0.7548,0.6929,0.0645,0.0219,0.2157,0.1759,0.916,5.875
16588,0.5709,0.6903,0.7548,0.7290,0.0645,-0.0150,0.1567,0.1387,0.593,4.701
10319,0.4676,0.5523,0.6168,0.6361,0.0645,0.0138,0.1578,0.1524,1.527,4.343
15785,0.0331,0.5652,0.6297,0.5742,0.0645,0.1087,0.2255,0.1499,-1.588,2.676
5461,0.2440,0.5652,0.6297,0.6181,0.0645,-0.0315,0.2088,0.2162,-3.180,5.800
24074,0.6492,0.6490,0.7135,0.6284,0.0645,0.0173,0.1549,0.1408,0.246,4.499
11026,0.5398,0.7036,0.7680,0.6869,0.0644,0.0173,0.2901,0.2820,-0.062,6.927
11282,0.4648,0.6211,0.6856,0.5851,0.0644,-0.0035,0.1928,0.1667,3.034,4.206
5198,0.3590,0.6147,0.6791,0.6379,0.0644,0.0497,0.1099,0.1078,0.183,3.410
900,0.4584,0.7178,0.7822,0.7113,0.0644,0.0552,0.2689,0.1720,-1.613,6.232
21257,0.4204,0.7229,0.7874,0.6972,0.0644,0.0774,0.2011,0.1646,0.556,3.968
21934,0.2746,0.6203,0.6847,0.6667,0.0644,0.0946,0.2031,0.1776,0.196,4.695
23116,0.4024,0.6885,0.7529,0.6782,0.0644,0.0139,0.1608,0.1434,-1.091,4.769
18900,0.2250,0.5238,0.5882,0.5894,0.0644,0.0393,0.2126,0.1997,-1.311,5.233
14235,0.1344,0.5290,0.5933,0.6075,0.0644,0.0368,0.2287,0.2220,-0.524,4.990
18765,0.5385,0.6075,0.6718,0.6203,0.0644,0.0611,0.1083,0.1055,1.271,3.855
2788,0.5063,0.6710,0.7352,0.6594,0.0643,0.0707,0.1792,0.1390,-0.847,4.485
14283,0.2642,0.5810,0.6452,0.6144,0.0643,0.0866,0.2594,0.2265,-1.355,5.661
24079,0.4008,0.6877,0.7519,0.7044,0.0643,0.0668,0.1562,0.1349,1.305,4.359
16003,0.1822,0.5746,0.6388,0.5913,0.0643,0.0888,0.2068,0.1840,1.690,4.419
22564,0.3352,0.6375,0.7018,0.6440,0.0643,0.0994,0.1383,0.1243,1.126,3.521
23273,0.3069,0.6015,0.6658,0.6324,0.0643,0.0956,0.2301,0.1796,-2.257,4.488
12800,0.5672,0.6337,0.6979,0.6427,0.0643,0.0023,0.2144,0.1595,2.319,5.441
15813,0.1219,0.5951,0.6594,0.6041,0.0643,0.1057,0.2852,0.1877,-3.015,4.886
23672,0.3601,0.5951,0.6594,0.6272,0.0643,0.0346,0.2267,0.2060,0.598,6.225
11258,0.1755,0.6093,0.6735,0.6337,0.0643,0.0265,0.1354,0.1357,1.385,4.592
6977,0.2168,0.6157,0.6799,0.6504,0.0643,0.0728,0.1988,0.1806,-0.106,5.880
3265,0.5581,0.5617,0.6260,0.5566,0.0643,-0.0372,0.1757,0.1392,2.258,3.768
1337,0.2367,0.5668,0.6311,0.5938,0.0643,0.0668,0.2211,0.1983,1.688,4.745
5693,0.4309,0.5917,0.6560,0.5984,0.0643,-0.0050,0.3039,0.2935,0.586,7.609
6503,0.3832,0.6406,0.7047,0.6919,0.0642,0.0693,0.2530,0.2094,-1.043,6.580
20030,0.2733,0.5969,0.6611,0.6098,0.0642,0.0737,0.2289,0.2015,-1.633,5.373
1895,0.3054,0.6996,0.7638,0.6893,0.0642,0.0519,0.1938,0.1667,0.054,5.672
2707,0.2836,0.5738,0.6380,0.5135,0.0642,-0.0335,0.1809,0.1504,-1.060,3.383
9452,0.2565,0.6560,0.7202,0.6688,0.0642,0.0669,0.2396,0.1564,-2.978,3.855
1750,0.2865,0.6308,0.6949,0.7128,0.0641,0.1442,0.1994,0.1742,-0.279,5.187
5850,0.3748,0.6436,0.7077,0.6731,0.0641,0.1050,0.1656,0.1485,-0.540,4.116
3785,0.2232,0.5040,0.5680,0.5987,0.0640,0.0338,0.3437,0.3128,1.833,7.375
20890,0.6497,0.7292,0.7931,0.7889,0.0639,-0.0210,0.1828,0.0828,3.523,4.121
17515,0.1756,0.4759,0.5398,0.5137,0.0639,-0.0105,0.1448,0.1202,1.725,3.584
24747,0.3785,0.5885,0.6523,0.6406,0.0638,0.0174,0.1948,0.0876,3.736,3.385
21947,0.0395,0.4160,0.4797,0.4106,0.0637,0.0259,0.2173,0.0936,5.399,1.906
20680,0.4826,0.6130,0.6766,0.6351,0.0636,-0.0035,0.0869,0.0946,1.564,2.670
2189,0.4937,0.6065,0.6701,0.6078,0.0636,0.0219,0.1560,0.0986,2.532,2.878
1446,0.0762,0.5668,0.6304,0.5409,0.0636,0.0231,0.3080,0.2088,-3.633,5.730
11366,0.6969,0.7134,0.7769,0.7004,0.0636,0.0490,0.1358,0.0737,-1.921,1.866
9095,0.2099,0.5505,0.6140,0.6477,0.0635,0.0827,0.2995,0.2575,1.696,6.631
23609,0.2600,0.5298,0.5933,0.5505,0.0635,0.0735,0.2993,0.2558,2.343,6.235
11579,0.3963,0.5731,0.6365,0.5938,0.0634,0.0662,0.2938,0.2690,0.354,7.330
5202,0.2767,0.6520,0.7154,0.6468,0.0634,0.0231,0.2165,0.1916,-1.212,5.936
3148,0.1515,0.4748,0.5382,0.4981,0.0634,-0.0186,0.1462,0.1410,0.934,2.784
20950,0.6046,0.7335,0.7969,0.7516,0.0634,0.0529,0.1261,0.0977,-1.290,3.394
23131,0.3097,0.5426,0.6059,0.5724,0.0633,0.0421,0.1311,0.1178,1.476,3.243
9722,0.5257,0.6925,0.7558,0.6693,0.0633,0.0519,0.1294,0.1191,0.433,3.943
77,0.1989,0.5594,0.6227,0.6163,0.0633,-0.0174,0.3541,0.3279,1.515,7.032
15797,0.0226,0.5930,0.6563,0.5736,0.0633,0.0750,0.3195,0.1784,-3.050,4.287
14038,0.4240,0.6437,0.7070,0.6176,0.0633,-0.0148,0.0921,0.0772,1.199,3.384
5656,0.3326,0.6627,0.7260,0.7128,0.0632,0.0570,0.1204,0.1029,1.079,3.948
4814,0.1727,0.5342,0.5974,0.5355,0.0632,-0.0276,0.3018,0.2715,-2.034,5.459
9327,0.4070,0.5961,0.6594,0.6000,0.0632,0.0287,0.1646,0.1562,0.803,4.254
4789,0.1482,0.6516,0.7148,0.6465,0.0632,-0.0162,0.2160,0.2011,0.434,4.798
1899,0.3908,0.6271,0.6903,0.6723,0.0632,0.0081,0.0909,0.0873,2.472,2.264
12963,0.1676,0.5794,0.6426,0.5961,0.0632,0.0476,0.3760,0.3566,0.695,7.642
2390,0.1759,0.5471,0.6103,0.5768,0.0632,0.0531,0.1168,0.1058,1.327,2.469
19461,0.4224,0.6800,0.7432,0.6516,0.0632,0.0624,0.2389,0.1874,-1.726,5.272
15147,0.2651,0.5871,0.6503,0.5329,0.0632,0.0427,0.2549,0.2400,-0.549,6.358
18896,0.4431,0.5510,0.6142,0.5535,0.0632,0.0092,0.1522,0.1199,2.059,3.749
12619,0.4244,0.6134,0.6765,0.6418,0.0631,0.0347,0.2119,0.1701,3.337,5.484
13383,0.3104,0.5180,0.5812,0.5528,0.0631,-0.0173,0.2511,0.2381,-0.257,5.203
8592,0.3282,0.7010,0.7642,0.7049,0.0631,0.0543,0.1761,0.1623,1.032,4.814
13569,0.5233,0.6082,0.6714,0.6327,0.0631,0.0220,0.1670,0.1202,2.770,4.180
20001,0.6570,0.5753,0.6384,0.6152,0.0631,-0.0196,0.1599,0.0880,2.474,3.677
9630,0.5619,0.6744,0.7375,0.7194,0.0631,0.0081,0.1990,0.1361,3.016,4.264
17821,0.3017,0.6023,0.6654,0.6602,0.0631,0.0681,0.1244,0.1060,-0.879,3.089
5688,0.4106,0.5444,0.6075,0.5354,0.0631,0.0939,0.2139,0.1348,-2.543,3.419
9571,0.4862,0.5907,0.6538,0.6371,0.0631,0.0138,0.1802,0.1078,4.357,3.476
20419,0.4077,0.5866,0.6496,0.6076,0.0630,0.0300,0.1658,0.1055,-1.698,3.598
366,0.2984,0.5874,0.6504,0.6028,0.0630,0.0704,0.2038,0.1774,1.218,4.146
17156,0.4695,0.6607,0.7237,0.7031,0.0630,0.0253,0.1755,0.1367,-1.640,3.937
24221,0.3224,0.5835,0.6465,0.6118,0.0630,0.0219,0.2153,0.2016,0.710,5.617
8295,0.5091,0.6799,0.7429,0.6851,0.0630,0.0173,0.1463,0.0867,1.969,3.645
15221,0.4161,0.6517,0.7147,0.6902,0.0630,-0.0046,0.0987,0.0793,1.150,3.600
2026,0.3614,0.6226,0.6855,0.5712,0.0629,-0.0265,0.2597,0.2433,0.520,5.861
14325,0.3506,0.6303,0.6932,0.6662,0.0629,0.0185,0.1151,0.1121,2.286,2.684
23440,0.2495,0.6098,0.6727,0.5956,0.0629,0.1435,0.1693,0.1550,0.670,5.018
24912,0.4088,0.6098,0.6727,0.6573,0.0629,-0.0402,0.2188,0.1946,1.230,5.850
9796,0.4842,0.6637,0.7266,0.6881,0.0629,0.0311,0.1242,0.1061,0.763,3.716
3058,0.6305,0.6688,0.7317,0.7715,0.0629,-0.0370,0.1270,0.0985,1.774,3.642
21803,0.1623,0.6684,0.7311,0.6397,0.0627,0.0881,0.2907,0.1710,4.234,4.701
9343,0.2504,0.6419,0.7044,0.6719,0.0625,0.0793,0.2844,0.2518,-1.821,6.395
21107,0.2720,0.5891,0.6515,0.6216,0.0624,0.0739,0.0777,0.0913,1.906,2.214
19093,-0.0484,0.5494,0.6117,0.5558,0.0623,0.0939,0.1278,0.1030,0.441,2.182
2686,0.4256,0.6641,0.7263,0.6407,0.0623,0.0497,0.1114,0.0606,2.212,2.602
7089,0.4556,0.5104,0.5725,0.4832,0.0622,0.0105,0.1891,0.0926,3.284,4.150
21804,0.6331,0.7723,0.8344,0.8060,0.0621,0.0645,0.1262,0.0859,0.533,4.074
15896,0.0574,0.6158,0.6779,0.6106,0.0621,0.0255,0.3001,0.1509,-2.560,3.652
15384,0.4879,0.6507,0.7128,0.6921,0.0621,0.0069,0.1499,0.1364,2.426,4.166
14675,0.4920,0.7025,0.7646,0.7335,0.0621,0.0149,0.2147,0.1700,0.474,5.389
21571,0.2832,0.5982,0.6602,0.5724,0.0620,0.0565,0.1594,0.1528,0.416,3.663
11012,0.5027,0.6525,0.7145,0.6628,0.0620,0.0371,0.1014,0.0837,2.610,2.427
722,0.4953,0.6111,0.6731,0.6550,0.0620,-0.0023,0.2238,0.1186,4.351,4.301
16485,0.6155,0.7119,0.7739,0.7339,0.0620,0.0058,0.1873,0.1459,0.867,5.058
5994,0.4532,0.5937,0.6557,0.6570,0.0620,-0.0292,0.2442,0.0831,5.817,3.007
13697,0.5350,0.6413,0.7032,0.6400,0.0619,0.0408,0.1365,0.1216,0.370,4.031
13161,0.5888,0.6813,0.7432,0.6426,0.0619,0.0242,0.0982,0.0779,-0.616,3.173
2626,0.3416,0.6323,0.6942,0.6658,0.0619,0.0460,0.1452,0.1010,-1.316,3.321
4813,0.4285,0.5574,0.6194,0.5574,0.0619,0.0776,0.1920,0.1372,3.878,3.977
4523,0.5726,0.6826,0.7445,0.6955,0.0619,0.0370,0.1250,0.1062,1.070,3.026
10182,0.4074,0.6994,0.7613,0.6800,0.0619,0.0858,0.1612,0.1240,-0.158,3.982
12493,0.1405,0.5690,0.6310,0.5458,0.0619,0.0658,0.1166,0.1233,2.335,2.873
11324,0.6391,0.6735,0.7355,0.6568,0.0619,0.0441,0.2238,0.1883,0.950,6.511
9614,0.3784,0.6245,0.6865,0.6090,0.0619,0.0208,0.1517,0.1249,1.652,3.307
20042,0.2629,0.5523,0.6142,0.5561,0.0619,0.0531,0.2037,0.1685,2.040,4.202
12099,0.1772,0.6245,0.6865,0.6735,0.0619,0.0978,0.3262,0.2153,-3.087,5.019
6771,0.2075,0.4369,0.4987,0.4059,0.0619,0.0554,0.1359,0.1253,1.462,2.638
2569,0.4928,0.6005,0.6624,0.6121,0.0619,0.0669,0.1931,0.0981,3.600,3.813
21166,0.4641,0.6521,0.7139,0.5863,0.0619,0.0346,0.1867,0.1295,-1.122,4.648
23149,0.4378,0.6108,0.6727,0.6405,0.0619,-0.0127,0.2572,0.2073,2.685,5.020
16669,0.5769,0.6521,0.7139,0.6959,0.0619,0.0599,0.2103,0.1625,1.225,5.520
18754,0.4114,0.6538,0.7156,0.6088,0.0618,0.0970,0.2391,0.1261,-2.658,3.905
14662,0.3892,0.6538,0.7156,0.6486,0.0618,0.0613,0.1416,0.1015,2.449,3.216
7578,0.4337,0.5534,0.6152,0.5534,0.0618,0.0415,0.2106,0.1311,-2.174,3.394
2256,0.4136,0.5766,0.6384,0.6010,0.0618,-0.0173,0.1669,0.1593,-0.540,4.819
22354,0.4725,0.6486,0.7104,0.6654,0.0618,-0.0104,0.2037,0.1885,0.994,5.518
3583,0.3710,0.5701,0.6319,0.5637,0.0618,0.0405,0.2519,0.2403,0.800,5.690
4635,-0.0312,0.5393,0.6010,0.5367,0.0618,0.1237,0.2883,0.2745,3.055,5.439
7333,0.0525,0.5122,0.5740,0.5431,0.0618,0.1742,0.1514,0.1713,0.630,4.818
6129,0.3304,0.6345,0.6963,0.6293,0.0618,0.0496,0.1847,0.1628,0.159,4.257
2768,0.2785,0.6242,0.6860,0.6821,0.0618,0.0691,0.2557,0.2378,0.569,6.090
12868,0.2702,0.6360,0.6978,0.6413,0.0618,0.0671,0.3731,0.3568,-0.209,8.229
3452,0.4250,0.5835,0.6452,0.5398,0.0617,0.0081,0.1656,0.0990,3.396,3.937
17733,0.4421,0.6234,0.6851,0.6838,0.0617,0.0681,0.1890,0.1426,1.997,4.656
8809,0.4000,0.5707,0.6324,0.5951,0.0617,0.0266,0.2261,0.2153,1.508,5.459
14347,0.4517,0.6967,0.7584,0.6414,0.0617,-0.0046,0.1964,0.1736,0.617,4.880
2715,0.3397,0.6067,0.6684,0.6028,0.0617,-0.0345,0.1920,0.1645,-0.157,4.525
8045,-0.0067,0.5578,0.6195,0.5925,0.0617,0.0405,0.3469,0.2881,-0.662,6.035
1544,0.4266,0.6003,0.6620,0.6491,0.0617,0.0221,0.1640,0.1174,2.241,3.736
13054,0.4030,0.6787,0.7404,0.6671,0.0617,-0.0081,0.1894,0.1751,-0.452,5.388
16204,0.0966,0.6221,0.6838,0.6080,0.0617,0.1602,0.2431,0.1391,-3.028,4.166
5565,0.4072,0.6213,0.6829,0.6239,0.0616,-0.0208,0.1969,0.1826,0.669,5.305
3586,0.3503,0.6085,0.6701,0.5751,0.0616,0.0035,0.2348,0.1851,3.066,5.802
19344,0.5162,0.6200,0.6816,0.6021,0.0616,0.0196,0.1455,0.0840,3.241,2.644
17333,0.5809,0.6603,0.7218,0.6846,0.0615,0.0759,0.1741,0.1275,2.415,3.849
20327,0.3127,0.6179,0.6795,0.7064,0.0615,0.0747,0.2640,0.1977,-2.224,5.076
20849,0.4381,0.6497,0.7111,0.6065,0.0614,0.0257,0.0583,0.0641,0.395,1.805
10107,0.4364,0.5554,0.6167,0.5854,0.0613,-0.0011,0.2632,0.2000,3.221,5.431
20618,0.2793,0.5839,0.6450,0.6060,0.0611,0.0695,0.3350,0.2741,2.059,7.181
21764,0.3494,0.5397,0.6008,0.5462,0.0611,0.0580,0.1912,0.0862,3.938,2.522
14196,0.5636,0.6450,0.7061,0.6528,0.0611,0.0261,0.2640,0.1150,5.497,5.218
39,0.1230,0.6881,0.7492,0.5723,0.0611,-0.0494,0.0881,0.0457,3.051,0.575
13923,0.4425,0.5792,0.6403,0.6299,0.0610,0.0161,0.1734,0.0905,3.694,2.773
6731,0.2533,0.6078,0.6688,0.6299,0.0610,0.1319,0.2317,0.1597,3.402,5.385
20925,0.3860,0.6148,0.6757,0.6226,0.0610,-0.0069,0.1337,0.1300,1.579,4.374
12990,0.4082,0.5850,0.6459,0.6018,0.0610,0.0533,0.1336,0.0801,2.252,2.613
19075,0.4107,0.5959,0.6567,0.5725,0.0609,0.0409,0.1903,0.1881,-0.648,4.424
16218,-0.0019,0.5317,0.5925,0.5576,0.0608,0.0000,0.1297,0.0977,-0.529,2.378
6322,0.3194,0.5731,0.6339,0.5899,0.0608,0.0221,0.1888,0.0921,5.218,2.708
17497,0.4144,0.6378,0.6986,0.6326,0.0608,0.0265,0.1261,0.1207,3.076,4.059
5731,0.2741,0.6163,0.6770,0.6318,0.0607,0.0311,0.1307,0.1017,1.854,2.732
18805,0.2988,0.6266,0.6873,0.6576,0.0607,0.0487,0.2669,0.2541,-2.005,6.211
14383,0.4681,0.6344,0.6951,0.6731,0.0607,0.0569,0.1705,0.1301,3.229,3.727
2622,0.2713,0.4858,0.5465,0.5181,0.0607,0.0184,0.3148,0.2906,-0.221,6.672
12892,0.1622,0.5401,0.6008,0.5672,0.0607,0.0625,0.2398,0.1544,4.127,3.462
22746,0.1778,0.5491,0.6098,0.6266,0.0607,0.0393,0.1043,0.0925,0.837,2.565
3166,0.3464,0.4813,0.5419,0.5858,0.0606,0.0416,0.2285,0.1565,3.546,5.090
12955,0.2791,0.5523,0.6129,0.5794,0.0606,0.0579,0.2756,0.1770,4.064,5.884
7908,0.6483,0.6761,0.7368,0.7290,0.0606,0.0185,0.1455,0.0855,2.703,3.690
24312,0.2765,0.5923,0.6529,0.6103,0.0606,-0.0592,0.2683,0.2484,1.763,5.528
154,0.4099,0.5742,0.6348,0.6142,0.0606,-0.0127,0.2773,0.2019,2.716,6.434
11577,0.4923,0.5948,0.6555,0.5819,0.0606,0.0196,0.1194,0.0904,2.640,3.032
20231,0.1546,0.5606,0.6211,0.6263,0.0606,0.0781,0.2557,0.2425,-2.028,6.249
18878,0.4102,0.6585,0.7191,0.6675,0.0606,0.0474,0.0977,0.0860,-0.354,2.088
19675,0.3751,0.5451,0.6057,0.5258,0.0606,-0.0093,0.2109,0.1677,2.792,5.665
11675,0.0770,0.5825,0.6430,0.5683,0.0606,0.1414,0.1515,0.1394,0.695,4.029
6452,0.2488,0.5593,0.6198,0.5515,0.0606,-0.0161,0.1978,0.1908,2.940,4.221
9699,0.5178,0.6817,0.7423,0.6765,0.0606,0.0130,0.1510,0.0897,3.568,2.516
13626,0.2596,0.6057,0.6662,0.6082,0.0606,0.0426,0.2592,0.1695,-2.956,4.676
12357,0.1880,0.6289,0.6894,0.6959,0.0606,0.0971,0.2333,0.1780,-0.051,5.400
24404,0.2581,0.6662,0.7268,0.6534,0.0606,0.0173,0.2505,0.2031,-1.687,5.562
12118,0.0467,0.5309,0.5915,0.5670,0.0606,-0.0011,0.2590,0.2579,3.131,4.819
19611,0.5181,0.6688,0.7294,0.6598,0.0606,0.0209,0.1179,0.0968,1.829,3.180
6299,0.6194,0.7255,0.7861,0.6585,0.0606,0.0693,0.2159,0.1496,-2.293,4.930
23330,0.3498,0.5773,0.6379,0.5554,0.0606,0.0058,0.1417,0.1012,2.175,3.350
18839,0.3730,0.5786,0.6392,0.5567,0.0606,0.0382,0.2442,0.2089,-1.072,6.241
8794,0.5966,0.5105,0.5711,0.5263,0.0605,0.0151,0.2165,0.1294,2.636,4.729
21974,0.2824,0.4160,0.4766,0.4402,0.0605,0.0520,0.3887,0.3716,1.527,7.635
1257,0.5315,0.6834,0.7439,0.6834,0.0605,0.0126,0.1131,0.0972,2.019,2.889
7130,-0.0847,0.4517,0.5122,0.5032,0.0605,0.0046,0.2008,0.1775,0.150,3.862
646,0.4495,0.6384,0.6988,0.5946,0.0605,0.0116,0.2650,0.1503,4.024,4.152
11650,0.4768,0.7066,0.7671,0.7349,0.0605,0.0762,0.1417,0.1179,1.863,3.983
19992,0.1158,0.5290,0.5894,0.5148,0.0605,0.0082,0.2742,0.2499,-2.330,5.345
244,0.1231,0.5946,0.6551,0.6010,0.0605,0.0427,0.1443,0.1218,-0.796,3.217
3071,0.3059,0.5701,0.6306,0.5225,0.0605,0.0555,0.2377,0.2326,-0.143,5.549
585,0.2442,0.6306,0.6911,0.7169,0.0605,0.0139,0.2724,0.1736,-4.276,4.534
13303,0.1410,0.5953,0.6557,0.5585,0.0604,-0.0058,0.0998,0.0912,0.577,2.326
14315,0.5434,0.6992,0.7596,0.7635,0.0604,0.0440,0.2752,0.1746,-2.491,5.331
8823,0.1430,0.5501,0.6105,0.6208,0.0604,0.0772,0.2280,0.2043,-0.648,5.010
15235,0.3466,0.6632,0.7237,0.6530,0.0604,0.0622,0.1832,0.1573,1.069,4.883
19666,0.4157,0.6170,0.6774,0.6735,0.0604,-0.0127,0.1950,0.1788,0.326,4.940
4121,0.3676,0.5219,0.5823,0.5437,0.0604,0.0288,0.2255,0.2028,-0.534,5.418
10324,0.5018,0.6362,0.6967,0.6170,0.0604,0.0716,0.1678,0.1383,-1.085,5.016
8539,0.3526,0.6542,0.7147,0.6555,0.0604,0.0495,0.1420,0.1280,2.177,3.911
14630,0.3355,0.6701,0.7304,0.6842,0.0603,0.0253,0.1598,0.1101,-1.141,4.274
4741,0.2804,0.6521,0.7125,0.6893,0.0603,0.0462,0.2139,0.1614,-0.863,4.342
4458,0.3583,0.6534,0.7137,0.7099,0.0603,0.0496,0.2383,0.2059,-0.669,5.506
23600,0.3847,0.5751,0.6354,0.6341,0.0603,0.0299,0.2374,0.2277,-0.411,5.827
22888,0.2351,0.5449,0.6051,0.5769,0.0603,0.0209,0.2182,0.1877,-1.594,4.921
7588,0.4700,0.6237,0.6836,0.7083,0.0599,0.0370,0.2622,0.1259,4.828,4.202
16897,0.3621,0.6658,0.7256,0.6398,0.0598,0.0694,0.3180,0.2365,-1.402,5.478
7321,0.4129,0.4714,0.5312,0.4623,0.0597,0.0302,0.1464,0.1127,-1.985,3.722
20360,0.4643,0.5455,0.6052,0.5563,0.0597,0.0313,0.1014,0.0965,1.204,3.398
14071,0.2364,0.4890,0.5486,0.5123,0.0597,-0.0129,0.2543,0.2041,4.130,5.236
15837,0.4689,0.5803,0.6399,0.6010,0.0596,0.0821,0.1162,0.1001,1.009,3.594
23586,0.2469,0.5389,0.5984,0.6166,0.0596,0.0635,0.3370,0.3171,-1.878,7.194
15220,0.3035,0.5531,0.6127,0.5350,0.0596,0.0506,0.2526,0.2120,2.098,5.294
20402,0.2619,0.5311,0.5907,0.5635,0.0596,-0.0257,0.1048,0.0929,0.365,2.592
3950,0.1707,0.5142,0.5738,0.4987,0.0596,-0.0242,0.1994,0.1653,1.886,4.572
14121,0.4939,0.6818,0.7413,0.6041,0.0595,0.0600,0.2611,0.2420,-1.209,5.073
13241,0.2623,0.6054,0.6649,0.6636,0.0595,-0.0220,0.1812,0.1496,4.416,4.072
3440,0.5688,0.6688,0.7283,0.6960,0.0595,0.0116,0.2309,0.1613,2.303,5.654
5357,0.2867,0.5478,0.6072,0.5426,0.0594,0.0092,0.1643,0.1498,1.796,3.827
6169,0.4787,0.6176,0.6770,0.6202,0.0594,0.0475,0.1882,0.1078,2.854,4.272
11546,0.1443,0.6072,0.6667,0.5775,0.0594,0.0773,0.2606,0.2075,-0.719,5.301
12333,0.4934,0.6111,0.6705,0.6576,0.0594,-0.0045,0.2073,0.1714,2.244,5.145
8504,0.4820,0.6331,0.6925,0.6266,0.0594,0.0383,0.1546,0.0631,-1.843,1.781
1358,0.3899,0.5814,0.6408,0.5672,0.0594,0.0511,0.2233,0.1657,2.012,4.976
24061,0.4614,0.5974,0.6568,0.6361,0.0594,0.0545,0.3358,0.2959,1.741,7.500
6985,0.0471,0.5290,0.5884,0.4684,0.0594,0.0392,0.2099,0.1704,-0.367,3.636
18458,0.5199,0.6881,0.7474,0.6881,0.0593,0.0346,0.1992,0.1499,3.364,4.605
1806,0.4764,0.6637,0.7229,0.7307,0.0593,0.0438,0.1210,0.0879,2.140,2.664
17772,0.4022,0.5941,0.6534,0.6186,0.0593,0.0254,0.2377,0.2370,3.081,5.267
19948,0.0313,0.5180,0.5773,0.5039,0.0593,0.0356,0.1574,0.1537,1.435,4.322
970,0.3390,0.7062,0.7655,0.7126,0.0593,0.0463,0.0913,0.0841,0.937,2.985
6446,0.5345,0.6834,0.7426,0.7040,0.0592,0.0415,0.1201,0.1129,0.309,3.437
7865,0.1809,0.5959,0.6551,0.6409,0.0592,0.0451,0.2704,0.1697,-2.733,3.780
17859,0.3261,0.6461,0.7053,0.6345,0.0592,0.0173,0.1930,0.1736,-0.500,5.223
6205,0.1952,0.5843,0.6435,0.5689,0.0592,0.1128,0.1780,0.1666,0.410,4.402
7381,0.6537,0.6152,0.6744,0.6371,0.0592,-0.0047,0.1385,0.1106,0.912,4.317
14792,0.2084,0.5290,0.5882,0.5856,0.0592,0.0334,0.2155,0.1802,-1.297,4.221
13682,0.4327,0.6821,0.7413,0.6988,0.0592,-0.0313,0.2268,0.1404,-2.621,3.524
16499,0.1843,0.4319,0.4911,0.5557,0.0591,0.0499,0.3573,0.2859,4.786,6.499
14513,0.4143,0.6465,0.7057,0.6581,0.0591,-0.0208,0.2550,0.1411,-4.175,3.917
16919,0.5451,0.6645,0.7237,0.6658,0.0591,-0.0163,0.2641,0.1673,-4.366,4.832
23178,0.3394,0.5681,0.6272,0.6247,0.0591,0.0241,0.2942,0.2398,-2.245,6.823
7438,0.3998,0.6183,0.6774,0.6491,0.0591,0.1236,0.1383,0.1218,2.045,3.259
6827,0.2774,0.5900,0.6491,0.5746,0.0591,0.0501,0.2010,0.1899,0.314,4.331
19481,0.4060,0.6093,0.6684,0.6504,0.0591,-0.0069,0.2074,0.1967,0.824,5.715
6876,0.1369,0.6054,0.6645,0.6195,0.0591,0.0437,0.1909,0.1882,1.139,5.059
18597,0.2684,0.6758,0.7349,0.6538,0.0591,0.0096,0.3260,0.0956,6.796,4.377
10694,0.2996,0.6418,0.7009,0.6470,0.0591,0.0103,0.1644,0.1606,0.995,3.707
19045,0.5145,0.6791,0.7381,0.7368,0.0591,0.0818,0.1352,0.1140,1.706,3.913
11234,0.4467,0.6650,0.7240,0.6739,0.0591,0.0438,0.1173,0.1075,0.360,4.240
12569,0.4837,0.6444,0.7035,0.6098,0.0591,0.0636,0.1512,0.1038,2.911,4.120
22905,0.2466,0.5931,0.6521,0.5995,0.0591,0.0255,0.1306,0.1121,1.589,3.240
20689,0.2555,0.5584,0.6175,0.6149,0.0591,0.0383,0.1856,0.1588,2.710,3.766
1854,0.5423,0.6816,0.7407,0.7240,0.0591,0.0244,0.1837,0.1383,-3.217,3.452
13345,0.4939,0.6739,0.7330,0.6380,0.0591,0.0519,0.1286,0.1223,-0.563,4.499
16426,0.5616,0.7308,0.7897,0.7385,0.0590,0.0748,0.2055,0.1769,-1.715,5.256
23185,0.2788,0.6359,0.6949,0.6859,0.0590,0.0865,0.2300,0.2017,0.866,5.092
19095,-0.0424,0.5183,0.5770,0.4334,0.0587,0.1551,0.1366,0.1268,0.259,2.709
4668,0.2089,0.4668,0.5254,0.4733,0.0587,-0.0069,0.2239,0.0601,4.852,3.328
5885,0.4301,0.6315,0.6901,0.5195,0.0586,-0.0385,0.2703,0.2099,4.317,5.351
21353,0.1400,0.6125,0.6711,0.6378,0.0586,0.0445,0.4403,0.1111,-8.445,1.338
5845,0.4077,0.6610,0.7195,0.7143,0.0584,0.0679,0.1617,0.0875,2.718,3.509
359,0.0164,0.6571,0.7156,0.6390,0.0584,0.1932,0.4090,0.1136,-6.123,4.574
7771,0.2279,0.5409,0.5992,0.5733,0.0584,0.0092,0.1611,0.1163,2.633,3.466
1623,0.2694,0.4942,0.5525,0.5746,0.0584,0.0266,0.1915,0.1787,2.193,4.933
6001,0.4100,0.6360,0.6943,0.6127,0.0583,0.0104,0.1737,0.1573,-0.326,4.803
19184,0.4050,0.6231,0.6813,0.5881,0.0583,0.0514,0.2684,0.2015,-3.874,5.867
4460,0.3526,0.6917,0.7500,0.7163,0.0583,0.0535,0.2665,0.1205,-3.227,3.890
4798,0.2701,0.6028,0.6611,0.6041,0.0582,-0.0208,0.2451,0.1200,3.920,4.201
24723,0.2054,0.5749,0.6331,0.5930,0.0581,0.0542,0.1074,0.0956,0.293,2.432
2369,0.2767,0.5762,0.6344,0.5736,0.0581,0.0023,0.1104,0.0905,-0.088,2.752
1202,0.3608,0.6512,0.7093,0.6176,0.0581,-0.0486,0.1434,0.1196,2.385,3.163
9535,0.3870,0.6486,0.7067,0.6563,0.0581,0.0369,0.1535,0.1385,1.490,5.038
16220,0.3184,0.6292,0.6873,0.6654,0.0581,0.0496,0.1173,0.1166,0.331,2.856
8529,0.0150,0.4393,0.4974,0.4264,0.0581,-0.0634,0.2573,0.0938,5.879,2.413
13637,0.5274,0.6473,0.7054,0.6860,0.0581,0.0421,0.1062,0.0734,2.234,3.311
2384,0.0780,0.6227,0.6809,0.6796,0.0581,0.0933,0.1870,0.1586,-1.243,4.083
2766,0.4304,0.6335,0.6916,0.6581,0.0581,0.0437,0.1504,0.1450,0.341,3.915
12821,0.5316,0.6542,0.7123,0.7110,0.0581,0.0486,0.2550,0.1390,4.257,4.798
3242,0.2742,0.6052,0.6632,0.5935,0.0581,0.0769,0.2065,0.1225,-2.593,2.555
15804,0.2546,0.5974,0.6555,0.5303,0.0581,0.0103,0.2582,0.2249,-1.029,5.348
22187,0.3952,0.6116,0.6697,0.6503,0.0581,0.0966,0.2559,0.1865,1.753,6.345
5553,0.2715,0.6568,0.7148,0.6194,0.0581,-0.0173,0.1511,0.1245,1.523,3.765
13136,0.4065,0.6813,0.7394,0.6890,0.0581,0.0104,0.1542,0.1354,2.228,4.977
2647,0.5191,0.7123,0.7703,0.7419,0.0581,0.0651,0.1284,0.0964,0.702,3.960
3231,0.3307,0.5897,0.6477,0.5587,0.0581,0.0623,0.1340,0.1222,-0.282,3.310
8670,0.1510,0.5554,0.6134,0.6018,0.0580,0.0440,0.2979,0.2267,-2.991,5.187
19920,0.1243,0.6534,0.7113,0.6933,0.0580,0.1471,0.1773,0.1450,0.221,4.452
10882,0.3166,0.6044,0.6624,0.5863,0.0580,0.0150,0.1973,0.1530,3.185,4.644
14621,0.2166,0.6276,0.6856,0.5709,0.0580,-0.0162,0.2059,0.1133,-2.692,3.140
15652,0.4119,0.6302,0.6881,0.6611,0.0580,0.0427,0.1285,0.1237,-0.019,4.092
20961,0.3359,0.6340,0.6920,0.6804,0.0580,0.0588,0.1122,0.1021,1.996,3.035
11975,0.3411,0.6572,0.7152,0.6224,0.0580,0.1082,0.2125,0.1325,2.680,4.708
287,0.2882,0.6211,0.6791,0.5477,0.0580,0.0828,0.1116,0.0988,0.044,3.134
284,0.3532,0.5838,0.6418,0.6289,0.0580,0.0311,0.1422,0.1421,0.338,4.238
19998,0.4052,0.6140,0.6719,0.5389,0.0580,0.0141,0.2332,0.1421,4.692,3.634
10358,0.4385,0.6770,0.7349,0.6216,0.0579,0.0599,0.1677,0.0906,3.290,3.681
7489,0.4205,0.5946,0.6525,0.6139,0.0579,0.0070,0.1751,0.1673,0.525,3.784
19127,0.4844,0.6847,0.7426,0.7181,0.0579,0.0416,0.1345,0.1263,-1.035,4.385
14190,0.6671,0.6950,0.7529,0.7246,0.0579,0.0115,0.1726,0.1487,-1.791,5.274
18674,0.2130,0.5212,0.5792,0.5405,0.0579,0.0138,0.1113,0.1000,1.268,3.240
19369,0.6137,0.7053,0.7632,0.7336,0.0579,0.0403,0.1594,0.1056,2.706,4.452
19007,-0.1868,0.3647,0.4226,0.3069,0.0579,-0.0211,0.1072,0.0685,-0.465,0.393
530,0.1108,0.5373,0.5951,0.5643,0.0578,0.0935,0.2061,0.1969,1.130,4.353
21359,0.2402,0.5347,0.5925,0.5244,0.0578,-0.0047,0.1473,0.1411,3.220,4.352
13010,0.3829,0.5746,0.6324,0.5360,0.0578,0.0588,0.1437,0.0942,3.067,3.232
18005,0.3176,0.4974,0.5553,0.5283,0.0578,0.0426,0.1860,0.1795,1.258,4.157
1477,0.3061,0.5977,0.6555,0.6003,0.0578,0.0440,0.2853,0.1577,-4.123,4.284
7364,0.1178,0.5566,0.6144,0.5925,0.0578,0.0233,0.2033,0.1855,4.023,4.969
17112,0.3141,0.6658,0.7237,0.6157,0.0578,0.1425,0.2095,0.2079,-0.842,5.356
23189,0.6260,0.6992,0.7571,0.7095,0.0578,0.0208,0.2026,0.1704,0.784,5.166
14793,0.4574,0.6671,0.7249,0.5784,0.0578,0.0589,0.2492,0.2267,-0.420,5.527
14378,0.3668,0.6684,0.7262,0.6825,0.0578,0.0139,0.1396,0.1249,0.444,3.940
8307,0.3103,0.6093,0.6671,0.6337,0.0578,0.0608,0.2105,0.1517,4.441,4.888
11542,0.3666,0.6594,0.7172,0.6928,0.0578,0.1183,0.2587,0.1602,-3.397,5.035
14590,0.2110,0.5386,0.5964,0.5039,0.0578,-0.0416,0.2002,0.1719,2.489,3.803
9,0.6610,0.7038,0.7616,0.7461,0.0578,0.0437,0.1218,0.0917,-1.399,4.330
9054,0.3243,0.6393,0.6970,0.6983,0.0578,-0.0391,0.1836,0.1704,-0.698,4.790
9714,0.3785,0.5276,0.5854,0.5443,0.0578,-0.0380,0.2134,0.1188,4.557,4.220
6627,0.5668,0.6996,0.7574,0.6855,0.0578,0.0577,0.2272,0.1922,-0.178,6.329
15711,0.3180,0.6534,0.7112,0.6470,0.0578,0.1152,0.1452,0.1424,0.680,4.738
16029,0.5335,0.6372,0.6949,0.6846,0.0577,0.0046,0.2019,0.1587,1.646,4.631
18737,0.4677,0.6423,0.7000,0.6833,0.0577,-0.0103,0.1365,0.1153,-0.272,4.188
1987,0.4662,0.6695,0.7271,0.6864,0.0577,0.0208,0.1582,0.1314,2.023,4.358
21949,0.6210,0.7186,0.7762,0.7408,0.0576,-0.0222,0.2808,0.0515,6.566,2.487
19407,0.4368,0.5641,0.6217,0.5982,0.0576,0.0081,0.2717,0.1005,4.934,5.030
16825,0.3244,0.5578,0.6150,0.6272,0.0571,-0.0108,0.3277,0.1243,6.953,3.718
10262,0.3627,0.6524,0.7095,0.6757,0.0571,-0.0162,0.0996,0.0935,1.407,2.928
541,0.4897,0.6187,0.6757,0.6550,0.0571,-0.0046,0.2997,0.1580,5.391,4.461
5862,0.2237,0.6355,0.6926,0.6304,0.0571,-0.0140,0.1652,0.0996,-1.595,3.268
14826,0.2406,0.5512,0.6083,0.5344,0.0571,0.0465,0.4222,0.1394,-6.937,2.994
75,0.6748,0.6455,0.7025,0.6080,0.0569,-0.0001,0.1563,0.1365,0.231,5.557
12976,0.3486,0.6352,0.6921,0.6494,0.0569,0.0727,0.1662,0.0853,3.761,3.953
17341,0.1174,0.4134,0.4703,0.4522,0.0568,0.0694,0.2190,0.1240,4.154,3.361
19905,0.1176,0.4729,0.5297,0.4496,0.0568,0.0714,0.2894,0.2564,2.184,5.904
14479,0.3206,0.5995,0.6563,0.6189,0.0568,0.0300,0.1965,0.1254,3.517,3.945
22570,0.4665,0.6357,0.6925,0.6163,0.0568,0.0409,0.1668,0.1557,-0.552,4.696
22813,0.1770,0.5517,0.6085,0.5594,0.0568,0.0810,0.1633,0.1085,-2.126,3.835
7739,0.2870,0.5995,0.6563,0.6253,0.0568,-0.0409,0.2940,0.1912,-4.621,4.943
16350,0.5392,0.6477,0.7045,0.6426,0.0568,0.0323,0.1675,0.1507,0.979,4.408
9221,0.5186,0.7032,0.7600,0.7368,0.0568,0.0278,0.1735,0.1239,-1.808,3.979
13751,0.2902,0.5239,0.5806,0.5097,0.0568,0.0197,0.1557,0.1356,-1.941,3.584
8594,0.4694,0.6361,0.6929,0.7174,0.0568,0.0093,0.1981,0.1739,2.100,5.539
8913,0.2656,0.5935,0.6503,0.5587,0.0568,0.0000,0.3695,0.2185,-4.223,5.699
21768,0.1810,0.4826,0.5394,0.4529,0.0568,0.0219,0.1241,0.1285,0.590,2.796
22073,0.3080,0.6559,0.7126,0.6753,0.0567,0.0254,0.1722,0.1253,2.766,3.532
6942,0.5828,0.7126,0.7693,0.7706,0.0567,0.0230,0.1232,0.1196,-1.232,3.885
7600,0.5030,0.6611,0.7178,0.6456,0.0567,-0.0070,0.1325,0.1132,2.776,3.486
7499,0.4132,0.6843,0.7410,0.7371,0.0567,0.0624,0.2002,0.1539,-1.023,4.542
19574,0.2435,0.5979,0.6546,0.6250,0.0567,0.0161,0.2924,0.2733,1.633,6.685
12473,0.6613,0.6727,0.7294,0.6856,0.0567,0.0624,0.1288,0.0978,0.515,4.504
18008,0.2145,0.5515,0.6082,0.6070,0.0567,0.0658,0.1879,0.1691,1.059,3.991
4889,0.2315,0.5624,0.6190,0.5856,0.0566,-0.0012,0.2065,0.1847,-2.539,5.168
4777,0.3935,0.6255,0.6821,0.6332,0.0566,0.0428,0.1964,0.1641,0.367,5.252
5157,0.2959,0.6873,0.7439,0.6448,0.0566,0.0661,0.1137,0.1014,1.640,2.989
17584,0.4902,0.5972,0.6538,0.6023,0.0566,0.0219,0.1774,0.1621,0.965,4.645
24460,0.5723,0.6409,0.6976,0.6602,0.0566,-0.0312,0.1757,0.1340,1.028,3.857
1904,0.2929,0.5946,0.6512,0.5830,0.0566,-0.0012,0.1674,0.1888,2.698,4.480
4586,0.4408,0.5946,0.6512,0.6358,0.0566,-0.0046,0.1332,0.1255,0.190,4.022
21182,0.3375,0.7104,0.7671,0.6937,0.0566,0.0428,0.1893,0.1473,-0.470,4.210
3428,0.2790,0.5701,0.6268,0.6036,0.0566,0.0403,0.2070,0.1928,-0.149,4.479
2407,0.3970,0.6513,0.7079,0.6579,0.0566,-0.0278,0.2966,0.2202,-2.183,6.587
7044,0.5147,0.6902,0.7468,0.7339,0.0566,0.0253,0.2262,0.1922,0.360,6.153
18812,0.1957,0.6594,0.7159,0.6401,0.0566,0.1267,0.1505,0.1311,0.813,4.482
1189,0.1622,0.5578,0.6144,0.5656,0.0566,0.0841,0.2359,0.2009,-0.763,4.311
24452,0.0831,0.6105,0.6671,0.6542,0.0566,0.1441,0.2327,0.1670,-2.243,4.271
16372,0.3463,0.6247,0.6812,0.6272,0.0566,0.0035,0.1962,0.1873,0.733,5.624
15380,0.3305,0.6465,0.7031,0.6183,0.0566,0.0487,0.1387,0.1282,1.105,4.387
7503,0.3801,0.5733,0.6298,0.5630,0.0566,0.0667,0.1305,0.1124,1.287,4.510
22274,0.2889,0.5807,0.6372,0.5862,0.0566,0.0871,0.0882,0.0684,-0.116,0.610
2906,0.1807,0.6447,0.7012,0.7052,0.0565,0.1504,0.2247,0.1111,-2.486,3.179
13166,0.2099,0.6187,0.6752,0.6162,0.0565,0.0116,0.2619,0.1743,-2.816,4.953
16645,0.5849,0.7163,0.7728,0.7625,0.0565,0.0450,0.1445,0.1132,-0.218,3.899
12012,0.2467,0.4801,0.5366,0.4942,0.0565,-0.0627,0.1563,0.1505,1.078,3.857
1435,0.5592,0.7009,0.7574,0.7420,0.0565,0.0415,0.1438,0.1186,0.282,3.386
19031,0.3756,0.5610,0.6175,0.6380,0.0565,0.0150,0.1400,0.1148,-0.135,3.910
18961,0.3210,0.5956,0.6521,0.6547,0.0565,0.1186,0.1897,0.1528,2.667,4.683
8097,0.3566,0.6303,0.6868,0.6277,0.0565,0.0104,0.1758,0.1673,2.039,4.453
20963,0.3889,0.5987,0.6551,0.5346,0.0564,0.0334,0.2062,0.1933,0.686,4.933
9438,0.4748,0.6540,0.7104,0.7064,0.0564,0.0892,0.2449,0.1406,3.149,5.024
14978,0.4276,0.6493,0.7053,0.5724,0.0561,-0.0291,0.1779,0.0956,4.442,2.809
8417,0.5437,0.5964,0.6523,0.5964,0.0560,0.0023,0.0685,0.0507,1.383,2.747
16549,0.2994,0.6177,0.6736,0.6216,0.0559,0.0232,0.0770,0.0640,2.192,1.539
19174,0.4191,0.6468,0.7026,0.6922,0.0558,0.0289,0.2296,0.1897,3.795,4.754
7047,0.5648,0.6511,0.7069,0.6719,0.0558,0.0415,0.1940,0.1047,4.331,2.782
21266,0.5207,0.6265,0.6822,0.6511,0.0558,0.0001,0.0786,0.0623,1.460,2.307
19294,0.4256,0.5071,0.5629,0.5614,0.0557,0.0434,0.3618,0.1799,5.257,6.531
22514,0.3209,0.5000,0.5557,0.5052,0.0557,-0.0346,0.1919,0.1127,3.812,3.903
19030,0.3255,0.5596,0.6153,0.5777,0.0557,0.0059,0.3058,0.2546,2.174,6.515
1786,0.4173,0.6166,0.6723,0.6308,0.0557,0.0150,0.1578,0.1485,1.749,4.407
8672,0.2713,0.4981,0.5537,0.5136,0.0556,0.0381,0.2123,0.1956,2.096,4.967
24500,0.5056,0.5964,0.6520,0.5938,0.0556,0.0394,0.0890,0.0794,0.563,2.484
23896,0.3077,0.6150,0.6705,0.6512,0.0556,0.0542,0.2130,0.1805,-2.572,5.663
9460,0.4223,0.6563,0.7119,0.6512,0.0556,-0.0058,0.1313,0.1157,2.767,3.302
6161,0.1643,0.4910,0.5465,0.5245,0.0556,0.0462,0.1833,0.1558,2.639,3.437
13649,0.4388,0.5814,0.6370,0.5336,0.0556,0.0428,0.2971,0.1320,-4.038,3.656
8187,0.3601,0.5853,0.6408,0.6202,0.0556,-0.0140,0.2634,0.1984,2.412,5.987
14387,0.2214,0.6034,0.6589,0.6550,0.0556,0.0223,0.2819,0.2149,3.076,6.546
739,0.3211,0.5871,0.6426,0.5548,0.0555,0.0116,0.2492,0.2308,-1.419,5.982
8499,0.3452,0.5974,0.6529,0.5703,0.0555,0.0496,0.1643,0.0927,3.460,3.540
6174,0.4984,0.7355,0.7910,0.7458,0.0555,0.0368,0.2292,0.0672,4.596,2.539
16782,0.2701,0.5703,0.6258,0.5897,0.0555,0.0531,0.2053,0.1659,-2.265,4.107
1466,0.3934,0.6877,0.7432,0.6955,0.0555,0.0081,0.2804,0.2041,-1.745,5.597
5520,0.2876,0.6297,0.6852,0.6503,0.0555,0.1359,0.1757,0.1215,2.470,5.153
5163,-0.1133,0.4994,0.5548,0.4929,0.0555,0.0428,0.1762,0.1712,-0.418,4.416
18286,0.4628,0.7097,0.7652,0.7316,0.0555,-0.0278,0.1620,0.1333,-0.620,3.839
24906,0.1851,0.6219,0.6774,0.5652,0.0555,0.0244,0.1178,0.1149,0.533,3.176
124,0.4602,0.6374,0.6929,0.6916,0.0555,-0.0163,0.3093,0.2810,-0.181,6.698
20347,0.3283,0.6258,0.6813,0.6426,0.0555,-0.0058,0.1448,0.1323,1.533,3.623
22045,0.5369,0.5709,0.6263,0.5863,0.0554,-0.0450,0.1178,0.1052,-0.110,3.575
1481,0.4430,0.6804,0.7358,0.6224,0.0554,0.0404,0.2968,0.1847,-2.869,4.601
21647,0.5077,0.6521,0.7075,0.6456,0.0554,0.0749,0.1343,0.1174,1.822,4.508
24514,0.4977,0.7423,0.7977,0.7436,0.0554,0.0046,0.1133,0.0875,-0.545,3.728
7385,0.3863,0.6611,0.7165,0.7423,0.0554,0.0565,0.1904,0.1767,-0.130,5.284
20953,0.5215,0.6211,0.6765,0.6482,0.0554,0.0704,0.1855,0.1249,2.775,4.786
17373,0.5141,0.6959,0.7513,0.7397,0.0554,0.0567,0.1217,0.1151,-1.095,3.340
23355,0.2155,0.4678,0.5232,0.4214,0.0554,-0.0023,0.1553,0.1249,2.262,3.245
7334,0.3867,0.6544,0.7098,0.6491,0.0554,0.0965,0.1514,0.1088,3.758,3.782
13722,0.1335,0.5689,0.6242,0.5959,0.0553,-0.0127,0.1231,0.1270,1.945,2.811
5579,0.3291,0.5084,0.5637,0.5315,0.0553,0.0508,0.2536,0.1840,3.366,4.820
2249,0.4123,0.6667,0.7220,0.6885,0.0553,0.0000,0.2019,0.1866,0.879,6.256
18689,0.3070,0.5508,0.6062,0.5418,0.0553,0.0612,0.2030,0.1963,0.893,5.366
22007,0.3206,0.6268,0.6821,0.5882,0.0553,0.0231,0.2704,0.2266,-2.244,6.689
71,0.6408,0.6705,0.7259,0.7143,0.0553,0.0543,0.1539,0.1374,0.777,4.890
4712,0.3181,0.6718,0.7272,0.7117,0.0553,0.0258,0.2299,0.2111,-0.290,5.172
14743,0.3800,0.5611,0.6165,0.6100,0.0553,0.0807,0.1868,0.1848,-0.939,4.297
20696,0.4083,0.6821,0.7375,0.7027,0.0553,0.0254,0.1368,0.1209,0.609,2.687
2311,0.3315,0.6401,0.6954,0.6607,0.0553,0.0276,0.2498,0.2404,0.958,5.776
13199,0.6116,0.6568,0.7121,0.7404,0.0553,0.0311,0.1468,0.1214,2.185,3.948
7300,0.6967,0.6542,0.7095,0.6645,0.0553,0.0473,0.1311,0.1091,0.881,3.921
8294,0.3434,0.5476,0.6028,0.5643,0.0553,0.0219,0.2611,0.2350,-2.247,5.346
10177,0.2127,0.4730,0.5283,0.5051,0.0553,0.0115,0.2404,0.1742,3.492,4.302
18280,0.3540,0.5887,0.6440,0.6632,0.0553,0.0289,0.2125,0.1408,5.464,2.448
21036,0.2981,0.6059,0.6611,0.6303,0.0552,0.0753,0.3020,0.2882,0.243,7.272
17770,0.4046,0.6945,0.7497,0.7112,0.0552,0.0299,0.1911,0.1585,0.004,5.807
19964,0.0951,0.5045,0.5597,0.6162,0.0552,0.0878,0.3027,0.2805,0.357,6.265
21847,0.1624,0.6021,0.6573,0.5841,0.0552,0.0969,0.1895,0.1662,0.237,5.358
8653,0.2473,0.5610,0.6162,0.5828,0.0552,0.0346,0.1694,0.1504,2.397,3.993
12148,0.7167,0.7253,0.7805,0.7458,0.0552,0.0484,0.1616,0.1221,0.779,4.594
24122,0.2399,0.5533,0.6085,0.6046,0.0552,-0.0173,0.2049,0.1925,-0.409,5.015
19453,0.3340,0.7009,0.7561,0.7125,0.0552,0.1188,0.2227,0.1837,0.463,5.034
21415,0.3212,0.6538,0.7090,0.6282,0.0551,0.1440,0.2272,0.1592,-2.419,4.353
2504,0.3242,0.6526,0.7077,0.6615,0.0551,-0.0104,0.2156,0.1949,1.682,5.429
15997,0.3131,0.5407,0.5958,0.6470,0.0551,-0.0620,0.3518,0.2991,3.102,7.203
24951,0.4705,0.5908,0.6458,0.6523,0.0549,0.0187,0.3018,0.2045,3.074,7.297
4223,-0.0209,0.5059,0.5608,0.4928,0.0549,0.0818,0.1962,0.1930,1.151,4.289
19641,0.4353,0.5974,0.6523,0.6261,0.0549,0.0268,0.2842,0.2570,0.661,6.780
8166,0.1089,0.6371,0.6919,0.6240,0.0548,0.0210,0.2636,0.0921,5.617,3.099
3402,0.2012,0.5254,0.5802,0.5137,0.0548,0.0220,0.1739,0.1402,-1.304,3.981
8165,0.2631,0.5189,0.5737,0.5398,0.0548,-0.0162,0.2911,0.2498,2.785,6.642
18544,0.4805,0.6138,0.6684,0.6658,0.0546,0.0071,0.3239,0.2323,3.321,7.122
2624,0.5417,0.5826,0.6372,0.6138,0.0546,0.0150,0.2708,0.1144,4.967,4.822
8841,0.6325,0.7451,0.7997,0.7854,0.0546,0.0662,0.1384,0.0763,-1.574,3.207
9377,0.2716,0.6117,0.6662,0.6169,0.0545,0.0150,0.2324,0.2114,1.241,5.654
10379,0.4353,0.7130,0.7675,0.6156,0.0545,0.0577,0.2503,0.1833,3.031,4.963
14831,0.3831,0.6226,0.6770,0.5914,0.0545,0.1233,0.1365,0.1096,1.612,3.376
13412,0.6090,0.7160,0.7704,0.7069,0.0545,0.0393,0.1860,0.1127,-3.369,3.315
6630,0.4945,0.6114,0.6658,0.6360,0.0544,0.0325,0.1188,0.0762,2.593,2.225
7104,0.2898,0.6218,0.6762,0.6308,0.0544,0.0173,0.2749,0.2621,0.001,5.605
20582,0.2627,0.6658,0.7202,0.7034,0.0544,0.0554,0.3094,0.1820,-3.476,5.235
17069,0.3171,0.5738,0.6282,0.5298,0.0544,-0.0069,0.1800,0.1479,-1.485,4.173
16634,0.3785,0.5881,0.6425,0.6282,0.0544,-0.0819,0.1164,0.0877,-0.891,2.620
15414,0.2225,0.6231,0.6775,0.6490,0.0544,0.1081,0.2747,0.2084,-2.641,5.606
12395,0.2262,0.5142,0.5687,0.5285,0.0544,0.0558,0.2426,0.0885,4.719,4.359
2202,0.3106,0.6196,0.6739,0.6386,0.0543,0.0808,0.2998,0.2234,-4.492,5.444
21984,0.4117,0.6999,0.7542,0.7477,0.0543,0.0186,0.1206,0.1070,0.590,4.233
12399,0.1274,0.6202,0.6744,0.6589,0.0543,0.0474,0.0857,0.0982,1.694,2.954
2830,0.1481,0.5452,0.5995,0.5853,0.0543,0.0649,0.2375,0.1467,4.190,3.999
4642,0.4022,0.6098,0.6641,0.6150,0.0543,0.0868,0.1212,0.1122,0.000,4.067
7121,0.2284,0.6757,0.7300,0.6783,0.0543,0.0957,0.2641,0.2365,0.414,6.141
14449,0.1867,0.6395,0.6938,0.6990,0.0543,0.0683,0.2353,0.1451,-2.225,4.030
14107,0.4254,0.5742,0.6284,0.5213,0.0542,0.0543,0.1874,0.1746,1.432,4.744
24663,0.2386,0.5148,0.5690,0.5432,0.0542,-0.0012,0.2565,0.2261,1.529,5.618
21967,0.1072,0.4981,0.5523,0.4748,0.0542,0.0394,0.0880,0.0695,1.750,1.905
23653,0.3075,0.5652,0.6194,0.6232,0.0542,0.0918,0.2326,0.1848,1.910,6.456
9645,0.5578,0.7574,0.8116,0.7471,0.0542,0.0081,0.1601,0.0963,1.908,4.763
22750,0.2247,0.5794,0.6335,0.6168,0.0542,0.1155,0.2195,0.2136,0.874,6.553
11893,0.4147,0.6942,0.7484,0.7290,0.0542,0.0209,0.2097,0.1606,-3.836,4.297
3448,0.2103,0.6039,0.6581,0.6232,0.0542,0.0069,0.2671,0.2549,2.007,6.476
7355,0.5063,0.6723,0.7265,0.6852,0.0542,0.0334,0.0955,0.0982,2.952,3.013
7844,0.4804,0.6800,0.7342,0.6877,0.0542,0.0796,0.1760,0.1437,1.497,3.389
7042,0.4763,0.6070,0.6611,0.6057,0.0541,0.0012,0.1752,0.1627,2.191,4.597
20879,0.4663,0.6985,0.7526,0.7345,0.0541,0.0336,0.1724,0.1201,-2.976,2.681
8772,0.2946,0.5876,0.6418,0.5387,0.0541,0.0381,0.1899,0.1131,4.729,3.460
17413,0.3945,0.5992,0.6534,0.6276,0.0541,0.0231,0.2128,0.1988,-0.966,5.325
16673,0.2964,0.5915,0.6456,0.5786,0.0541,0.0092,0.1869,0.1624,1.269,4.958
5400,0.3674,0.5876,0.6418,0.5593,0.0541,0.0449,0.2216,0.1771,-1.935,5.303
12542,0.5852,0.6031,0.6572,0.6353,0.0541,-0.0115,0.1574,0.1280,0.260,4.823
21664,0.2083,0.6160,0.6701,0.6263,0.0541,-0.0624,0.2663,0.1800,-2.712,4.987
2770,0.3751,0.5799,0.6340,0.5954,0.0541,0.0993,0.1609,0.1398,2.372,3.658
19439,0.4588,0.7207,0.7748,0.7761,0.0541,0.0636,0.0991,0.0851,1.041,3.021
14572,0.3417,0.6384,0.6924,0.7181,0.0541,0.0927,0.2352,0.2113,-0.793,6.367
13756,0.5379,0.6782,0.7323,0.6873,0.0541,0.0151,0.1271,0.0847,2.585,2.488
14428,0.4744,0.5779,0.6319,0.6512,0.0541,-0.0081,0.2630,0.2471,-0.267,7.428
8694,0.5226,0.6988,0.7529,0.7529,0.0541,0.0301,0.1089,0.0977,0.345,3.876
11504,0.0912,0.5251,0.5792,0.6242,0.0541,0.0518,0.2322,0.2204,-0.572,5.519
17375,0.5287,0.6396,0.6937,0.6744,0.0541,0.0404,0.1062,0.0929,1.015,3.375
12816,0.4057,0.6525,0.7066,0.6577,0.0541,0.0347,0.1545,0.1205,1.865,3.827
12733,0.5815,0.6808,0.7349,0.7259,0.0541,0.0162,0.1363,0.1163,-1.076,3.659
18283,0.0544,0.5650,0.6190,0.6422,0.0541,0.0587,0.1539,0.1473,3.049,3.928
14754,0.2848,0.6602,0.7143,0.6898,0.0541,0.0359,0.2261,0.1854,-0.900,4.179
8094,0.5104,0.7130,0.7671,0.6641,0.0541,0.0724,0.2291,0.1837,-3.533,5.677
6892,0.3781,0.6615,0.7156,0.6551,0.0541,0.0818,0.2004,0.1646,-0.540,4.779
19041,0.1419,0.6144,0.6684,0.6555,0.0540,0.0886,0.2269,0.1949,-1.837,4.895
15828,0.3465,0.5746,0.6285,0.5951,0.0540,0.0185,0.2458,0.1261,-3.477,3.060
4375,0.4467,0.6247,0.6787,0.6401,0.0540,0.0369,0.1506,0.1351,0.601,4.430
14316,0.4181,0.6003,0.6542,0.5514,0.0540,0.0220,0.1639,0.1194,2.897,3.811
1587,0.4063,0.5925,0.6465,0.5180,0.0540,0.0289,0.1715,0.1792,-0.437,5.767
5714,0.3201,0.6337,0.6877,0.6542,0.0540,0.1106,0.2493,0.2148,-0.984,5.979
1829,0.2735,0.5990,0.6530,0.6311,0.0540,0.0508,0.1245,0.1032,1.734,3.791
4764,0.3547,0.5219,0.5758,0.5360,0.0540,0.0011,0.2125,0.2034,0.864,5.544
21288,0.0119,0.6054,0.6594,0.6208,0.0540,0.1788,0.2857,0.1195,-3.846,3.597
18914,0.3598,0.6008,0.6547,0.6431,0.0539,0.0370,0.2480,0.2057,-2.248,5.421
4826,0.1264,0.5160,0.5700,0.5340,0.0539,-0.0012,0.2197,0.1887,-0.022,4.513
24763,0.4462,0.5944,0.6483,0.5841,0.0539,0.0380,0.1856,0.1622,0.786,4.642
12768,0.5374,0.6329,0.6868,0.6816,0.0539,0.0185,0.1977,0.1633,1.808,4.963
21940,0.1741,0.5769,0.6308,0.6333,0.0538,0.0657,0.1784,0.1737,1.611,4.053
15860,0.2505,0.6154,0.6692,0.6987,0.0538,0.0243,0.2501,0.2336,-0.873,5.867
14259,0.3758,0.5662,0.6199,0.5845,0.0537,-0.0023,0.2369,0.1165,4.292,3.156
20407,0.4428,0.5393,0.5929,0.6086,0.0537,0.0048,0.2717,0.0747,5.760,2.707
21060,0.7303,0.7408,0.7945,0.7317,0.0537,-0.0117,0.0602,0.0711,1.029,2.392
24968,0.2628,0.6101,0.6638,0.5971,0.0536,0.0920,0.0673,0.0722,0.301,1.904
16482,0.0851,0.5326,0.5862,0.6084,0.0535,0.0517,0.3109,0.1947,5.398,5.062
21754,0.1907,0.4941,0.5476,0.5567,0.0535,0.0117,0.2377,0.1037,5.466,3.168
2896,0.5536,0.6944,0.7477,0.7087,0.0533,0.0277,0.1441,0.1276,1.269,3.786
558,0.3451,0.5766,0.6299,0.6312,0.0532,0.0431,0.1119,0.0508,-1.639,2.181
8707,0.3108,0.6000,0.6532,0.6701,0.0532,-0.0139,0.0957,0.0852,0.355,3.008
2031,-0.0485,0.4857,0.5390,0.4662,0.0532,0.0280,0.4570,0.1080,-7.670,1.956
24319,0.3773,0.7195,0.7727,0.7156,0.0532,0.1106,0.3556,0.2388,-3.629,5.988
16345,0.1518,0.6351,0.6883,0.6325,0.0532,0.0700,0.3168,0.1279,-4.584,4.068
13438,0.4874,0.7198,0.7730,0.7523,0.0532,-0.0288,0.3010,0.1867,-3.197,5.169
14797,0.4777,0.6580,0.7111,0.6619,0.0531,0.0431,0.2760,0.2616,-0.960,8.087
21981,0.5019,0.5764,0.6295,0.6101,0.0531,0.0000,0.1359,0.0967,2.319,2.991
23990,0.5176,0.6145,0.6675,0.6300,0.0530,-0.0439,0.1446,0.1243,1.089,3.805
16568,0.5424,0.6546,0.7076,0.6727,0.0530,-0.0646,0.2231,0.1255,3.977,3.893
14156,0.5100,0.6986,0.7516,0.6792,0.0530,0.0624,0.2555,0.2210,0.870,5.912
14929,0.5022,0.6455,0.6986,0.6533,0.0530,-0.0081,0.0715,0.0602,1.222,2.210
4091,0.4736,0.7180,0.7710,0.6947,0.0530,0.0428,0.2247,0.1466,2.336,5.565
2197,0.2749,0.6028,0.6559,0.6054,0.0530,0.0291,0.1848,0.1649,1.522,4.470
17552,0.4111,0.6189,0.6718,0.6318,0.0530,-0.0034,0.2086,0.2190,4.490,4.802
4353,0.3222,0.6150,0.6680,0.6098,0.0530,-0.0358,0.1414,0.1210,3.851,2.752
10167,0.5949,0.7326,0.7855,0.7494,0.0530,0.0668,0.1345,0.0822,2.991,3.832
19770,0.5118,0.6370,0.6899,0.6783,0.0530,0.0404,0.3480,0.2148,-4.613,4.873
9758,0.1940,0.5336,0.5866,0.5827,0.0530,-0.0035,0.2581,0.2392,5.008,4.444
6192,0.3855,0.6434,0.6964,0.5426,0.0530,0.0153,0.2154,0.1371,4.159,3.274
13377,0.4390,0.6279,0.6809,0.6124,0.0530,0.0230,0.2277,0.1740,2.999,5.632
3754,0.4081,0.6865,0.7394,0.6439,0.0529,0.0530,0.1909,0.1616,1.539,6.297
23953,0.4385,0.5161,0.5690,0.5755,0.0529,0.0323,0.1502,0.1031,2.566,3.869
21061,0.0930,0.5032,0.5561,0.5884,0.0529,0.0267,0.1813,0.1591,-0.622,3.802
8898,0.4469,0.6103,0.6632,0.7084,0.0529,0.0105,0.2383,0.1653,3.599,5.468
24264,0.5000,0.6529,0.7058,0.6503,0.0529,0.0185,0.1418,0.1111,1.680,4.049
7582,0.3482,0.5923,0.6452,0.6090,0.0529,0.0404,0.1948,0.1734,-1.263,4.732
13750,0.5755,0.7204,0.7732,0.7062,0.0528,-0.0684,0.1288,0.1187,0.360,4.489
2912,0.5484,0.6237,0.6765,0.6443,0.0528,-0.0013,0.1286,0.1114,1.740,3.382
10700,0.4404,0.6598,0.7126,0.6224,0.0528,0.0069,0.1201,0.0872,2.221,2.882
23558,0.1136,0.5954,0.6482,0.6327,0.0528,0.0878,0.3210,0.2508,-2.689,5.517
24085,0.5202,0.5954,0.6482,0.5735,0.0528,0.0208,0.1009,0.0740,-0.416,2.654
12155,0.4678,0.6263,0.6791,0.6920,0.0528,0.0592,0.2522,0.1366,4.417,4.606
4123,0.2091,0.5786,0.6314,0.6585,0.0528,0.0219,0.1794,0.1431,-2.094,3.624
6795,0.2997,0.6108,0.6637,0.6186,0.0528,0.0428,0.2016,0.1275,3.423,3.837
5980,0.2827,0.5541,0.6070,0.5812,0.0528,0.0046,0.2254,0.1820,2.838,5.500
18240,0.3617,0.6266,0.6794,0.6702,0.0528,0.0507,0.2072,0.1793,1.878,4.783
11641,0.2323,0.6088,0.6615,0.6268,0.0528,0.0878,0.1767,0.1694,-0.936,5.104
222,0.3238,0.5882,0.6409,0.6075,0.0528,0.0104,0.0919,0.0945,0.776,2.381
4563,0.6721,0.7477,0.8005,0.7671,0.0528,0.0371,0.1544,0.1152,0.133,4.284
18858,0.4847,0.6306,0.6834,0.6808,0.0528,0.0406,0.1490,0.1383,1.916,3.907
10606,0.5060,0.5869,0.6396,0.6255,0.0528,0.0725,0.1627,0.1207,2.094,4.593
19693,0.5014,0.6928,0.7455,0.6787,0.0527,0.0404,0.1079,0.1124,0.936,2.861
6953,0.5481,0.6735,0.7262,0.6684,0.0527,0.0174,0.1886,0.1022,3.322,3.953
24913,0.4756,0.6234,0.6761,0.6350,0.0527,-0.0011,0.1348,0.1168,0.467,3.577
6974,0.3071,0.6465,0.6992,0.6902,0.0527,0.0230,0.2917,0.1656,-3.736,4.466
6976,0.3656,0.6260,0.6787,0.6003,0.0527,0.0023,0.1529,0.1125,-1.596,3.891
11621,0.4452,0.6838,0.7365,0.7429,0.0527,-0.0069,0.2157,0.1549,-2.042,4.191
3319,0.2698,0.5746,0.6272,0.5848,0.0527,0.0461,0.1779,0.1458,2.404,4.556
14880,0.2405,0.5900,0.6427,0.6542,0.0527,-0.0150,0.2920,0.2722,0.384,6.372
16520,0.4727,0.6444,0.6970,0.6367,0.0526,0.0474,0.1568,0.1310,0.967,3.810
19690,0.1970,0.4895,0.5421,0.4842,0.0526,0.0281,0.1791,0.0877,-2.580,1.974
9671,0.3000,0.5654,0.6179,0.5872,0.0526,0.0242,0.2579,0.2338,-0.291,5.165
10631,0.2900,0.6795,0.7321,0.6833,0.0526,0.0888,0.2001,0.1309,-1.944,4.328
10500,0.4805,0.6885,0.7408,0.7147,0.0524,0.0350,0.3128,0.0830,5.942,4.218
13419,0.0036,0.5085,0.5606,0.5854,0.0522,0.1220,0.1646,0.1186,4.319,2.816
8739,0.4485,0.5528,0.6050,0.5580,0.0522,-0.0500,0.2819,0.2243,2.231,6.076
15923,0.4041,0.6193,0.6714,0.6454,0.0522,-0.0243,0.2264,0.1483,-2.374,4.003
9570,0.3760,0.5573,0.6094,0.5898,0.0521,0.0290,0.3207,0.3125,-0.571,7.132
21382,0.3902,0.5599,0.6120,0.5534,0.0521,0.0219,0.1025,0.0712,1.971,2.222
8255,0.4514,0.5761,0.6281,0.5748,0.0520,-0.0083,0.1524,0.1095,-1.524,3.399
16791,0.0165,0.6411,0.6931,0.6658,0.0520,0.1327,0.3854,0.1464,-6.024,4.338
14093,0.0277,0.4922,0.5442,0.5143,0.0519,-0.0311,0.2287,0.1521,-2.675,3.583
20608,0.3178,0.5597,0.6117,0.5416,0.0519,-0.0168,0.1008,0.0995,0.353,1.862
5525,0.3399,0.6519,0.7039,0.6065,0.0519,0.0819,0.2455,0.2079,3.029,6.138
23445,0.3676,0.6278,0.6796,0.5123,0.0519,0.0362,0.2890,0.0856,5.530,3.763
11182,0.5366,0.7276,0.7795,0.7665,0.0519,0.0488,0.1697,0.1160,1.956,4.544
5517,0.3605,0.6407,0.6926,0.6783,0.0519,-0.0277,0.1295,0.1260,1.092,4.236
19746,0.2318,0.5486,0.6005,0.5305,0.0519,-0.0556,0.2290,0.2071,-0.274,5.135
24926,0.1794,0.5498,0.6016,0.4829,0.0518,0.0110,0.1309,0.0399,-1.157,1.088
20059,0.3374,0.6062,0.6580,0.6036,0.0518,0.0161,0.2166,0.0835,5.373,3.256
4130,0.5213,0.6753,0.7270,0.7141,0.0517,0.0693,0.2528,0.2230,-0.281,6.243
11378,0.5771,0.7684,0.8202,0.7335,0.0517,-0.0243,0.0733,0.0468,-0.519,1.975
2449,0.1761,0.5485,0.6003,0.5627,0.0517,0.0081,0.1652,0.1297,-0.562,3.993
11157,0.5400,0.6779,0.7296,0.6378,0.0517,0.0566,0.1823,0.1396,-0.916,4.157
19866,0.3256,0.5705,0.6223,0.5744,0.0517,0.0484,0.1533,0.1105,2.375,3.218
24388,0.3963,0.5982,0.6499,0.5814,0.0517,0.0198,0.2127,0.1582,3.365,4.175
15994,0.4448,0.6615,0.7132,0.7106,0.0517,0.0519,0.2702,0.1721,-3.806,4.162
6687,0.4277,0.6447,0.6964,0.7041,0.0517,0.0242,0.1513,0.1442,0.939,4.555
18306,0.2270,0.6408,0.6925,0.6370,0.0517,0.0796,0.3063,0.1950,-3.512,5.659
19135,0.5211,0.6318,0.6835,0.6938,0.0517,0.0150,0.2646,0.1295,4.307,4.987
1322,0.5555,0.5794,0.6310,0.5884,0.0516,0.0207,0.2378,0.1028,4.758,3.195
9480,0.3797,0.6413,0.6929,0.6735,0.0516,0.0197,0.2479,0.2323,0.728,6.004
24038,0.4759,0.6361,0.6877,0.6155,0.0516,0.0452,0.1665,0.1614,2.691,4.540
4155,0.4093,0.6606,0.7123,0.6310,0.0516,-0.0023,0.0684,0.0654,0.736,2.307
21576,0.3720,0.5729,0.6245,0.5935,0.0516,0.0672,0.1706,0.1689,0.449,4.828
95,0.2349,0.5832,0.6348,0.5510,0.0516,0.0350,0.2222,0.1353,4.795,3.380
20316,0.3308,0.6348,0.6865,0.5781,0.0516,-0.0518,0.1701,0.1567,0.887,4.690
3491,0.4822,0.6890,0.7406,0.6942,0.0516,0.0195,0.1068,0.1002,0.622,3.903
18412,0.4780,0.6701,0.7216,0.6482,0.0515,0.0358,0.2101,0.1682,1.598,4.675
11238,0.3255,0.4974,0.5490,0.4807,0.0515,-0.0080,0.2326,0.1773,3.912,4.812
4015,0.3372,0.6534,0.7049,0.6559,0.0515,0.0264,0.1759,0.1437,2.714,4.003
18836,0.5271,0.7590,0.8106,0.7693,0.0515,-0.0092,0.3574,0.1297,-6.473,2.937
13138,0.3180,0.6624,0.7139,0.6817,0.0515,0.0000,0.0866,0.0821,1.991,2.693
6369,0.1255,0.5773,0.6289,0.5786,0.0515,0.0716,0.2052,0.1456,2.896,4.263
1675,0.1110,0.4755,0.5271,0.4768,0.0515,0.0173,0.1708,0.1741,1.837,3.594
10464,0.2193,0.5915,0.6430,0.5799,0.0515,0.0405,0.1847,0.1727,0.407,4.849
21151,0.3796,0.5773,0.6289,0.5915,0.0515,0.0209,0.1197,0.1023,1.018,3.437
20269,0.2433,0.6353,0.6869,0.6881,0.0515,0.0397,0.2660,0.2048,5.008,5.130
23477,0.0157,0.4897,0.5412,0.4588,0.0515,-0.0312,0.2071,0.1937,0.802,5.095
17080,0.3465,0.6173,0.6688,0.6095,0.0515,0.0242,0.2130,0.1859,1.443,4.989
23491,0.1525,0.5219,0.5735,0.5103,0.0515,0.0220,0.2464,0.2303,0.497,5.546
19085,0.7034,0.7387,0.7902,0.6976,0.0515,0.0092,0.2036,0.1410,2.489,5.391
16691,0.4376,0.7375,0.7889,0.7658,0.0515,-0.0174,0.2050,0.1765,-0.104,6.108
22232,0.3551,0.5804,0.6319,0.5985,0.0515,-0.0034,0.2509,0.2371,0.900,5.732
17026,0.1612,0.5328,0.5843,0.5997,0.0515,0.0599,0.2225,0.1471,-2.416,3.805
6570,-0.0064,0.5109,0.5624,0.5058,0.0515,0.1273,0.1746,0.1345,2.791,3.923
13814,0.3119,0.6596,0.7111,0.6807,0.0515,-0.0399,0.1399,0.0757,3.230,2.383
22382,0.2798,0.6080,0.6594,0.6285,0.0514,0.0139,0.1994,0.1868,1.304,5.664
22505,0.3432,0.5707,0.6221,0.5823,0.0514,0.0394,0.1470,0.1392,1.212,4.384
6845,0.4066,0.6440,0.6954,0.6311,0.0514,0.0380,0.1457,0.1276,-0.608,4.093
17040,0.0706,0.6105,0.6620,0.6118,0.0514,0.0727,0.2141,0.1640,-0.446,3.920
22627,0.3299,0.6607,0.7121,0.7262,0.0514,-0.0345,0.2797,0.2543,-0.496,5.568
21020,0.4771,0.5733,0.6247,0.5411,0.0514,0.0161,0.1807,0.1673,1.316,4.701
10799,0.4243,0.5951,0.6465,0.6234,0.0514,0.0474,0.1785,0.1447,3.031,4.237
5124,0.5814,0.6483,0.6996,0.6354,0.0513,0.0023,0.1697,0.1519,1.867,5.530
24618,0.2746,0.5687,0.6200,0.6431,0.0513,0.0753,0.1541,0.1430,2.259,3.906
3051,0.4143,0.7163,0.7677,0.6868,0.0513,-0.0382,0.1997,0.1689,0.454,4.951
11651,0.1629,0.5006,0.5520,0.5006,0.0513,0.0173,0.2099,0.1836,-1.416,3.906
6756,0.3012,0.5597,0.6110,0.5738,0.0513,0.0254,0.2491,0.2336,0.212,5.731
15620,0.0720,0.6123,0.6637,0.6239,0.0513,0.0452,0.3085,0.2611,-2.035,6.318
12864,0.4474,0.5910,0.6423,0.6051,0.0513,0.0208,0.1214,0.1000,1.957,3.120
17492,0.3151,0.5334,0.5845,0.5295,0.0511,0.0730,0.1792,0.1746,-0.446,4.794
9889,0.4160,0.6000,0.6510,0.6379,0.0510,0.0360,0.2595,0.1657,3.305,5.965
24565,0.1359,0.4844,0.5352,0.4987,0.0508,0.0484,0.3210,0.1612,5.718,4.163
4111,0.3482,0.5729,0.6237,0.5964,0.0508,0.0196,0.2044,0.1942,0.185,4.541
12573,0.4762,0.6016,0.6523,0.6471,0.0508,0.0221,0.1200,0.0882,2.588,2.873
11854,0.0988,0.5325,0.5831,0.5831,0.0506,-0.0093,0.0751,0.0600,0.270,2.082
19400,0.4930,0.6792,0.7299,0.6610,0.0506,-0.0164,0.2782,0.1156,6.011,4.116
1445,0.2546,0.5831,0.6338,0.5532,0.0506,0.0351,0.3346,0.2533,-2.819,6.126
20221,0.4765,0.6364,0.6870,0.6143,0.0506,0.0507,0.2235,0.1455,-2.477,4.558
16604,0.2470,0.6234,0.6740,0.5909,0.0506,0.0491,0.2922,0.1711,-3.746,5.388
4042,0.5513,0.6377,0.6883,0.6468,0.0506,0.0173,0.2327,0.1165,4.227,4.331
15731,0.5101,0.6623,0.7130,0.6455,0.0506,0.0034,0.1818,0.1620,-0.415,5.197
7657,0.3374,0.5759,0.6265,0.5460,0.0506,0.0404,0.2289,0.1337,4.317,3.819
5269,0.4858,0.6602,0.7108,0.6809,0.0506,0.0325,0.2688,0.2300,1.046,7.535
13781,0.5307,0.6913,0.7419,0.7121,0.0506,-0.0116,0.1336,0.1100,0.374,4.325
4259,0.4368,0.6511,0.7017,0.6407,0.0506,0.0058,0.1189,0.1065,0.563,2.811
2060,0.1833,0.5162,0.5668,0.5888,0.0506,0.0346,0.1519,0.1457,-0.214,3.843
24646,0.2164,0.6472,0.6978,0.6744,0.0506,0.0249,0.4029,0.1614,-6.074,4.736
20021,0.4149,0.5531,0.6036,0.5583,0.0505,0.0439,0.1515,0.1276,-1.423,3.157
15614,0.5411,0.6723,0.7228,0.6969,0.0505,0.0115,0.1808,0.1602,0.566,4.682
13234,0.2333,0.6282,0.6788,0.6231,0.0505,0.0311,0.1281,0.1138,1.021,3.232
11478,0.3464,0.5847,0.6352,0.6106,0.0505,-0.0150,0.0937,0.0874,0.247,2.291
11113,0.4723,0.5563,0.6067,0.5614,0.0505,0.0035,0.1209,0.0988,2.110,3.777
15200,0.4373,0.5757,0.6261,0.5925,0.0505,-0.0035,0.3100,0.2897,-1.802,6.698
14584,0.4095,0.6455,0.6960,0.6235,0.0505,0.0484,0.1762,0.1583,0.090,5.021
9720,0.1888,0.6550,0.7054,0.7067,0.0504,0.0530,0.1859,0.1309,-0.668,3.727
7788,0.3827,0.5581,0.6085,0.5129,0.0504,0.0058,0.1477,0.1268,3.480,2.710
21692,0.5084,0.6938,0.7442,0.7158,0.0504,0.0241,0.2869,0.1019,-5.818,2.712
675,-0.0159,0.5672,0.6176,0.6021,0.0504,0.0910,0.1849,0.1400,1.601,4.614
16660,0.3803,0.5995,0.6499,0.5917,0.0504,-0.0151,0.2201,0.1554,-2.515,4.229
3954,0.2642,0.5935,0.6439,0.6297,0.0503,0.0483,0.2301,0.1910,-2.847,4.841
19231,0.0327,0.6232,0.6735,0.6723,0.0503,0.1673,0.1315,0.1184,0.176,3.348
8984,0.4964,0.6671,0.7174,0.7148,0.0503,0.1101,0.1407,0.1198,-0.344,3.557
10303,0.3165,0.6310,0.6813,0.6542,0.0503,0.0742,0.1989,0.1759,1.773,4.876
23268,0.2563,0.5045,0.5548,0.5265,0.0503,-0.0104,0.2428,0.2124,2.148,6.183
22795,0.5485,0.7058,0.7561,0.7510,0.0503,0.1105,0.1785,0.1468,-1.756,5.517
15338,0.5212,0.7123,0.7626,0.7187,0.0503,0.0335,0.1153,0.0739,2.390,2.355
10858,0.2140,0.6465,0.6968,0.6852,0.0503,0.0588,0.0781,0.0892,1.881,2.257
2348,0.4254,0.6490,0.6994,0.6361,0.0503,0.1168,0.1641,0.1452,-0.524,4.619
10023,0.2170,0.5458,0.5961,0.5471,0.0503,-0.0394,0.1840,0.1438,4.193,2.858
20281,0.2577,0.6103,0.6606,0.6671,0.0503,0.0498,0.1442,0.1149,-0.820,2.126
14839,0.3085,0.6379,0.6881,0.6856,0.0503,0.0336,0.2789,0.2201,-2.099,5.555
21798,0.5209,0.7268,0.7771,0.7113,0.0503,0.0406,0.1776,0.0960,3.538,4.272
1148,0.3214,0.5335,0.5838,0.5657,0.0503,0.0185,0.1658,0.1669,-0.543,4.799
4379,0.3955,0.7204,0.7706,0.7216,0.0503,0.0747,0.2267,0.1025,-3.541,3.402
21488,0.3060,0.6353,0.6856,0.6662,0.0503,0.0889,0.1657,0.1152,-0.899,3.754
13696,0.2652,0.5361,0.5863,0.5812,0.0503,0.0404,0.1679,0.1688,-0.592,4.662
6248,0.3584,0.5928,0.6430,0.6263,0.0503,-0.0069,0.2320,0.1301,-3.538,4.367
9168,0.5630,0.7113,0.7616,0.6997,0.0503,0.0254,0.0878,0.0974,1.976,2.813
20830,0.4360,0.5902,0.6405,0.6263,0.0503,-0.0035,0.2143,0.1835,1.675,5.753
5930,0.2284,0.4961,0.5464,0.5709,0.0503,0.0567,0.1827,0.1700,1.424,4.729
18708,0.2282,0.8402,0.8904,0.9315,0.0502,0.1045,0.0932,0.0757,0.532,2.073
23359,0.1336,0.5547,0.6049,0.5766,0.0502,-0.0092,0.2643,0.2636,-0.730,5.912
4383,0.4758,0.6898,0.7400,0.7040,0.0502,0.0080,0.1524,0.1148,-0.654,3.984
4490,0.4585,0.6384,0.6885,0.5972,0.0502,0.0531,0.2614,0.1720,-2.951,5.211
11795,0.6010,0.6757,0.7259,0.7272,0.0502,0.0092,0.1861,0.1511,1.768,5.173
10939,0.4910,0.6937,0.7439,0.6898,0.0502,-0.0161,0.1985,0.1257,3.261,3.717
11876,0.1494,0.5740,0.6242,0.5856,0.0502,0.0680,0.1680,0.1541,-0.130,4.161
5466,0.1364,0.5894,0.6396,0.6100,0.0502,0.1249,0.2269,0.2234,1.410,5.060
22200,0.0817,0.5457,0.5959,0.5444,0.0502,0.0381,0.1595,0.1464,1.614,3.472
7807,0.1723,0.5393,0.5894,0.5483,0.0502,0.0127,0.2084,0.1661,3.471,5.040
13364,0.5566,0.6950,0.7452,0.7375,0.0502,0.0046,0.2568,0.2138,-2.504,5.165
5614,0.3605,0.5913,0.6414,0.5913,0.0501,0.0484,0.2183,0.2056,0.471,5.587
7399,0.3455,0.5977,0.6478,0.5733,0.0501,0.0034,0.1491,0.1432,0.835,4.158
19115,0.5845,0.6568,0.7069,0.7147,0.0501,0.0197,0.2069,0.1543,2.393,6.357
15725,0.3017,0.6362,0.6864,0.5925,0.0501,0.0449,0.1550,0.1322,0.886,4.564
1453,0.3304,0.5591,0.6093,0.5694,0.0501,0.0602,0.1632,0.1283,2.739,3.415
15798,0.6010,0.7172,0.7674,0.7481,0.0501,0.0116,0.2468,0.2025,-1.675,5.870
5979,0.2697,0.6722,0.7224,0.7108,0.0501,0.0531,0.2562,0.1598,4.790,4.326
5246,0.2654,0.5591,0.6093,0.5861,0.0501,0.0127,0.1773,0.1094,3.127,4.424
11315,0.6036,0.7005,0.7506,0.6555,0.0501,0.0404,0.2055,0.1556,1.554,6.148
14462,0.4121,0.6967,0.7468,0.7018,0.0501,0.0812,0.1101,0.0958,0.468,3.347
16343,0.6186,0.6530,0.7031,0.6877,0.0501,0.0092,0.1434,0.1431,-1.137,5.512
11205,0.3441,0.6650,0.7150,0.6855,0.0501,0.0162,0.1453,0.1303,1.000,4.148
17818,0.4656,0.6893,0.7394,0.7266,0.0501,0.0300,0.1281,0.1159,1.149,3.762
20227,0.4343,0.6739,0.7240,0.6662,0.0501,0.0391,0.1259,0.1184,1.217,3.429
6340,0.2030,0.5700,0.6200,0.6072,0.0501,0.0220,0.1859,0.1688,1.638,4.910
17612,0.1618,0.5982,0.6483,0.6046,0.0501,-0.0000,0.2000,0.1846,1.208,4.567
926,0.1497,0.5969,0.6470,0.6354,0.0501,0.0425,0.2071,0.1608,-0.977,5.117
1348,0.5088,0.6932,0.7433,0.6983,0.0501,0.0438,0.2046,0.1752,-1.073,5.347
21355,0.2947,0.6487,0.6987,0.6885,0.0500,-0.0139,0.2917,0.2265,-1.840,6.043
8582,0.5797,0.6325,0.6824,0.6535,0.0499,0.0815,0.2615,0.1623,4.028,4.962
9444,0.2977,0.5399,0.5895,0.5712,0.0497,0.1361,0.1431,0.1107,2.553,3.595
23016,0.1967,0.4413,0.4909,0.4595,0.0496,0.1050,0.0840,0.0590,0.570,2.655
1504,0.3745,0.6167,0.6662,0.6102,0.0495,0.0377,0.1557,0.1362,-0.876,3.914
2574,0.4205,0.5906,0.6402,0.5867,0.0495,0.0807,0.2415,0.1694,-2.775,5.078
463,0.2511,0.4740,0.5234,0.5260,0.0495,0.0034,0.3426,0.2499,3.069,6.935
8555,0.4399,0.6536,0.7031,0.6458,0.0495,0.0104,0.1609,0.1357,0.645,4.095
13870,0.3146,0.5833,0.6328,0.5586,0.0495,0.0664,0.2307,0.1522,-3.960,4.542
23360,0.5266,0.5987,0.6481,0.6221,0.0494,-0.0231,0.1665,0.1121,3.257,3.649
10732,0.6057,0.7649,0.8143,0.7532,0.0494,0.0023,0.3031,0.2542,0.652,6.804
19015,0.4792,0.5486,0.5979,0.5564,0.0493,0.0185,0.2819,0.1658,3.307,5.477
22565,0.2861,0.6174,0.6667,0.6122,0.0493,0.0969,0.2434,0.1737,-2.528,4.801
13135,0.3774,0.6140,0.6632,0.6464,0.0492,0.0242,0.2323,0.1290,4.357,3.901
4652,0.1002,0.6231,0.6723,0.6360,0.0492,0.0577,0.1229,0.0864,-0.246,2.675
20352,0.3370,0.6619,0.7111,0.6749,0.0492,0.0569,0.3019,0.2596,2.654,6.215
979,0.2916,0.6869,0.7361,0.7115,0.0492,0.0035,0.3542,0.0872,-5.036,3.249
5556,0.5196,0.6184,0.6675,0.6442,0.0492,0.0349,0.1855,0.1270,-1.343,4.386
20817,0.2179,0.5149,0.5640,0.5162,0.0492,-0.0383,0.1860,0.1483,2.897,4.116
5743,0.3272,0.6339,0.6831,0.7050,0.0492,0.0334,0.1909,0.2055,-1.634,4.642
7488,0.6715,0.7339,0.7829,0.7455,0.0491,0.0495,0.2102,0.1945,-0.969,5.288
11293,0.2380,0.5930,0.6421,0.6047,0.0491,0.1640,0.2257,0.0850,4.151,3.503
24775,0.2187,0.6419,0.6910,0.6459,0.0491,-0.0177,0.2592,0.1490,4.652,4.861
24030,0.6501,0.6844,0.7334,0.7162,0.0491,-0.0097,0.1345,0.1181,-1.831,3.218
7061,0.2148,0.5665,0.6155,0.6297,0.0490,0.0926,0.2701,0.2765,-0.666,6.056
2905,0.6151,0.7110,0.7600,0.7432,0.0490,0.0127,0.1144,0.0931,0.509,3.270
15607,0.0418,0.5832,0.6323,0.6026,0.0490,0.0623,0.2640,0.2503,-1.111,5.892
4891,0.5213,0.6103,0.6594,0.6348,0.0490,0.0463,0.1628,0.1179,3.584,3.539
16962,0.3930,0.6168,0.6658,0.6594,0.0490,0.0265,0.1850,0.1686,1.861,4.955
11342,0.2576,0.5629,0.6119,0.6318,0.0490,-0.0074,0.0748,0.0657,2.120,1.598
22861,0.4921,0.6276,0.6765,0.6443,0.0490,0.0472,0.2187,0.1543,2.743,4.894
624,0.1797,0.5670,0.6160,0.6211,0.0490,0.0173,0.2291,0.2178,2.956,3.520
2087,0.4045,0.6289,0.6778,0.6546,0.0490,-0.0058,0.2654,0.2124,2.377,6.869
18171,0.1284,0.5631,0.6121,0.5644,0.0490,0.0405,0.1195,0.1126,1.371,3.256
13205,0.1452,0.5026,0.5515,0.5554,0.0490,-0.0128,0.1359,0.1281,1.398,3.260
451,0.3143,0.6276,0.6765,0.6327,0.0490,-0.0081,0.1621,0.1394,0.422,4.526
11582,0.4458,0.6443,0.6933,0.6765,0.0490,0.1158,0.1689,0.1564,-1.134,4.767
20801,0.0638,0.5258,0.5747,0.5503,0.0490,0.0336,0.3152,0.2555,-1.705,5.627
21494,0.2117,0.5624,0.6113,0.6332,0.0489,0.0302,0.2877,0.2138,-3.721,4.217
495,0.1730,0.6088,0.6577,0.6268,0.0489,0.0476,0.2418,0.1759,-1.812,4.880
11086,0.3003,0.6615,0.7104,0.6692,0.0489,0.0287,0.1389,0.1340,1.466,3.888
17524,0.1898,0.5032,0.5521,0.4955,0.0489,0.0231,0.2262,0.2240,-0.500,5.007
17709,0.1455,0.6345,0.6834,0.6113,0.0489,0.0265,0.2660,0.2423,0.534,5.782
8972,0.0925,0.5290,0.5779,0.5637,0.0489,0.0485,0.1563,0.1611,0.983,3.553
12005,0.5535,0.6358,0.6847,0.6371,0.0489,0.0738,0.2181,0.1706,2.500,5.961
12686,0.3610,0.6216,0.6705,0.6384,0.0489,0.0381,0.1175,0.0985,2.465,3.503
19060,0.3447,0.5779,0.6268,0.6088,0.0489,0.0541,0.1975,0.1172,3.933,3.995
6288,0.5735,0.7568,0.8057,0.7838,0.0489,0.0656,0.2012,0.1380,1.683,4.622
14016,0.2926,0.6049,0.6538,0.5727,0.0489,-0.0000,0.1517,0.1164,3.561,3.346
22249,0.4814,0.7104,0.7593,0.6602,0.0489,0.0443,0.0919,0.0849,1.007,3.172
12581,0.4419,0.5977,0.6465,0.5951,0.0488,0.0529,0.1551,0.1410,-1.623,4.317
4745,0.5427,0.7147,0.7635,0.6671,0.0488,0.0069,0.2190,0.1271,-1.850,4.176
11117,0.2242,0.6478,0.6967,0.6131,0.0488,0.0898,0.2687,0.2396,1.340,5.282
1299,0.4388,0.6632,0.7121,0.6671,0.0488,0.0372,0.1239,0.0703,3.073,2.613
11962,0.3852,0.6144,0.6632,0.6272,0.0488,0.0278,0.2938,0.2672,-1.472,6.738
2804,0.6016,0.7057,0.7545,0.7391,0.0488,0.0545,0.1822,0.1540,-1.582,4.941
1707,0.3931,0.5656,0.6144,0.5887,0.0488,0.0694,0.2343,0.2218,-1.237,5.508
2968,0.5431,0.6684,0.7172,0.6825,0.0488,0.0439,0.1456,0.1366,1.202,5.136
20822,0.4424,0.5815,0.6303,0.6252,0.0488,-0.0058,0.2300,0.2073,2.621,5.224
11645,0.5091,0.6868,0.7356,0.6945,0.0488,-0.0150,0.1933,0.1605,-0.767,5.425
1776,0.3514,0.6226,0.6714,0.6765,0.0488,0.0658,0.2110,0.1940,1.314,5.134
2570,0.2443,0.5879,0.6367,0.5944,0.0488,0.0853,0.1988,0.1748,-0.185,4.888
796,0.4390,0.6778,0.7266,0.6932,0.0488,0.0138,0.2132,0.1722,2.755,5.243
12715,0.7277,0.7510,0.7997,0.7843,0.0488,0.0161,0.1199,0.0943,2.124,3.428
9574,0.5911,0.6897,0.7385,0.7073,0.0488,-0.0446,0.2525,0.1671,3.721,5.502
23774,0.4495,0.5956,0.6444,0.5956,0.0488,0.0622,0.2032,0.1949,0.355,5.376
14346,0.3765,0.6624,0.7112,0.7047,0.0488,0.0702,0.2231,0.1892,1.308,5.994
9886,0.3029,0.6317,0.6802,0.7300,0.0485,0.0293,0.2048,0.1175,4.644,3.616
11948,0.5278,0.6545,0.7029,0.6427,0.0484,0.0592,0.2990,0.2453,0.858,6.383
2576,0.0812,0.3259,0.3743,0.3547,0.0484,0.0522,0.3119,0.1819,4.845,4.723
14473,0.3739,0.5118,0.5602,0.5432,0.0484,-0.0057,0.2918,0.2430,3.183,6.305
20914,0.5406,0.6261,0.6745,0.6967,0.0484,-0.0347,0.2769,0.1519,4.467,3.805
19123,0.6351,0.7471,0.7953,0.7575,0.0482,0.0278,0.2807,0.1887,-2.599,5.279
14502,0.2706,0.5800,0.6281,0.5618,0.0481,0.0521,0.3143,0.2565,3.791,6.250
3079,0.4773,0.5700,0.6181,0.5831,0.0481,0.0198,0.3297,0.3095,0.592,8.066
7669,0.2354,0.5714,0.6195,0.5649,0.0481,0.0738,0.3452,0.3016,-3.249,6.757
7157,0.4348,0.5857,0.6338,0.6039,0.0481,-0.0231,0.2309,0.2136,0.111,5.407
22763,0.4935,0.6278,0.6757,0.6304,0.0480,-0.0303,0.1279,0.1153,0.726,3.953
3804,0.3382,0.6835,0.7315,0.6991,0.0480,0.0566,0.1118,0.0962,0.720,2.547
23607,0.2252,0.4637,0.5117,0.4598,0.0479,0.0023,0.2780,0.1846,3.527,5.928
7316,0.2330,0.4534,0.5013,0.4896,0.0479,0.0209,0.1585,0.1210,2.907,3.335
22652,0.3011,0.6088,0.6567,0.6593,0.0479,0.0792,0.2776,0.3041,-1.668,7.687
24605,0.4620,0.6321,0.6801,0.6075,0.0479,0.0370,0.1651,0.0708,3.944,2.668
5669,0.4000,0.6468,0.6947,0.6559,0.0479,0.0718,0.1502,0.0926,2.093,3.244
20380,0.2811,0.6300,0.6779,0.6106,0.0479,0.0080,0.2002,0.1795,1.842,5.283
7944,0.1080,0.5201,0.5679,0.5317,0.0479,0.0026,0.2739,0.1694,5.251,4.412
16001,0.4930,0.6235,0.6714,0.6339,0.0479,0.0382,0.3343,0.2935,1.229,7.741
20349,0.4106,0.5498,0.5977,0.5395,0.0479,0.0600,0.1005,0.0909,-0.177,3.356
11171,0.4155,0.6235,0.6714,0.6016,0.0479,0.0046,0.0734,0.0924,1.199,2.009
22447,0.5337,0.7054,0.7532,0.6848,0.0478,0.0555,0.2032,0.1387,2.587,4.810
22634,0.3757,0.5995,0.6473,0.6085,0.0478,0.0496,0.1301,0.1125,1.275,3.232
14914,0.3744,0.6034,0.6512,0.5646,0.0478,-0.0231,0.1777,0.1041,-1.935,2.846
21332,0.4371,0.5413,0.5891,0.5659,0.0478,0.0069,0.1508,0.1211,2.342,3.698
2562,0.5099,0.6318,0.6796,0.6421,0.0478,0.0595,0.2053,0.1763,2.197,4.799
24746,0.4248,0.6232,0.6710,0.6271,0.0477,-0.0334,0.1031,0.1188,1.322,3.714
3799,0.0298,0.4968,0.5445,0.5252,0.0477,0.1032,0.2700,0.0804,5.769,3.208
9245,0.4318,0.5923,0.6400,0.6000,0.0477,0.0369,0.2396,0.1861,3.194,5.349
16896,0.3909,0.6619,0.7097,0.6890,0.0477,0.0707,0.1200,0.1170,0.516,4.083
22769,0.4464,0.6090,0.6568,0.5665,0.0477,-0.0069,0.0758,0.0863,0.716,2.148
20625,0.5053,0.6302,0.6778,0.6430,0.0477,0.0197,0.1104,0.0756,3.334,1.766
13110,0.4135,0.7036,0.7513,0.7088,0.0477,0.0646,0.1564,0.1257,0.866,4.842
9909,0.2782,0.5812,0.6289,0.5735,0.0477,-0.0254,0.1991,0.1946,1.324,4.363
18722,0.3416,0.6456,0.6933,0.6366,0.0477,0.0519,0.2099,0.1587,-0.981,5.200
13537,0.3802,0.6134,0.6611,0.5979,0.0477,-0.0012,0.1447,0.1454,1.260,4.206
18182,0.0147,0.5302,0.5779,0.4852,0.0476,0.0558,0.1691,0.1622,4.697,2.102
6603,0.3999,0.5624,0.6100,0.5354,0.0476,0.0207,0.2286,0.2352,-0.047,5.576
1228,0.1694,0.6255,0.6731,0.6525,0.0476,0.1166,0.2077,0.1762,2.527,5.104
20056,0.4145,0.5882,0.6358,0.6216,0.0476,0.0232,0.1977,0.1139,4.227,3.974
21103,0.1258,0.7169,0.7645,0.7465,0.0476,0.1083,0.2502,0.2193,-1.729,6.130
21216,0.3521,0.5624,0.6100,0.5766,0.0476,0.0472,0.1930,0.1389,3.369,4.064
15535,0.3042,0.6203,0.6680,0.6615,0.0476,0.0094,0.3162,0.2900,-2.400,6.820
1188,0.5170,0.6628,0.7104,0.6332,0.0476,-0.0058,0.1704,0.1323,-1.089,3.545
3084,0.3633,0.5264,0.5740,0.5483,0.0476,0.0069,0.1966,0.2165,-1.210,5.874
24889,0.4596,0.6319,0.6795,0.6538,0.0476,0.0555,0.2742,0.2417,0.778,6.489
13395,0.1507,0.4775,0.5251,0.4981,0.0476,-0.0287,0.2305,0.2199,2.398,4.895
20017,0.1000,0.6486,0.6963,0.7053,0.0476,0.1061,0.2540,0.1404,-3.174,4.698
9274,0.5694,0.6525,0.7001,0.6860,0.0476,-0.0139,0.1235,0.1163,0.839,3.718
11778,0.5226,0.7568,0.8044,0.7297,0.0476,0.0633,0.1950,0.0917,-2.063,3.306
18055,0.2984,0.6731,0.7207,0.6873,0.0476,0.0150,0.2094,0.2149,1.420,4.676
11951,0.3789,0.5495,0.5972,0.5894,0.0476,-0.0023,0.2183,0.2131,1.115,5.436
15755,0.3444,0.6036,0.6512,0.6577,0.0476,0.0575,0.1218,0.1042,0.370,3.165
17538,0.1183,0.5643,0.6118,0.5861,0.0476,0.0904,0.1328,0.1271,-0.429,3.019
18508,0.1370,0.5977,0.6452,0.6080,0.0476,0.1315,0.3214,0.2106,-2.082,5.566
11878,0.3236,0.6118,0.6594,0.6337,0.0476,0.0415,0.2065,0.1877,-0.030,4.882
16982,0.1949,0.5296,0.5771,0.4794,0.0476,0.0185,0.1946,0.1585,3.965,4.077
2753,0.3721,0.6003,0.6478,0.6285,0.0476,0.0403,0.2228,0.1969,1.612,5.753
10193,0.2184,0.6028,0.6504,0.6504,0.0476,0.1158,0.1855,0.1519,-0.954,4.055
21456,0.4633,0.7107,0.7583,0.7067,0.0476,-0.0045,0.3035,0.2617,0.599,7.377
8998,0.2016,0.5687,0.6162,0.6098,0.0475,0.0209,0.1819,0.1719,1.187,4.712
15166,0.4207,0.6059,0.6534,0.6187,0.0475,-0.0161,0.1617,0.1491,1.554,4.022
8384,0.5268,0.6354,0.6829,0.6906,0.0475,0.0289,0.1733,0.1302,2.296,4.320
9041,0.2671,0.4814,0.5289,0.4929,0.0475,-0.0011,0.1375,0.1031,1.709,3.197
21560,0.3039,0.5969,0.6444,0.6521,0.0475,0.0403,0.1697,0.1793,-1.528,4.669
10244,0.4686,0.7214,0.7689,0.7754,0.0475,0.0243,0.1049,0.1135,1.951,3.666
6229,0.6460,0.6765,0.7240,0.6868,0.0475,0.0231,0.1814,0.1195,3.899,4.544
7421,0.4288,0.6958,0.7433,0.7368,0.0475,-0.0023,0.1813,0.1492,-1.739,4.779
21217,0.4724,0.6932,0.7407,0.6945,0.0475,0.0057,0.2196,0.2024,1.553,5.050
6688,0.3856,0.6136,0.6611,0.6431,0.0475,-0.0081,0.2108,0.1578,2.071,4.009
10192,0.3112,0.6462,0.6936,0.6641,0.0474,-0.0000,0.2359,0.2109,2.079,5.709
5752,0.4912,0.7038,0.7513,0.6808,0.0474,-0.0104,0.1372,0.0737,2.650,2.910
7472,0.3745,0.5617,0.6089,0.5801,0.0472,0.0373,0.2871,0.1623,4.747,4.594
20797,0.4896,0.6398,0.6869,0.6383,0.0471,0.0020,0.1520,0.1293,-1.065,4.036
20572,0.2104,0.6693,0.7163,0.6967,0.0471,0.0632,0.4306,0.1406,-6.727,4.350
1819,0.0462,0.5320,0.5791,0.5359,0.0471,0.0221,0.4050,0.3582,-2.672,7.227
12873,0.6214,0.7707,0.8177,0.6937,0.0470,0.0430,0.0768,0.0676,-0.187,2.454
5655,0.4002,0.6450,0.6920,0.6685,0.0470,-0.0038,0.1558,0.1596,-0.371,4.796
14973,0.4064,0.7096,0.7565,0.7217,0.0470,0.1197,0.1229,0.0998,1.269,2.535
15784,0.0379,0.4993,0.5463,0.5854,0.0469,0.0301,0.2628,0.2158,3.316,5.500
13595,0.4686,0.6454,0.6923,0.6597,0.0469,0.0453,0.2928,0.0711,6.842,2.507
3624,0.4875,0.5964,0.6432,0.6185,0.0469,0.0150,0.1980,0.1183,2.655,4.875
12541,0.3980,0.6350,0.6818,0.6644,0.0468,0.0263,0.2840,0.2448,1.596,5.843
21961,0.5626,0.6576,0.7043,0.6822,0.0467,-0.0080,0.2032,0.0701,3.674,3.250
3316,0.5513,0.6848,0.7315,0.6732,0.0467,0.0832,0.2242,0.1710,0.583,5.046
8193,0.4716,0.5266,0.5733,0.5953,0.0467,0.0256,0.2473,0.1961,1.139,6.496
3935,0.1226,0.5596,0.6062,0.5518,0.0466,0.0313,0.1787,0.1593,-0.206,4.251
20202,0.5381,0.7150,0.7617,0.7098,0.0466,0.0692,0.2435,0.1788,-2.933,5.504
12721,0.1812,0.6347,0.6813,0.5570,0.0466,-0.0162,0.1776,0.1366,-0.941,4.491
12072,0.5230,0.7050,0.7516,0.7128,0.0466,0.0162,0.2362,0.1685,2.837,5.498
2713,0.6026,0.6417,0.6882,0.6805,0.0466,-0.0150,0.1242,0.0852,2.366,3.770
9320,0.3847,0.6447,0.6912,0.6227,0.0465,0.0635,0.1972,0.1576,-2.199,4.752
15141,0.2464,0.5956,0.6421,0.6395,0.0465,-0.0406,0.2405,0.1977,3.132,4.923
3008,0.3311,0.5736,0.6202,0.5930,0.0465,0.0115,0.2590,0.2425,-1.697,5.322
2463,0.3170,0.4961,0.5426,0.5581,0.0465,0.0081,0.2442,0.1331,-2.901,3.804
8383,0.3725,0.6155,0.6619,0.6129,0.0465,0.0451,0.2418,0.2267,0.464,5.709
5407,0.3294,0.5368,0.5832,0.5845,0.0465,0.0172,0.1861,0.1697,2.613,5.072
5015,0.3402,0.5961,0.6426,0.5703,0.0465,0.0632,0.1891,0.1488,2.151,5.147
17487,0.4523,0.6477,0.6942,0.6361,0.0465,-0.0160,0.2374,0.0847,4.250,4.966
3802,0.3513,0.6323,0.6787,0.6723,0.0465,0.0715,0.2084,0.1857,2.655,5.578
12435,0.4529,0.6955,0.7419,0.7290,0.0465,0.0577,0.2820,0.2516,-0.096,6.760
10564,0.2272,0.5471,0.5935,0.6155,0.0465,0.0519,0.1648,0.1277,1.907,3.755
15748,0.4537,0.6826,0.7290,0.7097,0.0465,0.0346,0.1765,0.1664,0.422,4.129
13318,0.3269,0.7006,0.7471,0.6606,0.0465,0.0035,0.2668,0.2380,2.084,5.773
22783,0.5494,0.6581,0.7045,0.6723,0.0465,0.0207,0.1217,0.1133,-0.400,4.283
293,0.4470,0.6103,0.6568,0.6258,0.0465,0.0903,0.2224,0.2079,1.475,5.755
1733,0.5590,0.6985,0.7448,0.7410,0.0464,-0.0231,0.1327,0.1199,0.801,4.082
5309,0.4166,0.5464,0.5928,0.5348,0.0464,0.0334,0.1967,0.1420,3.557,4.657
5880,0.5120,0.6057,0.6521,0.6108,0.0464,-0.0092,0.1824,0.1629,1.551,4.170
3750,0.4648,0.6070,0.6534,0.5992,0.0464,0.0186,0.1180,0.1285,1.560,2.814
16077,0.2226,0.5670,0.6134,0.5747,0.0464,0.0267,0.2827,0.2510,-2.443,6.070
13387,0.0997,0.6637,0.7101,0.5928,0.0464,0.1085,0.1136,0.0878,2.326,2.478
7295,0.5326,0.6675,0.7139,0.6534,0.0464,-0.0511,0.1519,0.1407,1.570,3.723
19895,0.2982,0.5966,0.6430,0.5838,0.0464,0.0647,0.2708,0.2402,2.101,6.291
8704,0.5244,0.6662,0.7126,0.6804,0.0464,0.0173,0.1570,0.1188,-1.193,3.274
20509,0.2085,0.4485,0.4948,0.4343,0.0464,0.0196,0.1827,0.1736,-0.084,4.570
18216,0.4565,0.5863,0.6327,0.6198,0.0464,0.0116,0.1300,0.1081,1.846,3.572
16111,0.4012,0.6147,0.6611,0.5954,0.0464,0.0691,0.2579,0.1458,-3.603,4.466
22670,0.2276,0.4974,0.5438,0.5309,0.0464,0.0623,0.2613,0.2251,2.279,5.832
5299,0.4279,0.6740,0.7204,0.6637,0.0464,0.0368,0.0993,0.0880,0.472,3.770
23587,0.3080,0.6100,0.6564,0.6525,0.0463,0.0234,0.1277,0.1252,3.466,2.778
7596,0.2030,0.5997,0.6461,0.4852,0.0463,0.1588,0.1703,0.1288,-2.205,3.333
8570,0.4142,0.7272,0.7735,0.7349,0.0463,0.0497,0.1192,0.0900,1.457,4.289
4418,0.3576,0.5650,0.6113,0.5418,0.0463,0.0312,0.1567,0.1288,-1.621,3.420
5427,0.2547,0.5380,0.5843,0.6371,0.0463,-0.0058,0.1923,0.1928,-0.532,5.779
23026,0.2720,0.6229,0.6692,0.6474,0.0463,0.1292,0.2190,0.2033,-1.024,5.680
15999,0.0667,0.6371,0.6834,0.6564,0.0463,0.0024,0.1594,0.1547,1.957,4.702
11517,0.2645,0.5714,0.6178,0.5920,0.0463,0.0333,0.2578,0.1978,-3.842,4.809
7138,0.4604,0.5959,0.6422,0.6448,0.0463,0.0624,0.1803,0.1646,1.537,5.059
8110,0.3445,0.5766,0.6229,0.6036,0.0463,0.0403,0.2288,0.1852,0.859,5.413
23866,0.3540,0.6255,0.6718,0.6435,0.0463,0.0011,0.2763,0.2605,-0.597,6.681
7258,0.5415,0.6667,0.7130,0.7387,0.0463,-0.0231,0.2188,0.1730,2.258,5.837
17349,-0.0671,0.5206,0.5668,0.5514,0.0463,0.0601,0.1472,0.1372,1.306,2.842
367,0.2361,0.6658,0.7121,0.6799,0.0463,0.1429,0.1851,0.1565,-1.826,4.182
3480,0.5436,0.6761,0.7224,0.6594,0.0463,0.0068,0.2668,0.1203,5.518,3.730
2103,0.1809,0.6555,0.7018,0.6620,0.0463,-0.0058,0.2885,0.2446,-1.142,6.922
11863,0.4286,0.5707,0.6170,0.5450,0.0463,0.0184,0.1822,0.1328,2.924,4.412
20272,0.2110,0.5861,0.6324,0.6028,0.0463,0.0870,0.2472,0.1449,-3.125,3.953
15070,0.3445,0.6131,0.6594,0.6350,0.0463,0.0786,0.1794,0.1648,0.137,3.374
20632,0.5375,0.6761,0.7224,0.6992,0.0463,0.0058,0.1889,0.1543,0.918,5.520
4087,0.3404,0.5874,0.6337,0.5913,0.0463,0.0128,0.1879,0.1784,-0.141,4.496
20534,0.2922,0.6555,0.7018,0.6491,0.0463,0.0302,0.1196,0.1047,0.208,3.823
22059,0.3451,0.5784,0.6247,0.5694,0.0463,-0.0348,0.1874,0.1815,1.054,4.539
23098,0.4826,0.7189,0.7651,0.7317,0.0462,0.0127,0.1874,0.1549,2.002,5.101
11116,0.3022,0.6380,0.6842,0.6149,0.0462,-0.0082,0.1717,0.1632,0.195,3.976
4403,0.5982,0.7330,0.7792,0.7189,0.0462,0.0069,0.1479,0.1237,1.152,5.163
7005,0.2315,0.5944,0.6406,0.6316,0.0462,-0.0346,0.1937,0.1765,0.931,4.521
13893,0.5423,0.7099,0.7561,0.7150,0.0462,0.0495,0.2161,0.1846,0.902,5.272
22261,0.3373,0.5237,0.5699,0.5158,0.0462,-0.0366,0.3804,0.3337,2.912,7.950
18497,0.2124,0.5026,0.5487,0.4500,0.0461,0.0095,0.2770,0.1806,5.687,4.582
13837,0.5287,0.6631,0.7089,0.6927,0.0458,0.0238,0.0873,0.0961,2.153,2.297
4429,0.2121,0.5039,0.5496,0.4896,0.0457,0.0446,0.3111,0.0518,7.420,2.093
23826,0.5399,0.7171,0.7626,0.7577,0.0455,0.0171,0.2055,0.1447,-1.870,5.059
16942,0.3590,0.6086,0.6541,0.6489,0.0455,0.0428,0.2736,0.1481,4.819,4.788
13803,0.6124,0.5922,0.6377,0.6818,0.0455,0.0138,0.2356,0.1303,4.099,3.718
11777,0.4725,0.6809,0.7263,0.6757,0.0454,0.0300,0.2100,0.1063,3.510,3.965
12321,0.3246,0.6153,0.6606,0.6982,0.0453,0.1341,0.1934,0.1351,-3.469,3.807
2051,0.4805,0.5531,0.5984,0.5298,0.0453,0.0912,0.1017,0.0844,-0.836,4.438
5428,0.2780,0.5803,0.6256,0.5803,0.0453,0.0314,0.3256,0.2155,-4.340,4.825
24338,0.1705,0.4598,0.5052,0.4430,0.0453,-0.0153,0.1993,0.1611,-2.147,5.247
24026,0.5596,0.5363,0.5816,0.5078,0.0453,0.0279,0.1789,0.1585,1.130,4.803
3233,0.5350,0.7633,0.8085,0.7529,0.0453,0.0693,0.1544,0.1216,1.052,4.578
10298,0.4027,0.6326,0.6779,0.6481,0.0453,0.0859,0.2134,0.1738,-0.749,5.394
2410,0.4795,0.5731,0.6184,0.6093,0.0453,-0.0069,0.1551,0.1379,-1.125,4.095
21882,0.5455,0.6352,0.6804,0.6818,0.0453,-0.0112,0.2057,0.1830,2.051,5.166
377,0.1993,0.5258,0.5711,0.5879,0.0452,0.0755,0.1779,0.1476,-1.710,3.816
1404,0.2125,0.5879,0.6331,0.6654,0.0452,0.0936,0.1812,0.0914,5.374,2.419
22850,0.4999,0.6602,0.7054,0.6667,0.0452,0.0184,0.1087,0.0987,0.499,2.489
16670,0.3767,0.6499,0.6951,0.6227,0.0452,0.0210,0.1345,0.1305,1.272,4.232
22385,0.5136,0.6408,0.6860,0.6525,0.0452,-0.0242,0.1896,0.1543,2.402,5.674
5940,0.4038,0.6214,0.6667,0.5801,0.0452,0.0173,0.1337,0.1278,0.973,3.624
4469,0.4727,0.6072,0.6525,0.5866,0.0452,-0.0011,0.1450,0.0830,3.289,3.280
9031,0.5778,0.7093,0.7545,0.7003,0.0452,0.0825,0.1522,0.1314,1.126,4.514
17960,0.5459,0.6615,0.7067,0.6641,0.0452,0.0774,0.2052,0.1372,-2.246,4.915
2437,0.2788,0.5523,0.5974,0.5484,0.0452,0.0348,0.2608,0.1641,5.248,4.839
15970,0.5775,0.6813,0.7265,0.6968,0.0452,0.0011,0.1327,0.1223,0.231,4.775
19708,0.4327,0.5923,0.6374,0.6503,0.0452,-0.0034,0.1779,0.1415,2.343,4.437
19908,0.3425,0.7303,0.7755,0.7587,0.0452,0.0278,0.1319,0.0932,-0.856,3.340
24862,0.3324,0.5768,0.6219,0.6348,0.0452,0.0209,0.2350,0.2379,2.158,5.990
4602,0.3939,0.6077,0.6529,0.6271,0.0452,0.0219,0.2657,0.1733,4.713,4.902
22477,0.3548,0.6348,0.6800,0.6323,0.0452,0.0450,0.2000,0.1757,2.600,4.575
5965,0.5207,0.6929,0.7381,0.6994,0.0452,0.0657,0.1119,0.0997,1.058,4.330
16991,0.2290,0.5213,0.5665,0.5058,0.0452,0.0245,0.1402,0.1113,-1.118,2.403
4771,0.5560,0.6865,0.7316,0.6568,0.0452,-0.0117,0.3325,0.0859,-5.604,2.585
23591,0.4922,0.6675,0.7126,0.6727,0.0451,0.0230,0.1857,0.1751,-0.391,5.092
15752,0.3764,0.6302,0.6753,0.6559,0.0451,-0.0162,0.1858,0.1621,-0.848,5.251
15701,0.1782,0.5644,0.6095,0.5966,0.0451,0.0668,0.2116,0.1708,-1.713,4.566
21218,0.3234,0.6327,0.6778,0.6418,0.0451,0.1141,0.2091,0.1886,3.751,3.763
1859,0.4033,0.6340,0.6791,0.6160,0.0451,-0.0289,0.2344,0.2131,1.788,5.186
12885,0.0621,0.4497,0.4948,0.5309,0.0451,0.0718,0.1506,0.1331,2.131,3.671
23005,0.1490,0.4897,0.5348,0.5258,0.0451,0.0035,0.1839,0.1748,-0.400,3.373
5446,0.1979,0.5490,0.5941,0.5503,0.0451,-0.0161,0.2146,0.1930,2.254,5.037
3303,0.3731,0.6778,0.7229,0.6611,0.0451,0.0460,0.1321,0.1152,0.776,3.450
24748,0.2619,0.5258,0.5709,0.6521,0.0451,0.0725,0.1668,0.1648,1.393,4.213
8938,0.4612,0.5567,0.6018,0.5735,0.0451,0.0023,0.1904,0.1373,2.548,5.348
22441,0.4403,0.5503,0.5954,0.5670,0.0451,0.0208,0.1673,0.1585,0.538,4.279
20660,0.3223,0.6559,0.7010,0.6186,0.0451,0.0661,0.1762,0.0989,-2.083,3.005
18333,0.5445,0.6577,0.7027,0.6885,0.0450,0.0161,0.1393,0.1249,1.122,4.899
3816,0.4104,0.6293,0.6744,0.6718,0.0450,0.0335,0.1175,0.1031,2.080,3.656
24041,0.2383,0.5534,0.5985,0.5290,0.0450,0.1418,0.2197,0.1234,-2.299,5.213
9233,0.4737,0.6924,0.7375,0.7027,0.0450,-0.0104,0.2259,0.2077,0.273,5.746
15931,0.4785,0.6988,0.7439,0.7040,0.0450,-0.0035,0.2027,0.1893,-1.178,5.655
12863,0.4434,0.6512,0.6963,0.6075,0.0450,0.0705,0.2845,0.2345,-1.962,5.744
9966,0.5561,0.7130,0.7580,0.7233,0.0450,0.0220,0.1319,0.0863,2.391,3.668
8792,0.3555,0.6268,0.6718,0.6782,0.0450,-0.0012,0.2787,0.1689,-2.441,5.103
23715,0.4736,0.6757,0.7207,0.6988,0.0450,0.0380,0.2255,0.1013,-3.672,3.972
8021,0.2063,0.5907,0.6358,0.6190,0.0450,0.0487,0.1581,0.1535,-0.451,4.490
15444,0.4768,0.6748,0.7198,0.6594,0.0450,0.0529,0.1343,0.1184,0.810,4.310
2947,0.3688,0.5668,0.6118,0.5861,0.0450,0.0092,0.2786,0.2686,0.254,7.021
9247,0.3284,0.5308,0.5758,0.5514,0.0450,-0.0174,0.1697,0.1792,-0.600,4.442
18783,0.4706,0.6247,0.6697,0.6118,0.0450,0.0288,0.2003,0.1321,3.653,3.747
1224,0.2583,0.5938,0.6388,0.5630,0.0450,0.0289,0.1742,0.1267,4.058,3.062
10652,0.3059,0.5578,0.6028,0.5411,0.0450,-0.0230,0.1953,0.1755,-1.446,4.966
17407,0.2992,0.5527,0.5977,0.5681,0.0450,-0.0276,0.1900,0.1626,-1.591,4.776
7633,0.6124,0.6889,0.7339,0.6774,0.0450,-0.0012,0.0835,0.0768,0.326,3.306
24764,0.3824,0.6851,0.7301,0.6645,0.0450,-0.0496,0.2422,0.2216,0.824,5.607
4271,0.6468,0.6928,0.7378,0.7134,0.0450,0.0289,0.1521,0.1335,1.321,5.525
3462,0.3572,0.7018,0.7468,0.6864,0.0450,0.0623,0.1534,0.1336,2.185,4.174
9416,0.1932,0.6324,0.6774,0.6632,0.0450,0.0242,0.2118,0.1815,-0.018,5.147
7917,0.5349,0.7095,0.7545,0.6889,0.0450,0.0276,0.1854,0.1586,-0.308,5.138
8147,0.4775,0.6427,0.6877,0.6337,0.0450,0.0335,0.1819,0.1595,1.272,5.354
5448,0.1947,0.5931,0.6380,0.6085,0.0449,0.0472,0.1463,0.1284,2.194,3.850
13374,0.1928,0.5417,0.5866,0.5879,0.0449,0.0196,0.2469,0.2344,1.438,6.389
13892,0.2620,0.5969,0.6418,0.6136,0.0449,0.0335,0.3255,0.2060,-3.662,4.752
2098,0.5324,0.4981,0.5430,0.5250,0.0449,0.0139,0.1490,0.1214,1.862,3.705
3631,0.2657,0.5866,0.6316,0.5956,0.0449,0.0322,0.2774,0.2329,-1.494,6.225
12454,0.4350,0.5956,0.6406,0.6226,0.0449,0.0472,0.2258,0.1766,2.906,4.792
14456,0.3787,0.6667,0.7115,0.6653,0.0448,-0.0314,0.2375,0.2152,3.210,5.801
6912,0.4563,0.6868,0.7316,0.6539,0.0447,0.0702,0.2056,0.1553,-0.610,4.433
16967,-0.0535,0.4961,0.5408,0.4882,0.0447,-0.0347,0.3125,0.1811,5.105,4.482
17597,0.4085,0.7461,0.7906,0.7565,0.0445,-0.0473,0.3002,0.2743,0.499,6.804
2619,0.3244,0.5386,0.5830,0.5242,0.0444,0.0363,0.3257,0.0551,7.496,1.891
19403,0.1146,0.3935,0.4379,0.3765,0.0444,0.0726,0.2217,0.1061,4.638,4.234
16295,0.1824,0.5849,0.6292,0.5901,0.0444,-0.0210,0.1559,0.0863,-1.823,2.586
19975,0.4339,0.6305,0.6749,0.6488,0.0444,0.0539,0.1992,0.1460,2.917,4.191
14969,0.3554,0.5267,0.5711,0.5489,0.0443,0.0164,0.2273,0.0803,5.919,1.595
2215,0.3562,0.6133,0.6576,0.6432,0.0443,-0.0058,0.0618,0.0710,1.848,1.188
6637,0.3849,0.5774,0.6216,0.6138,0.0442,0.0547,0.2791,0.0856,5.971,3.572
11615,0.1286,0.5260,0.5701,0.5195,0.0442,-0.0234,0.0743,0.0994,1.270,1.461
19609,0.3680,0.6078,0.6519,0.6442,0.0442,0.0197,0.3294,0.2845,2.399,7.329
8346,0.4269,0.6325,0.6766,0.6390,0.0442,-0.0046,0.1287,0.1157,0.812,4.004
8037,0.5843,0.6174,0.6615,0.6135,0.0441,0.0223,0.2772,0.1911,2.616,6.900
13620,0.5622,0.6822,0.7263,0.7108,0.0441,-0.0045,0.1744,0.0550,3.693,2.402
2899,0.3421,0.6179,0.6619,0.6723,0.0440,-0.0024,0.2683,0.1162,-3.642,4.282
6442,0.4100,0.6943,0.7383,0.6541,0.0440,0.0370,0.2242,0.1721,2.175,5.307
17502,0.4790,0.5972,0.6412,0.6490,0.0440,0.0104,0.2409,0.1336,4.982,4.485
8970,0.4491,0.6921,0.7361,0.6831,0.0440,-0.0628,0.1289,0.0923,2.589,3.333
23161,0.0425,0.5666,0.6106,0.5446,0.0440,0.0339,0.3350,0.1268,-4.439,2.379
18245,0.5768,0.6611,0.7050,0.6559,0.0440,-0.0196,0.1844,0.1224,2.827,4.849
14465,0.5891,0.6533,0.6973,0.6624,0.0440,-0.0023,0.2033,0.1335,3.256,3.859
23263,0.5253,0.7031,0.7470,0.6218,0.0439,0.0047,0.2334,0.1111,4.392,5.321
17706,0.6585,0.7468,0.7907,0.7842,0.0439,0.0207,0.1710,0.0915,2.682,3.896
4286,0.2803,0.5935,0.6374,0.5819,0.0439,0.0116,0.2325,0.2084,-1.527,4.701
19976,-0.0824,0.4671,0.5110,0.5329,0.0439,0.1198,0.1851,0.1846,1.562,3.537
16551,0.4632,0.5200,0.5639,0.5161,0.0439,-0.0336,0.2697,0.0903,5.681,3.433
20533,0.2930,0.6013,0.6452,0.6245,0.0439,-0.0139,0.2005,0.1849,3.190,5.567
15060,0.1610,0.5316,0.5755,0.5832,0.0439,-0.0289,0.1498,0.1370,-0.233,3.370
21858,0.5897,0.7058,0.7497,0.7381,0.0439,-0.0046,0.2027,0.1731,2.728,4.957
6569,0.2428,0.5438,0.5876,0.5309,0.0438,-0.0530,0.2520,0.2413,1.095,5.874
6483,0.4533,0.6302,0.6740,0.6611,0.0438,0.0207,0.2175,0.1626,2.849,4.544
6831,0.4541,0.6997,0.7436,0.7242,0.0438,0.0092,0.1284,0.1123,1.208,4.091
22639,0.4549,0.6624,0.7062,0.6804,0.0438,0.0139,0.1382,0.1274,-0.581,4.145
19287,0.5851,0.7603,0.8041,0.7693,0.0438,0.0299,0.1468,0.1171,0.163,4.881
19465,-0.0501,0.5464,0.5902,0.5735,0.0438,0.0082,0.3420,0.1713,-4.084,4.068
9569,0.1092,0.5541,0.5979,0.5657,0.0438,0.0334,0.1363,0.1321,1.294,4.037
21597,0.4128,0.6160,0.6598,0.6353,0.0438,0.0405,0.1274,0.1237,0.649,4.198
6707,0.6951,0.7088,0.7526,0.7062,0.0438,0.0000,0.2245,0.1739,1.278,6.267
14317,0.2129,0.5528,0.5966,0.5464,0.0438,0.0427,0.1087,0.1081,0.649,3.671
12313,0.5288,0.7152,0.7590,0.7281,0.0438,0.0417,0.1962,0.1395,1.364,4.785
7390,0.3877,0.6791,0.7229,0.6714,0.0438,-0.0174,0.2676,0.2287,1.910,5.972
8323,0.2682,0.6456,0.6894,0.6302,0.0438,0.0357,0.1107,0.0992,1.213,3.754
2180,0.6021,0.7139,0.7577,0.7384,0.0438,-0.0173,0.1970,0.1490,-1.345,4.101
22829,0.4336,0.5954,0.6392,0.5954,0.0438,-0.0208,0.1405,0.1207,2.024,3.411
15935,0.4552,0.5503,0.5941,0.5322,0.0438,0.0243,0.1849,0.1231,-2.127,2.972
21316,0.2761,0.6572,0.7010,0.6611,0.0438,0.0533,0.3462,0.1565,-4.443,5.387
8085,0.1184,0.4948,0.5387,0.5142,0.0438,0.0357,0.3453,0.2733,-1.439,5.778
2493,0.2964,0.6384,0.6821,0.6293,0.0438,-0.0311,0.1488,0.1397,1.775,3.657
19704,0.5463,0.6422,0.6860,0.6075,0.0438,0.1062,0.1005,0.0944,2.055,3.122
11570,0.4837,0.6203,0.6641,0.6731,0.0438,0.0357,0.1500,0.1114,2.784,3.935
4732,0.4256,0.6255,0.6692,0.6345,0.0438,-0.0312,0.2708,0.1710,-3.536,4.279
5211,0.4163,0.6577,0.7014,0.6615,0.0438,0.0415,0.1044,0.1058,2.413,3.461
23488,0.4150,0.6268,0.6705,0.6499,0.0438,0.0426,0.1890,0.1553,-0.378,3.697
6182,0.6823,0.7194,0.7632,0.7439,0.0438,0.0058,0.1220,0.0987,1.090,3.921
13353,0.4939,0.6641,0.7079,0.7091,0.0438,-0.0093,0.2357,0.2098,-0.411,6.726
14469,0.4226,0.6988,0.7426,0.7336,0.0438,-0.0816,0.1755,0.1546,-0.156,3.883
6018,0.3617,0.6889,0.7326,0.6877,0.0437,-0.0220,0.1760,0.1591,-2.371,5.165
2540,0.1382,0.5540,0.5977,0.5758,0.0437,0.0081,0.1993,0.1911,0.539,3.200
21691,0.2861,0.5861,0.6298,0.5925,0.0437,0.0749,0.2392,0.2094,2.522,5.919
6466,0.4474,0.7455,0.7892,0.6452,0.0437,0.0207,0.1463,0.1456,-0.729,4.988
14399,0.5002,0.6710,0.7147,0.6298,0.0437,-0.0244,0.2163,0.0924,-3.385,2.686
4185,0.4258,0.7224,0.7661,0.7275,0.0437,-0.0197,0.1475,0.1337,-0.854,4.816
17310,0.3647,0.5373,0.5810,0.5141,0.0437,0.0218,0.1741,0.1439,2.478,3.149
10615,0.2401,0.6465,0.6902,0.5835,0.0437,0.0310,0.1672,0.1382,3.836,3.713
4533,0.4541,0.5951,0.6388,0.6594,0.0437,0.0659,0.1827,0.1891,-0.275,6.181
4131,0.4468,0.6778,0.7214,0.7189,0.0436,0.0358,0.1495,0.1356,0.054,4.434
23709,0.3883,0.6611,0.7047,0.6662,0.0436,0.0207,0.2287,0.2139,-0.982,6.317
15135,0.4514,0.6393,0.6829,0.6200,0.0436,-0.0590,0.1217,0.1174,0.981,3.487
13602,0.3833,0.6046,0.6483,0.6072,0.0436,0.0565,0.2533,0.2272,-0.470,5.801
20844,0.1594,0.5346,0.5782,0.5128,0.0436,-0.0104,0.1892,0.1573,-0.863,3.786
18610,0.3932,0.6462,0.6897,0.6397,0.0436,0.0495,0.2102,0.1755,-0.208,4.736
1414,0.1014,0.4677,0.5112,0.5336,0.0435,0.0908,0.1133,0.0513,3.082,1.635
24318,0.6376,0.6618,0.7053,0.7118,0.0434,-0.0464,0.2840,0.1819,3.002,6.422
24068,0.0816,0.6132,0.6566,0.6921,0.0434,0.0892,0.2049,0.1538,-1.842,5.408
24787,0.0534,0.5190,0.5623,0.5190,0.0433,0.0639,0.1185,0.1182,0.540,3.002
13865,0.2575,0.6278,0.6710,0.6540,0.0433,-0.0289,0.3703,0.3246,3.938,6.929
23476,0.5274,0.6302,0.6732,0.6966,0.0430,0.0626,0.1631,0.0912,-2.526,2.597
8602,0.2375,0.5128,0.5557,0.5772,0.0430,0.0595,0.2544,0.0646,5.302,2.664
3044,0.2566,0.6476,0.6905,0.6450,0.0429,-0.0844,0.2084,0.1929,0.310,4.610
16996,-0.1171,0.4265,0.4694,0.4694,0.0429,-0.0336,0.1360,0.0803,-0.542,1.446
12518,0.1903,0.5987,0.6416,0.6052,0.0429,0.0715,0.0892,0.1003,1.771,2.773
12239,0.5503,0.5597,0.6026,0.5545,0.0429,0.0639,0.2016,0.0782,3.561,3.596
18424,0.2588,0.6080,0.6507,0.6223,0.0427,0.0745,0.3141,0.3086,-0.565,7.020
3808,0.6016,0.6869,0.7296,0.7025,0.0427,0.0692,0.2539,0.2177,-0.385,6.060
7110,0.3131,0.6305,0.6731,0.5982,0.0426,0.0568,0.1637,0.0969,-1.670,2.311
24561,0.4286,0.5749,0.6176,0.6098,0.0426,0.0012,0.1029,0.0662,2.495,3.762
18335,0.4926,0.6602,0.7028,0.6370,0.0426,0.0071,0.2657,0.2489,0.341,6.904
17287,0.5515,0.7235,0.7661,0.7713,0.0426,0.0185,0.2359,0.1146,5.398,3.827
17954,0.5104,0.7054,0.7481,0.6964,0.0426,0.0035,0.1440,0.1416,-1.199,4.244
7159,0.6196,0.6964,0.7390,0.7033,0.0426,-0.0363,0.0883,0.0855,1.757,2.607
3579,0.3390,0.6813,0.7239,0.7355,0.0426,0.0426,0.1841,0.1558,-2.394,4.118
11408,0.4967,0.6245,0.6671,0.6671,0.0426,0.0058,0.1772,0.1587,-1.436,4.810
18175,0.3093,0.6697,0.7123,0.6594,0.0426,0.0609,0.1486,0.1269,0.459,3.565
15357,0.3284,0.6542,0.6968,0.6774,0.0426,0.0161,0.1875,0.1610,0.035,4.267
8874,0.4867,0.7226,0.7652,0.7497,0.0426,0.0686,0.1796,0.1257,-2.166,4.083
15812,0.5270,0.6813,0.7239,0.6981,0.0426,0.0173,0.1634,0.1240,2.052,4.943
20477,0.4403,0.6774,0.7200,0.7277,0.0426,0.0045,0.2033,0.1739,1.452,5.441
11884,0.4847,0.6542,0.6968,0.7084,0.0426,-0.0037,0.1935,0.1744,-0.213,4.613
15064,0.2831,0.6503,0.6929,0.6916,0.0426,0.0069,0.1916,0.1631,-0.030,3.910
19762,0.2502,0.5910,0.6335,0.6258,0.0426,0.0193,0.1232,0.0773,-0.953,2.065
13251,0.1741,0.6297,0.6723,0.6748,0.0426,0.0347,0.2409,0.1672,-2.422,5.211
6034,0.3970,0.6439,0.6865,0.6090,0.0426,0.0407,0.2224,0.1876,1.336,6.010
210,0.0857,0.5359,0.5785,0.5213,0.0426,0.0271,0.3404,0.1100,6.989,3.640
16582,0.3572,0.5683,0.6108,0.5631,0.0425,0.0185,0.1487,0.1277,1.780,3.787
9800,0.6131,0.7010,0.7436,0.7590,0.0425,0.0069,0.2230,0.1804,0.537,5.700
24820,0.3110,0.5064,0.5490,0.4884,0.0425,0.0679,0.2242,0.2120,-1.668,4.106
14727,0.5120,0.6366,0.6791,0.6082,0.0425,0.0092,0.1844,0.1689,0.634,4.832
5285,0.2058,0.6340,0.6765,0.6495,0.0425,0.0451,0.1976,0.1823,2.324,5.309
23803,0.2582,0.6031,0.6456,0.6160,0.0425,0.0451,0.1752,0.1095,3.906,3.840
5635,0.2925,0.6314,0.6740,0.6340,0.0425,-0.0172,0.1713,0.1601,0.303,4.762
12650,0.3065,0.6276,0.6701,0.6521,0.0425,0.0384,0.2190,0.1915,0.968,5.530
1460,0.4509,0.6843,0.7268,0.7049,0.0425,-0.0230,0.0984,0.0949,-0.064,3.513
17180,0.1310,0.5631,0.6057,0.6224,0.0425,-0.0163,0.2519,0.2309,1.838,5.442
2296,0.2980,0.5838,0.6263,0.6147,0.0425,-0.0127,0.1095,0.0983,2.499,2.218
3247,0.4665,0.7152,0.7577,0.7371,0.0425,0.0532,0.1728,0.1211,-2.839,4.318
8401,0.4710,0.5528,0.5954,0.5838,0.0425,0.0128,0.1961,0.1871,0.384,5.664
14808,0.1661,0.5954,0.6379,0.6198,0.0425,0.0918,0.2426,0.1778,-1.568,4.661
17679,0.2202,0.5225,0.5650,0.5676,0.0425,0.0324,0.2135,0.2015,-1.371,4.633
1487,0.2023,0.5457,0.5882,0.5470,0.0425,0.0462,0.3492,0.2827,-2.542,6.998
9282,0.0911,0.4517,0.4942,0.4955,0.0425,-0.0058,0.2185,0.1993,2.542,4.558
3345,0.5678,0.6847,0.7272,0.7014,0.0425,0.0588,0.1979,0.1783,-0.763,5.798
23227,0.2355,0.5547,0.5972,0.5766,0.0425,-0.0496,0.1918,0.1921,-0.772,4.388
20853,0.4801,0.7014,0.7439,0.7091,0.0425,0.0484,0.1109,0.0971,0.658,3.550
22091,0.4107,0.5547,0.5972,0.5174,0.0425,0.0150,0.1677,0.1691,-0.895,4.686
7101,0.6482,0.6873,0.7297,0.7027,0.0425,0.0174,0.2288,0.1937,-1.271,6.032
12063,0.2488,0.5212,0.5637,0.5830,0.0425,-0.0254,0.1500,0.1129,3.782,2.704
3889,0.0402,0.4942,0.5367,0.5187,0.0425,0.0231,0.2139,0.2205,-0.299,5.113
16265,0.3139,0.4749,0.5174,0.4620,0.0425,-0.0615,0.1601,0.1595,0.615,4.807
18883,0.5015,0.6821,0.7246,0.7284,0.0425,0.1198,0.1735,0.1359,1.022,5.118
2436,0.5046,0.6860,0.7284,0.6692,0.0425,0.0636,0.2275,0.1837,-2.388,5.373
14692,0.4068,0.6671,0.7095,0.6877,0.0424,0.0451,0.1896,0.1845,0.662,5.003
19659,0.1863,0.6465,0.6889,0.6928,0.0424,0.1578,0.2231,0.1998,-0.454,5.122
7064,0.1838,0.4936,0.5360,0.4383,0.0424,0.0990,0.2782,0.2747,1.113,6.905
18328,0.0802,0.6221,0.6645,0.6015,0.0424,0.0691,0.2751,0.1458,-2.326,4.719
23319,0.4779,0.6684,0.7108,0.6080,0.0424,-0.0116,0.1154,0.1008,-0.748,3.760
5830,0.4033,0.6324,0.6748,0.6350,0.0424,0.0751,0.2286,0.2345,0.195,6.528
8852,0.4929,0.6765,0.7189,0.6650,0.0424,0.0648,0.0713,0.0834,1.481,2.535
574,0.3656,0.6393,0.6816,0.6457,0.0424,0.0196,0.1297,0.1269,1.248,3.747
15275,0.2178,0.4801,0.5225,0.4840,0.0424,0.0023,0.2098,0.1814,3.160,4.559
8888,0.4632,0.6038,0.6462,0.6167,0.0423,-0.0127,0.2119,0.1736,2.322,5.109
3026,0.2340,0.6410,0.6833,0.6436,0.0423,-0.0394,0.2534,0.2263,0.211,5.581
12600,0.3716,0.6174,0.6594,0.5988,0.0420,0.0137,0.3382,0.1580,6.368,4.564
18682,0.3960,0.6049,0.6469,0.6454,0.0420,0.0274,0.1415,0.1258,1.834,3.797
14037,0.5190,0.6008,0.6427,0.5916,0.0419,0.0664,0.2723,0.1439,5.419,4.667
24897,0.5606,0.6841,0.7258,0.7102,0.0418,0.0058,0.1572,0.0843,2.463,3.869
10930,0.3268,0.5573,0.5990,0.5664,0.0417,0.0266,0.1329,0.0974,2.777,2.670
24790,0.3024,0.5794,0.6211,0.5703,0.0417,-0.0243,0.1072,0.0874,-0.378,3.122
11029,0.5080,0.7272,0.7688,0.6841,0.0417,-0.0012,0.2606,0.1403,4.538,6.361
23513,0.5653,0.6294,0.6710,0.6697,0.0416,0.0326,0.1801,0.1196,2.824,4.305
5267,-0.0393,0.5644,0.6060,0.6047,0.0416,0.1049,0.3798,0.1513,-5.259,4.659
15926,0.3738,0.7074,0.7490,0.7503,0.0416,0.1130,0.2534,0.2020,-2.234,6.309
19257,0.3509,0.5332,0.5748,0.4239,0.0416,-0.0141,0.2144,0.1393,5.029,3.477
9682,0.3967,0.5779,0.6195,0.5935,0.0416,0.0394,0.2283,0.1556,3.344,3.477
12938,0.3390,0.5766,0.6182,0.6325,0.0416,0.0335,0.1689,0.0813,3.861,2.480
5887,0.5091,0.6355,0.6770,0.6355,0.0415,0.0682,0.1615,0.1221,1.575,4.508
11028,0.6660,0.7056,0.7471,0.7211,0.0415,0.0127,0.1961,0.1119,3.287,4.208
13853,0.6418,0.6809,0.7224,0.7173,0.0415,0.0140,0.1655,0.0888,2.876,4.056
11916,0.2019,0.4994,0.5409,0.5253,0.0415,-0.0081,0.2939,0.1920,3.812,5.564
22697,0.1870,0.5285,0.5699,0.5661,0.0415,0.0046,0.2189,0.2051,2.145,5.714
17729,0.0219,0.6127,0.6541,0.5868,0.0415,0.1374,0.2624,0.1437,5.726,4.434
1248,0.4424,0.6282,0.6697,0.5285,0.0415,0.0638,0.2499,0.0707,4.993,2.777
9864,0.5981,0.6995,0.7409,0.7370,0.0415,0.0092,0.1562,0.1011,2.782,3.857
22079,0.4733,0.6805,0.7219,0.6898,0.0414,0.0180,0.2077,0.1535,2.392,4.577
13856,0.3952,0.5459,0.5873,0.5925,0.0414,-0.0394,0.1867,0.1308,3.176,4.764
20549,0.2654,0.5731,0.6145,0.4994,0.0414,0.0232,0.2204,0.1239,4.719,3.511
18970,0.1639,0.5951,0.6365,0.6197,0.0414,0.0609,0.1656,0.1202,-1.376,3.351
19289,0.1948,0.6171,0.6585,0.5446,0.0414,0.0351,0.1173,0.1157,2.054,3.365
3424,0.3574,0.5757,0.6171,0.5653,0.0414,0.0118,0.1181,0.1138,0.504,3.717
24106,0.4905,0.6248,0.6662,0.6714,0.0414,0.0255,0.1781,0.1620,0.656,4.777
12757,0.0918,0.3790,0.4204,0.4023,0.0414,-0.0162,0.1211,0.0983,2.653,3.581
17968,0.3070,0.5330,0.5744,0.5201,0.0414,0.0347,0.2728,0.1014,4.628,4.532
925,0.5758,0.7610,0.8023,0.7519,0.0413,0.0150,0.2762,0.1666,-3.929,5.140
10625,0.1498,0.5543,0.5956,0.5904,0.0413,0.0615,0.3013,0.2098,-3.204,5.104
18044,0.3966,0.6189,0.6602,0.6486,0.0413,0.0034,0.1780,0.1243,3.564,3.812
22353,0.4586,0.6477,0.6890,0.6684,0.0413,0.0359,0.1537,0.1290,-0.018,3.911
12989,0.4605,0.6116,0.6529,0.6735,0.0413,0.0544,0.1824,0.1447,0.256,5.664
5799,0.1463,0.5484,0.5897,0.5923,0.0413,0.0023,0.1128,0.0860,0.046,1.839
17276,0.1578,0.6090,0.6503,0.6090,0.0413,-0.0161,0.3124,0.1356,-4.354,3.061
9403,0.4961,0.7148,0.7561,0.7329,0.0413,0.0253,0.2077,0.0762,4.307,3.556
19108,0.5475,0.7290,0.7703,0.7019,0.0413,0.0139,0.2129,0.1596,2.679,4.740
11595,0.4546,0.5910,0.6323,0.5768,0.0413,0.0532,0.1594,0.1547,0.885,5.073
1862,0.4838,0.6697,0.7110,0.6400,0.0413,0.0196,0.0857,0.0675,-0.392,1.727
18520,0.4742,0.6754,0.7166,0.6644,0.0413,0.0025,0.2244,0.1034,5.061,4.089
11427,0.0939,0.5412,0.5825,0.5747,0.0412,0.0438,0.1498,0.1441,1.332,3.626
24238,0.3932,0.6173,0.6585,0.6546,0.0412,0.0127,0.3056,0.2959,-1.634,6.270
16988,0.6080,0.7461,0.7874,0.7616,0.0412,0.0069,0.1886,0.1062,2.562,3.801
18359,0.3975,0.6611,0.7023,0.6881,0.0412,-0.0476,0.2823,0.2533,2.296,6.020
19386,0.1549,0.5567,0.5979,0.5786,0.0412,0.0200,0.1041,0.0992,0.791,2.496
18137,0.5665,0.6869,0.7281,0.6714,0.0412,0.0046,0.1116,0.0705,2.916,2.451
3489,0.5784,0.7036,0.7448,0.7062,0.0412,0.0046,0.2300,0.1841,0.853,5.725
22858,0.3533,0.6911,0.7323,0.6898,0.0412,0.0900,0.3107,0.1750,-3.571,5.734
14514,0.6284,0.7490,0.7902,0.7568,0.0412,0.0671,0.1618,0.1243,-0.276,4.614
13298,0.3644,0.5804,0.6216,0.6023,0.0412,-0.0022,0.1756,0.1760,0.533,5.492
19656,0.4350,0.6088,0.6499,0.6281,0.0412,-0.0116,0.1957,0.0882,4.806,3.481
20041,0.3162,0.5689,0.6100,0.5341,0.0412,-0.0045,0.0850,0.0883,1.674,2.607
9261,0.4083,0.6589,0.7001,0.6757,0.0412,0.0092,0.1859,0.1776,0.997,4.546
24283,0.6465,0.7362,0.7773,0.7066,0.0412,0.0116,0.2662,0.1355,-3.262,4.110
5673,0.5593,0.6564,0.6976,0.6551,0.0412,0.0426,0.0815,0.0967,0.217,2.650
10640,0.3062,0.5753,0.6165,0.5573,0.0412,-0.0150,0.2442,0.2201,-0.986,6.058
7426,0.2886,0.6319,0.6731,0.6358,0.0412,0.0138,0.2475,0.2101,-0.411,5.631
18940,0.3433,0.6306,0.6718,0.6551,0.0412,0.1411,0.2563,0.1891,-2.465,4.954
17340,0.2277,0.5514,0.5925,0.5398,0.0411,-0.0115,0.1260,0.1231,2.620,2.762
6388,0.6946,0.7275,0.7686,0.7558,0.0411,-0.0045,0.2090,0.1107,2.644,5.067
14863,0.3557,0.4884,0.5296,0.4743,0.0411,0.0230,0.2020,0.1930,-1.813,5.760
16976,0.4184,0.6337,0.6748,0.6028,0.0411,0.0023,0.1916,0.1821,-0.525,4.188
1532,0.2409,0.5064,0.5476,0.5411,0.0411,0.0127,0.1628,0.1664,1.186,4.644
12466,0.3489,0.6838,0.7249,0.7147,0.0411,0.0990,0.1983,0.1601,-1.453,5.027
7711,0.1775,0.5386,0.5797,0.5540,0.0411,0.0115,0.1789,0.1902,0.046,4.427
13159,0.3152,0.6239,0.6650,0.6200,0.0411,-0.0058,0.1829,0.1740,0.675,4.448
9473,0.1152,0.5263,0.5674,0.5263,0.0411,-0.0517,0.1743,0.1644,0.012,4.700
7831,0.2594,0.6021,0.6431,0.6425,0.0411,0.1585,0.2227,0.2001,-0.924,5.403
4461,0.3564,0.6650,0.7060,0.6958,0.0411,0.0380,0.2770,0.1853,-3.227,5.105
4884,0.5420,0.6418,0.6829,0.6380,0.0411,-0.0081,0.1967,0.1892,2.051,6.023
16084,0.2452,0.5956,0.6367,0.6316,0.0411,0.0230,0.1699,0.1547,0.247,4.447
475,0.3702,0.5687,0.6098,0.5712,0.0411,0.0785,0.2636,0.2535,1.188,5.861
14027,0.4694,0.6470,0.6881,0.6624,0.0411,0.0647,0.1197,0.0995,0.618,2.993
23199,0.3647,0.6072,0.6483,0.5404,0.0411,0.0534,0.2080,0.1463,-1.999,4.144
208,0.0790,0.5366,0.5777,0.5122,0.0411,0.0288,0.1569,0.1105,3.355,2.576
24972,0.5798,0.6993,0.7404,0.6728,0.0411,-0.0296,0.1582,0.1471,0.993,5.246
21450,0.2272,0.5603,0.6013,0.5885,0.0410,0.0149,0.2365,0.2124,-1.513,5.668
3998,0.2161,0.5962,0.6372,0.5987,0.0410,-0.0104,0.2594,0.2312,-3.340,4.523
20719,0.3740,0.6154,0.6564,0.6679,0.0410,0.0783,0.1794,0.1451,-1.296,4.662
22533,0.3513,0.6164,0.6574,0.5794,0.0410,0.0353,0.4601,0.1100,-7.877,2.484
9175,0.4941,0.6270,0.6680,0.6614,0.0410,0.0187,0.2997,0.0805,6.146,3.839
14775,0.2599,0.5157,0.5563,0.5052,0.0406,0.1373,0.2297,0.1082,5.693,2.536
13755,0.0002,0.5757,0.6162,0.5892,0.0405,0.0336,0.5090,0.1100,-8.911,2.253
5123,0.4731,0.6980,0.7386,0.7621,0.0405,0.0694,0.0797,0.0792,1.891,3.137
20763,0.3832,0.5974,0.6377,0.6273,0.0403,0.0486,0.1493,0.0867,3.252,2.753
14559,0.3653,0.6026,0.6429,0.6195,0.0403,0.0748,0.2449,0.2212,1.177,5.313
14224,0.4521,0.5987,0.6390,0.6000,0.0403,-0.0199,0.1656,0.1526,-0.199,3.761
2704,0.6399,0.6961,0.7364,0.7649,0.0403,0.0234,0.2341,0.1740,2.807,6.276
17562,0.3599,0.5753,0.6156,0.6325,0.0403,0.0163,0.0858,0.0951,0.452,1.915
8324,0.3857,0.5668,0.6070,0.5577,0.0402,0.0544,0.2577,0.2412,1.730,6.562
19477,0.1182,0.5894,0.6295,0.6244,0.0402,0.0266,0.3480,0.1988,-4.101,5.232
11040,0.2494,0.6248,0.6649,0.7219,0.0401,0.0883,0.1580,0.1527,2.330,4.834
23682,0.4459,0.6856,0.7257,0.6999,0.0401,0.0322,0.1732,0.1392,-1.476,4.570
87,0.1841,0.4981,0.5382,0.5032,0.0401,0.0232,0.2440,0.1540,4.367,3.986
17258,0.3291,0.6417,0.6818,0.6429,0.0401,0.0276,0.1854,0.1724,-0.888,4.265
19276,0.3899,0.6163,0.6563,0.6499,0.0401,-0.0115,0.1314,0.1394,1.993,3.376
13645,0.3836,0.6279,0.6680,0.5866,0.0401,0.0534,0.0941,0.0961,0.775,2.575
6472,0.2995,0.7468,0.7868,0.7545,0.0401,0.0937,0.1157,0.0991,2.171,4.570
18070,0.4268,0.5762,0.6163,0.5491,0.0401,-0.0209,0.2401,0.2095,2.358,6.135
16467,0.4364,0.5788,0.6189,0.6447,0.0401,-0.0000,0.2369,0.2306,1.174,5.458
16036,0.4180,0.6512,0.6912,0.6512,0.0401,0.0000,0.2619,0.0901,6.312,2.524
14340,0.3716,0.5853,0.6253,0.5465,0.0401,-0.0023,0.2994,0.2705,2.744,6.477
12071,0.1671,0.6537,0.6938,0.6602,0.0401,0.0577,0.1056,0.0824,0.277,2.357
7137,0.2364,0.6723,0.7123,0.5910,0.0400,0.1133,0.1154,0.0948,3.162,2.948
5226,0.2888,0.6477,0.6877,0.6335,0.0400,0.0034,0.1990,0.1629,4.441,3.958
17917,0.5562,0.7226,0.7626,0.6826,0.0400,-0.0092,0.1123,0.0977,0.023,3.874
23239,0.4508,0.5961,0.6361,0.6090,0.0400,-0.0265,0.2706,0.2489,1.701,6.470
11339,0.1328,0.5277,0.5677,0.4890,0.0400,0.0138,0.1495,0.1488,-0.509,4.342
17942,0.1796,0.5819,0.6219,0.5832,0.0400,-0.0058,0.3341,0.2974,-0.341,6.732
12878,0.5671,0.6839,0.7239,0.6284,0.0400,0.0442,0.1149,0.0971,1.121,3.130
4955,0.0269,0.5368,0.5768,0.5703,0.0400,0.0000,0.2876,0.2633,3.371,6.460
13835,0.3287,0.6465,0.6865,0.7058,0.0400,0.0730,0.3036,0.2754,-0.207,6.762
22966,0.3924,0.6439,0.6839,0.6432,0.0400,0.0461,0.2146,0.1865,1.218,5.610
17897,0.0647,0.5987,0.6387,0.5690,0.0400,0.0511,0.3423,0.2208,-3.418,5.988
22405,0.0954,0.5600,0.6000,0.5342,0.0400,0.0346,0.1385,0.1323,1.113,2.459
4539,0.1584,0.6044,0.6443,0.6276,0.0399,0.0823,0.2961,0.1603,-3.848,4.129
12791,0.3564,0.6701,0.7101,0.5889,0.0399,0.0162,0.1713,0.1414,2.742,4.071
17575,0.3820,0.6662,0.7062,0.6534,0.0399,0.0415,0.1771,0.1355,2.044,4.624
9331,0.2990,0.6649,0.7049,0.6495,0.0399,0.0622,0.2687,0.2474,-0.280,6.080
23808,0.2292,0.6070,0.6469,0.5851,0.0399,0.1161,0.1500,0.1219,2.579,3.978
16361,0.3124,0.6959,0.7358,0.7204,0.0399,0.1267,0.3021,0.1422,-3.898,4.866
17757,0.3810,0.6366,0.6765,0.6959,0.0399,0.0266,0.2571,0.2514,-1.909,6.818
2284,0.3639,0.6070,0.6469,0.5979,0.0399,0.0011,0.1628,0.1530,2.216,3.715
828,0.3141,0.6340,0.6740,0.6443,0.0399,0.0369,0.1942,0.1639,-0.571,4.983
3525,0.3494,0.6327,0.6727,0.6224,0.0399,0.0761,0.1979,0.1325,-1.640,4.011
836,0.4454,0.7139,0.7539,0.7461,0.0399,0.0058,0.1727,0.1389,0.347,4.675
21673,0.5544,0.6791,0.7191,0.6817,0.0399,-0.0184,0.1316,0.1143,-1.954,4.075
14492,0.5465,0.7809,0.8209,0.8003,0.0399,0.0635,0.2486,0.2063,-1.071,6.551
18635,0.2845,0.5992,0.6392,0.6005,0.0399,0.0105,0.1163,0.1083,0.542,3.655
22782,0.5386,0.7732,0.8131,0.7693,0.0399,0.0518,0.0924,0.0843,-0.876,3.655
22511,0.5394,0.6430,0.6830,0.6237,0.0399,0.0092,0.1469,0.1326,0.076,3.764
24697,0.2686,0.6088,0.6486,0.6396,0.0399,0.0851,0.2374,0.2410,-0.254,5.491
8517,0.3237,0.6332,0.6731,0.6757,0.0399,0.0645,0.1658,0.1684,1.919,4.305
12372,0.5852,0.7079,0.7477,0.6898,0.0399,0.0197,0.2568,0.1951,3.607,5.694
19840,0.2989,0.6178,0.6577,0.6641,0.0399,0.0000,0.2496,0.2216,-1.490,5.235
4333,0.4783,0.7169,0.7568,0.7761,0.0399,0.0611,0.2791,0.2326,-2.935,5.549
9952,-0.0430,0.4041,0.4440,0.4131,0.0399,-0.0369,0.2261,0.1397,4.400,3.321
2444,0.5049,0.6525,0.6924,0.7079,0.0399,0.0438,0.1527,0.0931,3.489,3.985
5578,0.1975,0.5444,0.5843,0.6049,0.0399,0.0705,0.1744,0.1615,1.270,4.673
10186,0.4426,0.6577,0.6976,0.6062,0.0399,0.0023,0.1819,0.1543,1.481,5.218
3128,0.2732,0.5367,0.5766,0.5380,0.0399,-0.0427,0.2277,0.2207,0.979,5.125
8463,0.5115,0.6680,0.7079,0.6782,0.0399,0.0679,0.1642,0.1139,1.825,4.147
19424,0.3904,0.5856,0.6255,0.6075,0.0399,0.0545,0.2248,0.1802,-3.182,3.388
3400,0.5618,0.6950,0.7349,0.7439,0.0399,0.0196,0.2406,0.1650,-2.909,4.685
12909,0.4990,0.7066,0.7465,0.7156,0.0399,0.0392,0.1098,0.1070,0.714,2.579
14958,0.4705,0.6272,0.6671,0.6967,0.0398,-0.0323,0.2117,0.1780,-1.170,5.186
14767,0.3547,0.6131,0.6530,0.5964,0.0398,-0.0345,0.2031,0.1934,2.629,4.343
24801,0.2220,0.5206,0.5604,0.5321,0.0398,0.0000,0.2316,0.2298,0.648,5.687
13078,0.3454,0.6041,0.6440,0.6003,0.0398,0.0760,0.1717,0.1200,2.857,4.206
5618,0.3072,0.5424,0.5823,0.5257,0.0398,0.0277,0.1321,0.1355,-0.474,3.860
15872,0.2570,0.5938,0.6337,0.6208,0.0398,0.0432,0.3355,0.1724,-5.484,3.882
16878,0.3532,0.5835,0.6234,0.5681,0.0398,0.0035,0.1265,0.1298,0.659,3.172
14127,0.3864,0.6015,0.6414,0.6144,0.0398,0.0288,0.2533,0.2254,2.529,6.064
12053,0.3393,0.5784,0.6183,0.6093,0.0398,0.0612,0.2307,0.2241,-1.353,5.978
23795,0.6624,0.7584,0.7982,0.7326,0.0398,0.0301,0.1752,0.1341,0.647,5.259
20987,0.1279,0.5469,0.5866,0.5956,0.0398,0.0679,0.1662,0.1714,0.998,4.004
633,0.0725,0.5507,0.5905,0.5571,0.0398,0.0783,0.1930,0.1860,0.065,4.516
15881,0.2595,0.6945,0.7343,0.6958,0.0398,0.0948,0.1831,0.1488,-1.072,4.805
17033,0.4274,0.5687,0.6085,0.5366,0.0398,0.0081,0.1679,0.1527,1.136,4.035
16452,0.4253,0.6560,0.6958,0.7073,0.0398,0.0358,0.1632,0.1264,-1.516,3.153
18338,0.4769,0.7035,0.7433,0.7651,0.0398,0.0702,0.1685,0.1477,-0.828,4.693
19967,0.2516,0.5918,0.6316,0.5687,0.0398,0.0967,0.1754,0.1630,2.150,4.949
16246,0.4323,0.6457,0.6855,0.7022,0.0398,0.0345,0.1669,0.1550,-0.104,3.819
23806,0.4197,0.5866,0.6264,0.5725,0.0398,-0.0184,0.2032,0.2025,1.152,5.638
5038,0.4851,0.7548,0.7946,0.7766,0.0398,-0.0254,0.1757,0.1442,-0.709,4.541
18101,0.2671,0.6088,0.6485,0.6353,0.0398,0.0141,0.2028,0.1940,-1.383,5.050
12681,0.3673,0.6684,0.7082,0.6698,0.0398,0.0679,0.2123,0.1713,-1.568,5.044
15322,0.3780,0.6115,0.6513,0.5872,0.0397,0.0230,0.1382,0.1426,-0.470,4.183
817,0.5018,0.6218,0.6615,0.6128,0.0397,0.0150,0.1914,0.1937,0.223,5.296
6119,0.5119,0.6416,0.6812,0.6311,0.0395,-0.0163,0.3241,0.0823,6.712,3.343
14182,0.0286,0.4718,0.5113,0.4944,0.0394,0.0343,0.3755,0.0599,8.849,0.177
8515,-0.1383,0.4423,0.4816,0.5210,0.0394,0.0140,0.2746,0.1832,5.483,2.893
8129,0.5489,0.6353,0.6745,0.6928,0.0392,0.0466,0.2522,0.2140,-0.875,6.302
7432,0.5913,0.7268,0.7658,0.7039,0.0390,-0.0284,0.3517,0.3303,-1.212,8.061
8836,0.5131,0.5878,0.6268,0.6294,0.0390,0.0256,0.2236,0.1725,3.068,5.437
10738,0.2615,0.4993,0.5384,0.5748,0.0390,-0.0023,0.2234,0.1305,4.929,3.845
1255,0.1605,0.5805,0.6195,0.6013,0.0390,0.0983,0.2077,0.0813,5.598,2.306
8036,0.5715,0.6744,0.7134,0.7017,0.0389,0.0381,0.1216,0.1105,0.518,3.481
5971,0.5059,0.6291,0.6680,0.6329,0.0389,0.0381,0.1558,0.1018,3.162,2.558
1249,0.6234,0.7435,0.7824,0.7370,0.0389,0.0404,0.0623,0.0727,1.507,2.295
17759,0.3945,0.7050,0.7439,0.7451,0.0388,0.0140,0.1833,0.0972,-3.045,3.573
12861,0.2147,0.6274,0.6662,0.6378,0.0388,0.0368,0.2118,0.1831,-0.246,4.995
16379,0.5467,0.5744,0.6132,0.5925,0.0388,0.0174,0.1592,0.1422,-1.634,4.356
11329,0.5282,0.6740,0.7128,0.7025,0.0388,0.0302,0.2006,0.1071,-3.678,2.910
3062,0.5144,0.6952,0.7340,0.7447,0.0388,0.0385,0.1987,0.1958,0.022,6.261
5099,0.5218,0.5568,0.5956,0.6214,0.0388,0.0175,0.2522,0.1635,3.064,4.629
3324,-0.0263,0.4922,0.5310,0.4922,0.0388,0.0452,0.3690,0.3538,0.065,7.681
14999,0.2394,0.6202,0.6589,0.6331,0.0388,0.0311,0.2423,0.1901,-2.292,5.265
14588,0.3834,0.6137,0.6525,0.6279,0.0388,0.0277,0.2609,0.2043,-2.266,4.933
1596,0.4062,0.6434,0.6822,0.6279,0.0388,0.0093,0.1947,0.1120,4.370,3.392
10099,0.3433,0.5155,0.5543,0.5039,0.0388,-0.0496,0.2325,0.2171,1.001,5.909
22036,0.3855,0.5801,0.6189,0.5775,0.0388,0.0276,0.1909,0.1768,1.725,5.066
11583,0.0726,0.5527,0.5915,0.5607,0.0387,0.1075,0.3328,0.1963,-4.191,4.974
1036,0.2239,0.5587,0.5974,0.5897,0.0387,0.0035,0.1254,0.1339,0.714,3.255
12166,0.5419,0.7316,0.7703,0.7445,0.0387,0.0300,0.2429,0.2053,0.333,6.245
17561,0.2958,0.6206,0.6594,0.6077,0.0387,-0.0117,0.1176,0.1053,1.404,3.518
24839,0.2933,0.6697,0.7084,0.6052,0.0387,0.0843,0.1078,0.0918,1.841,2.877
23693,0.3359,0.5755,0.6142,0.6090,0.0387,0.0439,0.1243,0.1139,2.098,3.531
5772,0.5774,0.7252,0.7639,0.7445,0.0387,0.0012,0.1250,0.1186,-0.739,3.889
20846,0.2446,0.5561,0.5948,0.5226,0.0387,0.0047,0.2484,0.1339,5.662,3.003
3574,0.4599,0.6379,0.6765,0.6559,0.0387,0.0023,0.1581,0.1125,-2.412,3.041
1302,0.3001,0.5284,0.5670,0.5387,0.0387,0.0415,0.1202,0.1132,-0.061,4.159
4801,0.3951,0.6229,0.6615,0.6358,0.0386,0.0287,0.1532,0.1157,2.316,3.901
17820,0.1764,0.5174,0.5560,0.5946,0.0386,0.0485,0.2148,0.2035,2.390,4.978
16328,0.3096,0.5997,0.6384,0.5997,0.0386,0.0463,0.1550,0.1574,-1.023,4.341
21312,0.4095,0.6667,0.7053,0.6615,0.0386,0.0242,0.1014,0.0845,1.632,3.088
21983,0.2177,0.5315,0.5701,0.4813,0.0386,0.0254,0.1806,0.1719,1.274,4.334
3759,0.4278,0.5547,0.5933,0.5869,0.0386,-0.0137,0.1618,0.1456,-0.481,5.275
3294,0.4591,0.5882,0.6268,0.5624,0.0386,0.0023,0.2191,0.1704,2.460,5.682
13844,0.4212,0.5766,0.6152,0.6242,0.0386,0.0358,0.0838,0.0750,0.311,2.770
16785,0.5861,0.7079,0.7465,0.7207,0.0386,-0.0207,0.2001,0.1599,1.570,5.029
6077,0.4654,0.6602,0.6988,0.6976,0.0386,0.0069,0.1625,0.1391,0.985,4.416
13963,0.5068,0.6409,0.6795,0.6718,0.0386,-0.0081,0.1605,0.1463,0.779,4.120
1507,0.2012,0.5817,0.6203,0.5894,0.0386,0.0299,0.2728,0.2583,-0.203,6.299
9874,0.5892,0.6409,0.6795,0.6564,0.0386,0.0392,0.1105,0.0944,-0.259,4.372
19251,0.3562,0.6525,0.6911,0.6448,0.0386,0.0392,0.1567,0.1454,1.700,3.840
12781,0.6837,0.7645,0.8031,0.8044,0.0386,0.0518,0.1180,0.0986,1.148,3.664
1682,0.1024,0.5479,0.5864,0.5824,0.0386,0.0318,0.1639,0.1330,2.514,3.711
10455,0.3043,0.5848,0.6234,0.5360,0.0386,0.0633,0.2050,0.1715,2.999,4.638
13915,0.5523,0.6504,0.6889,0.6761,0.0386,0.0276,0.1001,0.0967,1.659,3.233
9171,0.3943,0.6170,0.6555,0.6028,0.0386,0.0440,0.2144,0.1751,-1.247,4.107
13839,0.3824,0.5913,0.6298,0.6260,0.0386,0.0518,0.1927,0.1425,2.292,4.678
3580,0.4568,0.6465,0.6851,0.6594,0.0386,-0.0173,0.1578,0.1378,-0.317,3.944
712,0.3504,0.6298,0.6684,0.6144,0.0386,0.0139,0.2045,0.1712,-1.714,4.535
23022,0.1613,0.5527,0.5913,0.5141,0.0386,0.0161,0.1918,0.1777,2.200,4.607
17548,0.2981,0.5990,0.6375,0.5668,0.0386,0.0403,0.2770,0.2441,2.351,5.289
21085,0.1685,0.5720,0.6105,0.5488,0.0386,0.0035,0.3487,0.3294,0.597,6.643
17576,0.4875,0.7264,0.7649,0.7596,0.0385,0.0253,0.1510,0.1610,-0.653,4.718
328,0.3985,0.6611,0.6996,0.6393,0.0385,0.0231,0.2272,0.2057,1.472,5.483
1534,0.4694,0.6932,0.7317,0.6970,0.0385,0.0530,0.1743,0.1203,2.196,5.335
13028,0.4849,0.7047,0.7433,0.7125,0.0385,0.0288,0.1921,0.1679,0.156,5.150
6298,0.3045,0.6098,0.6483,0.6547,0.0385,0.0599,0.2154,0.1899,1.746,4.895
8409,0.2800,0.6367,0.6752,0.6072,0.0385,-0.0439,0.1371,0.1276,1.787,3.999
5791,0.2765,0.6816,0.7202,0.5815,0.0385,0.0393,0.2300,0.1904,-1.893,4.562
4282,0.5164,0.6534,0.6919,0.6598,0.0385,-0.0230,0.1989,0.1814,0.489,4.582
9042,0.4228,0.7445,0.7831,0.7202,0.0385,0.0046,0.1164,0.0952,-0.316,3.116
22624,0.1373,0.5866,0.6252,0.5969,0.0385,0.1004,0.2344,0.2094,2.396,6.090
4876,0.4525,0.5756,0.6141,0.5910,0.0385,0.0276,0.1505,0.1126,-0.961,3.663
3387,0.4520,0.6692,0.7077,0.7218,0.0385,0.0359,0.1614,0.1596,-0.502,4.865
7074,0.5651,0.6635,0.7019,0.6250,0.0385,0.0119,0.2983,0.1312,5.435,4.736
17161,0.3920,0.6308,0.6692,0.6244,0.0385,0.0334,0.1687,0.1543,0.629,5.318
20683,0.4923,0.6160,0.6544,0.6352,0.0384,0.0026,0.1564,0.1317,2.644,4.080
21784,0.4911,0.5919,0.6299,0.5577,0.0381,0.0211,0.3191,0.1904,3.771,7.276
18190,0.4850,0.5761,0.6141,0.6332,0.0380,0.0283,0.3320,0.1630,4.863,5.929
16701,0.3961,0.6107,0.6488,0.5740,0.0380,0.0210,0.2319,0.1672,3.563,5.312
13927,0.1514,0.6043,0.6423,0.5068,0.0379,0.0412,0.3591,0.0395,8.291,0.891
5732,0.3024,0.6571,0.6949,0.6402,0.0378,0.0561,0.3182,0.2535,2.744,7.241
21431,0.4065,0.5677,0.6055,0.6185,0.0378,0.0126,0.2355,0.1606,3.565,5.513
3765,0.3170,0.6372,0.6749,0.5826,0.0377,-0.0362,0.2736,0.2012,2.783,6.037
7262,0.4426,0.7061,0.7438,0.6762,0.0377,0.0418,0.1112,0.0698,3.460,2.862
5486,0.5443,0.7074,0.7451,0.7061,0.0377,0.0418,0.0697,0.0846,0.697,1.989
20511,0.3061,0.6143,0.6519,0.5883,0.0377,0.0244,0.1491,0.1114,2.952,3.538
21585,0.5124,0.6978,0.7354,0.6615,0.0376,0.0461,0.2614,0.2321,-2.369,5.621
22622,0.6351,0.7147,0.7523,0.7549,0.0376,-0.0255,0.2213,0.0976,4.419,4.351
7819,0.5049,0.6321,0.6697,0.6269,0.0376,0.0440,0.2547,0.2237,1.148,6.352
9799,0.6436,0.7759,0.8135,0.7746,0.0376,0.0069,0.2905,0.2150,-2.176,6.811
15692,0.3544,0.6801,0.7176,0.5907,0.0376,0.0590,0.3034,0.2060,-2.778,5.484
11722,0.3468,0.5712,0.6088,0.5959,0.0376,0.0336,0.2830,0.1888,4.717,5.751
19537,0.4196,0.6282,0.6658,0.6503,0.0376,0.0254,0.1946,0.1907,-0.152,4.568
729,0.3733,0.7063,0.7439,0.7050,0.0375,0.0430,0.2600,0.2552,-2.451,5.993
8601,0.4927,0.6326,0.6701,0.6145,0.0375,0.0244,0.3102,0.2824,0.007,7.250
6751,0.3632,0.6585,0.6960,0.6093,0.0375,0.0466,0.3356,0.3012,-1.515,7.629
12217,0.4716,0.5810,0.6185,0.5890,0.0375,0.0331,0.3498,0.0636,7.089,3.848
591,0.4566,0.5698,0.6072,0.5491,0.0375,0.0428,0.1598,0.1595,-0.037,4.819
17262,0.4981,0.7016,0.7390,0.7222,0.0375,0.0472,0.1326,0.1191,0.921,4.036
5025,0.5082,0.6860,0.7235,0.6693,0.0375,0.0582,0.1613,0.1432,0.534,4.629
18811,0.6853,0.7003,0.7377,0.6731,0.0375,0.0000,0.0940,0.0923,-0.125,3.789
12375,0.4662,0.6641,0.7016,0.6421,0.0375,0.0450,0.1307,0.0804,3.053,3.088
23033,0.4956,0.6848,0.7222,0.6641,0.0375,0.0359,0.1555,0.1428,0.001,4.358
2166,0.3606,0.6680,0.7054,0.6331,0.0375,0.0565,0.2451,0.1262,4.813,4.477
11888,0.4746,0.6718,0.7093,0.6770,0.0375,0.0291,0.1866,0.1591,1.047,4.845
16438,0.5473,0.6680,0.7054,0.6525,0.0375,0.0647,0.2223,0.1264,-2.915,3.887
17545,-0.0667,0.5439,0.5814,0.5685,0.0375,0.0604,0.2709,0.1970,-2.863,4.817
17227,0.5162,0.6848,0.7222,0.6589,0.0375,0.0736,0.2198,0.1661,-2.075,5.023
8047,0.5122,0.6318,0.6693,0.6654,0.0375,-0.0150,0.1160,0.0856,2.054,2.520
8699,0.3106,0.6008,0.6382,0.6072,0.0375,0.0173,0.1704,0.1594,-0.392,5.168
18034,0.4186,0.5930,0.6305,0.6059,0.0375,-0.0103,0.1648,0.1344,3.041,4.124
3818,0.2624,0.5819,0.6194,0.5394,0.0374,0.0115,0.2616,0.1121,4.460,3.703
12922,0.3369,0.5819,0.6194,0.5935,0.0374,-0.0221,0.1105,0.0991,0.111,2.705
13260,0.2873,0.5665,0.6039,0.5432,0.0374,0.0046,0.2067,0.1322,-2.252,3.361
21595,0.1740,0.5729,0.6103,0.6026,0.0374,0.0519,0.2999,0.1629,-3.678,4.505
18691,0.5258,0.6026,0.6400,0.6323,0.0374,0.0488,0.0994,0.1043,1.400,2.423
6614,0.2857,0.6366,0.6740,0.6727,0.0374,0.1084,0.1339,0.1145,-1.645,3.857
18466,0.3824,0.6070,0.6443,0.6108,0.0374,0.0914,0.2564,0.2115,3.191,5.105
10605,0.4552,0.6572,0.6946,0.6649,0.0374,0.0092,0.1834,0.1670,0.286,4.358
23780,0.6019,0.7191,0.7564,0.7255,0.0374,0.0104,0.2472,0.1809,-3.118,5.009
11195,0.2704,0.5619,0.5992,0.5799,0.0374,0.0497,0.2360,0.1560,3.461,5.183
8363,0.4126,0.6456,0.6830,0.6804,0.0374,0.0462,0.1770,0.1511,-2.044,4.428
360,0.5712,0.7126,0.7500,0.7268,0.0374,0.0324,0.0907,0.0699,-0.415,3.275
9953,0.3683,0.6134,0.6508,0.7036,0.0374,0.0046,0.2100,0.1883,-0.001,5.211
1769,0.5039,0.6641,0.7014,0.6345,0.0373,0.0093,0.2239,0.1188,4.090,3.883
1174,0.0325,0.5199,0.5573,0.5225,0.0373,0.0335,0.2508,0.2549,-0.205,6.327
18781,0.4599,0.6384,0.6757,0.6448,0.0373,0.0404,0.2104,0.1627,2.394,5.207
8217,0.3735,0.6409,0.6782,0.5586,0.0373,-0.0335,0.2087,0.1585,3.179,4.610
15649,0.4690,0.6474,0.6847,0.5997,0.0373,-0.0092,0.1529,0.1468,0.479,3.400
17726,0.4180,0.6628,0.7001,0.6551,0.0373,0.0070,0.2228,0.1273,-4.366,3.650
15136,0.2870,0.5212,0.5586,0.4955,0.0373,0.0139,0.2869,0.2792,1.364,5.735
24363,0.1550,0.6049,0.6422,0.6126,0.0373,-0.0001,0.2385,0.2215,2.955,5.523
9733,0.5595,0.6577,0.6950,0.6988,0.0373,0.0288,0.2408,0.1458,-2.525,4.743
3635,0.2931,0.6718,0.7091,0.6384,0.0373,0.0795,0.1469,0.1324,0.745,4.536
2179,0.5181,0.7027,0.7400,0.6448,0.0373,-0.0012,0.1381,0.0931,-1.565,2.491
10957,0.4017,0.5959,0.6332,0.5985,0.0373,0.0300,0.1746,0.1530,0.513,5.142
15055,0.5299,0.6589,0.6963,0.6203,0.0373,-0.0232,0.2439,0.2074,1.440,6.324
20082,0.2660,0.5393,0.5766,0.4955,0.0373,0.0336,0.2486,0.1566,3.465,4.334
10970,0.3476,0.6873,0.7246,0.6358,0.0373,0.0475,0.1631,0.1557,1.570,4.555
891,0.5906,0.7439,0.7812,0.7825,0.0373,0.0578,0.2454,0.1942,-1.141,5.751
19572,0.1829,0.6093,0.6465,0.6568,0.0373,0.0092,0.1953,0.1787,1.882,5.543
15280,0.5226,0.6838,0.7211,0.6517,0.0373,-0.0069,0.1546,0.1452,0.522,4.932
23753,0.1295,0.6195,0.6568,0.6144,0.0373,0.0473,0.1878,0.1857,0.564,4.889
15441,0.4848,0.6825,0.7198,0.6710,0.0373,0.0116,0.1375,0.0654,-1.803,2.132
5364,0.4665,0.7326,0.7699,0.7391,0.0373,0.0958,0.2109,0.1792,-1.419,5.331
24062,0.2865,0.5398,0.5771,0.5771,0.0373,0.0150,0.2851,0.2507,-1.556,6.423
5734,0.4022,0.5206,0.5578,0.5386,0.0373,0.0219,0.1327,0.1157,2.157,3.373
6966,0.5317,0.6727,0.7099,0.6739,0.0372,0.0092,0.1282,0.1255,-0.801,2.992
17458,0.5868,0.6868,0.7240,0.7484,0.0372,-0.0302,0.1607,0.1419,0.770,4.865
8486,0.2821,0.6290,0.6662,0.6046,0.0372,-0.0161,0.1603,0.1265,-0.594,4.220
12317,0.4026,0.5802,0.6175,0.5982,0.0372,0.0254,0.2192,0.2114,0.732,6.157
2735,0.3791,0.5777,0.6149,0.6316,0.0372,0.0647,0.2226,0.2246,-0.638,6.024
4146,0.1645,0.5392,0.5764,0.5551,0.0372,-0.0386,0.1745,0.1590,2.248,4.045
20639,0.3739,0.5769,0.6141,0.5859,0.0372,0.0218,0.2016,0.1782,2.047,4.525
15303,0.4449,0.7139,0.7510,0.6891,0.0371,0.0336,0.2165,0.1961,-0.922,5.625
12483,0.3544,0.6048,0.6419,0.6101,0.0371,0.0470,0.3516,0.1056,5.944,5.424
1665,0.3084,0.6790,0.7160,0.6735,0.0370,0.0897,0.2420,0.2058,-0.369,5.403
19423,0.3358,0.4213,0.4580,0.4226,0.0367,0.0220,0.2657,0.0714,5.282,4.124
11021,0.4805,0.6982,0.7349,0.7034,0.0367,0.0046,0.2216,0.1725,1.854,5.897
20740,0.4919,0.6927,0.7292,0.6914,0.0365,0.0153,0.3376,0.1921,-5.369,5.132
17235,0.5365,0.6437,0.6801,0.6398,0.0364,-0.0232,0.2849,0.1752,3.720,5.289
20189,0.2459,0.4104,0.4468,0.4377,0.0364,0.0362,0.2742,0.1194,4.301,5.309
20406,0.3318,0.6429,0.6792,0.6545,0.0364,0.0035,0.2214,0.1524,3.125,4.336
10563,0.1885,0.6135,0.6498,0.6057,0.0363,0.0545,0.1465,0.1452,0.941,3.834
23193,0.4312,0.6433,0.6796,0.6770,0.0363,0.0139,0.2191,0.1797,2.168,4.965
23216,0.1372,0.5058,0.5422,0.4825,0.0363,0.0389,0.1831,0.0541,-2.364,1.764
23067,0.4181,0.5246,0.5609,0.5259,0.0363,-0.0091,0.0953,0.0830,-0.097,3.204
9999,0.3239,0.5298,0.5661,0.5337,0.0363,0.0394,0.1631,0.0769,3.487,2.326
15579,0.2800,0.6218,0.6580,0.6153,0.0363,-0.0369,0.1680,0.0963,-1.788,2.901
19760,0.2443,0.5744,0.6106,0.6106,0.0362,0.1014,0.1751,0.1391,2.952,3.923
22302,0.3979,0.6210,0.6572,0.5757,0.0362,-0.0035,0.1784,0.1194,3.865,4.021
6851,0.5253,0.7050,0.7413,0.7102,0.0362,-0.0035,0.1582,0.1060,-1.418,3.082
11644,0.3513,0.5162,0.5524,0.5304,0.0362,0.0306,0.1299,0.1239,0.509,3.546
15695,0.6014,0.6843,0.7206,0.6818,0.0362,-0.0000,0.1638,0.1018,-1.834,3.199
12158,0.2865,0.5873,0.6235,0.5886,0.0362,0.0465,0.2588,0.0628,5.414,2.934
11973,0.1863,0.5356,0.5718,0.5640,0.0362,0.0104,0.2034,0.1407,-2.443,4.081
6608,0.3475,0.7003,0.7364,0.7235,0.0362,0.0404,0.1988,0.2161,-1.163,5.483
140,0.2916,0.6563,0.6925,0.6667,0.0362,0.0000,0.1527,0.1451,-0.178,5.698
22209,0.2295,0.5672,0.6034,0.5969,0.0362,0.0464,0.2971,0.1603,-4.870,3.940
5471,0.4115,0.5987,0.6348,0.6826,0.0361,0.0558,0.2586,0.1105,5.403,3.947
12784,0.1511,0.5471,0.5832,0.6000,0.0361,0.0816,0.2413,0.1127,4.969,3.999
9092,0.4388,0.5471,0.5832,0.5368,0.0361,0.0082,0.1270,0.1097,-1.231,3.360
21405,0.1618,0.5729,0.6090,0.5613,0.0361,0.0058,0.2644,0.1582,-4.799,4.430
23807,0.3876,0.6452,0.6813,0.6981,0.0361,-0.0046,0.1034,0.0971,0.129,3.333
6784,0.1734,0.6232,0.6594,0.5677,0.0361,0.0497,0.1227,0.1056,0.765,3.731
2996,0.4340,0.6379,0.6740,0.6276,0.0361,0.1134,0.2075,0.1762,-2.090,5.067
11779,0.1499,0.6095,0.6456,0.6031,0.0361,0.1054,0.3272,0.2649,-1.857,5.762
18345,0.6425,0.7229,0.7590,0.7410,0.0361,-0.0451,0.1764,0.1051,3.292,3.497
23276,0.3728,0.6765,0.7126,0.6688,0.0361,0.0371,0.1629,0.1132,-2.382,2.502
1538,0.1671,0.5696,0.6057,0.5412,0.0361,0.0254,0.1961,0.1604,3.717,4.500
62,0.4414,0.6482,0.6843,0.6662,0.0361,0.0381,0.1436,0.1349,0.480,4.255
19839,0.3498,0.6521,0.6881,0.6366,0.0361,0.0242,0.3399,0.1030,-5.629,3.160
12416,0.3612,0.6469,0.6830,0.6353,0.0361,0.0081,0.0776,0.0888,1.374,1.602
13335,0.2991,0.5374,0.5735,0.5374,0.0361,-0.0185,0.1474,0.1455,2.059,3.695
17399,0.2084,0.5676,0.6036,0.5933,0.0360,0.0278,0.1564,0.1233,3.091,4.061
16963,0.6620,0.6873,0.7233,0.7220,0.0360,0.0012,0.1154,0.0844,1.462,3.385
19956,0.4695,0.6911,0.7272,0.7117,0.0360,0.0081,0.1867,0.1077,-2.521,3.165
3947,0.6829,0.6692,0.7053,0.6268,0.0360,0.0370,0.1714,0.1651,-0.997,5.952
10660,0.2601,0.5238,0.5598,0.5495,0.0360,0.0788,0.2580,0.1315,5.546,3.670
3467,0.0506,0.4299,0.4659,0.4299,0.0360,0.0729,0.2342,0.1747,5.424,3.423
4190,0.4354,0.5804,0.6165,0.5907,0.0360,0.0358,0.2489,0.2123,-2.624,4.742
15574,0.2161,0.6396,0.6757,0.6448,0.0360,0.0797,0.2973,0.2638,-3.425,6.822
11944,0.2359,0.6190,0.6551,0.6100,0.0360,-0.0012,0.2336,0.1444,4.191,4.093
20350,0.5061,0.6937,0.7297,0.6911,0.0360,-0.0312,0.2613,0.2214,-2.276,6.036
15025,0.4077,0.6770,0.7130,0.6229,0.0360,0.0093,0.1573,0.1306,1.992,3.458
17882,0.5369,0.7233,0.7593,0.7349,0.0360,0.0149,0.2047,0.1685,2.056,5.709
6847,0.5029,0.7053,0.7413,0.7040,0.0360,0.0588,0.1252,0.1136,0.524,3.807
3710,0.3468,0.5933,0.6293,0.6113,0.0360,0.0023,0.2203,0.1808,2.317,5.816
6489,0.5389,0.7349,0.7709,0.7027,0.0360,-0.0346,0.1220,0.1020,0.656,3.581
16516,0.4743,0.6761,0.7121,0.6478,0.0360,0.0012,0.2302,0.1786,2.472,4.916
18382,0.2562,0.5476,0.5835,0.5681,0.0360,-0.0000,0.1974,0.2020,2.465,4.593
10742,0.2083,0.6607,0.6967,0.7044,0.0360,0.1083,0.2344,0.1504,-1.389,4.502
4603,0.4166,0.6774,0.7134,0.7416,0.0360,-0.0174,0.2312,0.2131,-1.935,5.309
8905,0.2061,0.5591,0.5951,0.5257,0.0360,0.0358,0.1930,0.1357,4.344,3.280
19493,0.3868,0.5874,0.6234,0.6105,0.0360,0.0221,0.2074,0.1156,4.275,3.080
8407,0.4229,0.6208,0.6568,0.6645,0.0360,0.0104,0.2349,0.2086,-2.491,4.612
8491,0.3197,0.6812,0.7172,0.6710,0.0360,0.0566,0.1684,0.1294,-1.718,4.362
14382,0.5294,0.6915,0.7275,0.6812,0.0360,0.0520,0.1839,0.1419,-2.450,4.921
15531,0.4521,0.6324,0.6684,0.6465,0.0360,0.0866,0.1994,0.1701,0.555,4.546
1886,0.3738,0.5861,0.6221,0.6170,0.0360,0.0138,0.1504,0.1454,1.118,3.586
16966,0.4737,0.6277,0.6637,0.6341,0.0359,0.0403,0.2557,0.2325,-1.221,5.923
5398,0.5280,0.5982,0.6341,0.6162,0.0359,0.0000,0.1944,0.2007,-1.563,5.324
16504,0.2503,0.6187,0.6547,0.6239,0.0359,0.0416,0.2218,0.1718,-1.561,3.691
21881,0.6106,0.6919,0.7279,0.7150,0.0359,0.0657,0.2507,0.1317,-4.416,3.036
4944,0.3948,0.6046,0.6406,0.6457,0.0359,0.0289,0.2373,0.2219,-2.518,5.513
392,0.5026,0.6679,0.7038,0.6487,0.0359,0.0092,0.1792,0.1332,2.904,4.468
19910,0.3168,0.6372,0.6731,0.6564,0.0359,0.0601,0.1725,0.1400,0.007,3.858
7556,0.5163,0.6821,0.7179,0.6923,0.0359,0.0231,0.1471,0.1180,3.201,4.470
7876,0.3398,0.6141,0.6500,0.6192,0.0359,-0.0196,0.1666,0.1617,0.556,5.549
4152,0.5350,0.6373,0.6728,0.6321,0.0355,-0.0098,0.1266,0.1233,1.579,3.481
5324,0.2034,0.6920,0.7274,0.6592,0.0354,0.1605,0.1284,0.1002,1.566,4.670
5739,0.4448,0.7428,0.7781,0.7742,0.0352,-0.0220,0.1879,0.1032,3.936,3.653
22532,0.1699,0.7193,0.7546,0.7350,0.0352,0.1281,0.4045,0.1177,-5.958,4.354
6137,0.5003,0.6662,0.7014,0.7053,0.0352,0.0598,0.1386,0.0485,2.766,2.696
5236,0.2015,0.5820,0.6172,0.6107,0.0352,-0.0058,0.1118,0.1119,1.382,3.851
23421,0.5087,0.6602,0.6952,0.7484,0.0350,-0.0116,0.2848,0.1640,4.084,4.693
6306,0.3707,0.6516,0.6865,0.6490,0.0350,0.0570,0.0618,0.0598,0.337,2.342
8665,0.3899,0.6425,0.6775,0.6619,0.0350,0.0359,0.3016,0.2442,-2.094,5.582
10104,0.2518,0.5938,0.6287,0.5718,0.0349,0.0046,0.2461,0.2132,-1.177,5.571
11381,0.2763,0.5524,0.5873,0.5317,0.0349,0.0290,0.1018,0.1106,1.805,3.038
5818,0.1267,0.4664,0.5013,0.5304,0.0349,0.0836,0.3478,0.2896,3.780,6.402
8112,0.3185,0.6047,0.6395,0.5995,0.0349,0.0382,0.1356,0.0878,2.993,3.006
5776,0.6525,0.7235,0.7584,0.7442,0.0349,0.0174,0.1048,0.0716,-1.968,3.226
8881,0.2834,0.5711,0.6059,0.5879,0.0349,0.0127,0.1800,0.1786,1.607,3.868
14106,0.5521,0.6774,0.7123,0.7161,0.0348,0.0242,0.1550,0.1258,-1.392,3.440
17402,0.4562,0.6387,0.6735,0.6658,0.0348,-0.0011,0.2453,0.1873,-2.837,5.246
1222,0.4727,0.6684,0.7032,0.6465,0.0348,0.0322,0.2476,0.2376,0.068,6.000
15337,0.3293,0.5600,0.5948,0.5445,0.0348,-0.0230,0.1965,0.1932,0.338,5.465
7996,0.1133,0.5768,0.6116,0.6077,0.0348,0.0535,0.3700,0.1768,-5.339,4.564
21733,0.4150,0.5923,0.6271,0.5845,0.0348,0.0242,0.0935,0.0883,2.132,2.234
3444,0.3543,0.5948,0.6297,0.6232,0.0348,0.0139,0.1885,0.1079,3.527,3.262
9553,0.1445,0.5760,0.6108,0.5503,0.0348,-0.0093,0.1260,0.1208,0.710,4.098
14052,0.4419,0.7023,0.7371,0.7371,0.0348,0.0267,0.2145,0.1672,1.817,5.229
11297,0.4266,0.5992,0.6340,0.5838,0.0348,0.0080,0.1168,0.0993,1.278,3.621
20169,0.5390,0.7191,0.7539,0.7345,0.0348,0.0046,0.2089,0.1806,1.304,4.309
22822,0.5189,0.6237,0.6585,0.6314,0.0348,0.0069,0.0972,0.0923,0.523,2.608
20514,0.2312,0.6134,0.6482,0.5760,0.0348,0.0578,0.3291,0.3143,-0.625,6.889
12496,0.4623,0.6753,0.7101,0.6649,0.0348,0.0438,0.1952,0.1456,3.350,4.192
17008,0.2574,0.5103,0.5451,0.5103,0.0348,0.0790,0.0948,0.0947,1.811,2.947
6253,0.3284,0.6881,0.7229,0.7139,0.0348,0.0704,0.2369,0.2070,-0.551,5.860
17832,0.6024,0.6366,0.6714,0.6546,0.0348,0.0301,0.1236,0.1229,1.122,4.474
23384,0.4641,0.6178,0.6525,0.6281,0.0347,0.0475,0.1983,0.1725,2.844,4.657
11903,0.3946,0.6512,0.6860,0.6667,0.0347,0.0476,0.2680,0.2564,-1.138,6.529
9573,0.6181,0.7336,0.7683,0.7516,0.0347,0.0069,0.1423,0.1205,-0.446,4.457
3041,0.4384,0.7053,0.7400,0.6525,0.0347,0.0683,0.1105,0.1090,1.464,2.815
3154,0.7208,0.7671,0.8018,0.7773,0.0347,-0.0000,0.1454,0.1435,-0.470,5.832
15669,0.0993,0.5598,0.5946,0.5985,0.0347,0.0011,0.1596,0.1462,1.671,3.327
10164,0.3869,0.6950,0.7297,0.6873,0.0347,0.0000,0.1594,0.1243,1.714,3.737
12728,0.3286,0.5946,0.6293,0.6268,0.0347,0.1012,0.2144,0.1955,-0.818,5.784
14870,0.5735,0.6654,0.7001,0.6885,0.0347,0.0449,0.1736,0.1620,-0.680,4.966
14963,0.4057,0.6144,0.6491,0.6491,0.0347,0.0338,0.2055,0.1563,-2.975,4.689
17338,0.5685,0.6607,0.6954,0.6992,0.0347,-0.0127,0.1634,0.1396,-3.516,3.470
5036,0.0869,0.5116,0.5463,0.5668,0.0347,0.0381,0.2108,0.2063,1.194,5.408
10445,0.6153,0.7442,0.7789,0.7789,0.0347,0.0069,0.1560,0.1235,0.506,3.879
8783,0.2056,0.5810,0.6157,0.5527,0.0347,0.0276,0.2148,0.2055,-0.487,5.661
2006,0.6276,0.6992,0.7339,0.7069,0.0347,0.0103,0.1800,0.1407,2.027,4.492
14531,0.5000,0.6118,0.6465,0.6131,0.0347,-0.0254,0.0786,0.0823,0.834,1.841
2183,0.4471,0.6517,0.6864,0.6941,0.0347,-0.0495,0.1725,0.1569,-0.241,4.493
3915,0.4158,0.6285,0.6632,0.6555,0.0347,0.0173,0.2568,0.2046,-1.658,4.968
1525,0.6121,0.6761,0.7108,0.6568,0.0347,0.0208,0.0856,0.0736,-0.286,2.691
4396,0.3511,0.6028,0.6375,0.6311,0.0347,-0.0127,0.1851,0.1745,1.561,5.392
6212,0.4238,0.5656,0.6003,0.5668,0.0347,0.0070,0.1823,0.1742,-1.714,5.546
16974,0.2910,0.5951,0.6298,0.6337,0.0347,0.0278,0.2368,0.1786,2.671,5.627
1368,0.1698,0.5617,0.5964,0.5585,0.0347,0.0657,0.1884,0.1429,3.940,4.412
6587,0.3550,0.5591,0.5938,0.5668,0.0347,0.0703,0.1815,0.1700,-0.562,4.947
16373,0.3584,0.6120,0.6467,0.6080,0.0347,0.0705,0.3895,0.2441,-5.193,5.494
4963,0.3163,0.6406,0.6752,0.6098,0.0347,0.0495,0.2938,0.1930,-3.074,5.030
5580,0.6396,0.7368,0.7715,0.7792,0.0347,-0.0265,0.1087,0.1001,0.262,3.153
19816,0.1895,0.6290,0.6637,0.6354,0.0347,0.0310,0.2438,0.2223,1.210,4.796
6263,0.2362,0.6008,0.6354,0.5969,0.0347,0.0001,0.2733,0.2258,-1.455,5.712
1673,0.2588,0.6445,0.6791,0.5952,0.0346,-0.0139,0.2373,0.2038,4.659,3.450
14813,0.5018,0.6705,0.7051,0.6987,0.0346,0.0346,0.1390,0.1290,-0.027,4.353
22319,0.3865,0.4774,0.5120,0.4960,0.0346,0.0093,0.2982,0.1402,6.327,5.103
22181,0.5195,0.4874,0.5219,0.5418,0.0345,0.0106,0.3809,0.3409,0.682,8.724
11120,0.4442,0.7005,0.7348,0.6821,0.0343,0.0534,0.3517,0.1527,-6.550,4.942
17643,0.3427,0.6509,0.6851,0.6746,0.0343,0.1256,0.3683,0.2932,3.102,7.749
18421,0.5732,0.7151,0.7493,0.7507,0.0342,0.0560,0.1354,0.1056,-0.627,4.076
22071,0.4684,0.7030,0.7372,0.7530,0.0342,0.0550,0.2858,0.2368,1.536,6.611
22311,0.3242,0.5373,0.5712,0.5477,0.0340,0.0139,0.1552,0.1541,1.189,4.911
24486,0.5312,0.6423,0.6762,0.6736,0.0339,-0.0082,0.2367,0.1937,2.744,6.457
18780,0.4868,0.5614,0.5953,0.6149,0.0339,0.0221,0.2597,0.1839,2.139,6.680
22613,0.3983,0.5522,0.5862,0.5679,0.0339,0.0186,0.1984,0.2006,1.271,5.946
11971,-0.0748,0.5802,0.6141,0.5971,0.0339,0.0441,0.2258,0.1601,-0.668,3.835
15941,0.4237,0.6107,0.6445,0.6042,0.0339,0.0116,0.1626,0.1027,-2.308,3.349
136,0.2972,0.4681,0.5020,0.4915,0.0338,0.0293,0.3688,0.3271,1.706,7.895
3376,0.4678,0.6242,0.6580,0.6294,0.0338,0.0314,0.2963,0.1076,5.863,5.078
5490,0.0583,0.4195,0.4532,0.4325,0.0338,0.0737,0.1294,0.1284,-0.179,1.790
2942,0.4541,0.7247,0.7584,0.7221,0.0338,0.0371,0.2611,0.1219,-4.007,3.725
6478,0.1863,0.4961,0.5299,0.4909,0.0338,0.0337,0.3774,0.3274,-2.162,6.963
20577,0.3176,0.6403,0.6740,0.5597,0.0338,0.0093,0.0652,0.0714,1.626,1.735
10037,0.4601,0.6485,0.6822,0.6148,0.0337,-0.0267,0.1863,0.1249,2.204,4.380
8416,0.2144,0.4397,0.4734,0.4501,0.0337,-0.0992,0.1733,0.1730,0.623,5.434
14799,0.3341,0.6329,0.6667,0.6563,0.0337,0.0382,0.2724,0.2333,-1.220,5.571
22021,0.3660,0.5829,0.6166,0.6347,0.0337,0.0256,0.1017,0.0835,2.557,2.986
7916,0.3608,0.6567,0.6904,0.6425,0.0337,0.0196,0.1207,0.1100,-0.968,3.546
21044,0.5259,0.6567,0.6904,0.6477,0.0337,0.0497,0.1476,0.1004,2.933,4.335
1007,0.3919,0.6231,0.6567,0.6490,0.0337,-0.0092,0.2919,0.2164,-4.014,5.441
6534,0.3053,0.6865,0.7202,0.7008,0.0337,-0.0047,0.0675,0.0740,0.848,1.481
23777,0.5058,0.6140,0.6477,0.6114,0.0337,0.0288,0.1397,0.1356,0.459,3.457
24059,0.2837,0.5886,0.6223,0.5783,0.0336,-0.0370,0.1038,0.1088,0.640,2.534
10861,0.3265,0.6119,0.6455,0.5938,0.0336,-0.0034,0.2121,0.1796,2.710,5.086
3939,0.2888,0.5827,0.6163,0.6156,0.0336,0.0127,0.1592,0.1144,2.742,3.355
20484,0.2842,0.5271,0.5607,0.5413,0.0336,0.0116,0.1421,0.1358,-0.597,3.966
11789,0.5525,0.7093,0.7429,0.7106,0.0336,0.0104,0.1942,0.1615,3.711,3.999
20112,0.3280,0.5814,0.6150,0.5736,0.0336,-0.0219,0.1985,0.1424,2.135,4.516
15959,0.3613,0.6568,0.6903,0.6206,0.0335,0.0067,0.2656,0.2603,0.987,6.444
16081,0.4478,0.6335,0.6671,0.5845,0.0335,0.0415,0.1240,0.1266,0.834,3.972
3840,0.4999,0.6903,0.7239,0.6955,0.0335,0.0208,0.1906,0.1420,-1.241,3.510
11284,0.6979,0.7135,0.7471,0.7368,0.0335,-0.0207,0.1632,0.1314,1.398,4.606
6350,0.2689,0.5626,0.5961,0.5832,0.0335,0.0196,0.1243,0.1186,0.038,3.510
10934,0.4623,0.6348,0.6684,0.6142,0.0335,0.0544,0.2788,0.2324,2.284,6.904
24893,0.7138,0.8000,0.8335,0.7923,0.0335,0.0104,0.2206,0.1837,0.271,6.475
1126,0.5120,0.6981,0.7316,0.7497,0.0335,0.0703,0.2718,0.1830,-3.258,5.545
15917,0.2292,0.6160,0.6495,0.6572,0.0335,0.0910,0.2907,0.1875,-3.574,4.159
23850,0.5922,0.6881,0.7216,0.6997,0.0335,-0.0464,0.2141,0.1587,-2.201,4.680
24952,0.5164,0.7152,0.7487,0.6662,0.0335,0.0174,0.1282,0.0771,4.182,1.882
7462,0.2580,0.6070,0.6405,0.6314,0.0335,0.0671,0.1721,0.1599,2.611,4.160
21756,0.6391,0.7423,0.7758,0.7642,0.0335,-0.0069,0.2298,0.1764,3.070,5.574
11191,0.4374,0.6340,0.6675,0.6611,0.0335,0.0312,0.1853,0.1770,0.430,4.523
16873,0.2219,0.6224,0.6559,0.5928,0.0335,0.0705,0.1880,0.1768,-0.421,4.863
17320,0.0125,0.5979,0.6314,0.5863,0.0335,0.1496,0.1652,0.1515,0.483,4.231
12325,0.5082,0.6920,0.7255,0.7294,0.0335,0.0441,0.1387,0.1231,0.092,5.474
15383,0.5152,0.6662,0.6997,0.6778,0.0335,0.0393,0.0804,0.0941,0.230,2.899
8740,0.5490,0.6924,0.7259,0.7156,0.0335,-0.0197,0.2412,0.1781,2.849,4.646
5306,0.4994,0.6937,0.7272,0.7014,0.0335,0.0706,0.1738,0.1553,-1.181,3.572
16190,0.4928,0.7130,0.7465,0.7169,0.0335,0.0519,0.2309,0.1224,-2.100,3.608
1604,0.2875,0.6873,0.7207,0.6358,0.0335,0.0359,0.2834,0.1541,-3.153,5.277
8502,0.3019,0.5483,0.5817,0.5792,0.0335,0.0288,0.2762,0.1042,-5.023,3.158
22060,0.5993,0.7181,0.7516,0.7645,0.0335,0.0784,0.1618,0.1150,3.134,3.580
17328,0.2250,0.5676,0.6010,0.5663,0.0335,0.0322,0.1846,0.1724,1.821,5.293
18616,0.1380,0.5714,0.6049,0.5804,0.0335,-0.0116,0.1716,0.1518,-0.116,3.225
23386,0.3304,0.5804,0.6139,0.6486,0.0335,-0.0151,0.1566,0.1347,-0.616,2.934
8552,0.5513,0.6525,0.6860,0.6577,0.0335,0.0222,0.1337,0.0969,-1.591,3.522
23851,0.5313,0.7272,0.7606,0.7336,0.0335,-0.0012,0.1799,0.1319,-1.238,4.340
18958,0.4790,0.6718,0.7053,0.7027,0.0335,0.0335,0.2921,0.2537,-0.151,7.062
1892,0.5431,0.6834,0.7169,0.6821,0.0335,0.0104,0.1728,0.1229,3.074,3.958
21758,0.5143,0.7336,0.7671,0.7452,0.0335,-0.0265,0.1695,0.1379,3.150,4.059
24423,0.4562,0.6285,0.6620,0.6722,0.0334,0.0416,0.1933,0.1242,2.917,5.742
3672,0.5315,0.7134,0.7468,0.7005,0.0334,0.0346,0.1909,0.1660,1.261,4.300
5492,0.6160,0.6799,0.7134,0.6594,0.0334,-0.0172,0.1379,0.1324,-0.673,4.636
10181,0.4028,0.6671,0.7005,0.6452,0.0334,0.0196,0.2127,0.2257,-0.450,5.066
3442,0.5691,0.6093,0.6427,0.6272,0.0334,0.0570,0.1396,0.1269,-0.051,4.680
16983,0.3947,0.6375,0.6710,0.6195,0.0334,0.0185,0.1695,0.1315,-1.494,3.849
16369,0.1580,0.5257,0.5591,0.5797,0.0334,0.0681,0.1804,0.1927,3.691,4.452
22539,0.3373,0.6401,0.6735,0.6697,0.0334,0.0403,0.1945,0.1912,2.145,4.785
15942,0.3001,0.5746,0.6080,0.6054,0.0334,-0.0150,0.1378,0.1194,2.156,3.063
11997,0.4354,0.6838,0.7172,0.7326,0.0334,0.0391,0.2297,0.1895,-1.122,5.361
11786,0.6757,0.7172,0.7506,0.7506,0.0334,0.0487,0.0910,0.0658,1.200,2.764
8026,0.3335,0.5527,0.5861,0.5501,0.0334,0.0541,0.1896,0.1783,1.121,5.475
8083,0.3735,0.5533,0.5866,0.5789,0.0334,0.0150,0.1469,0.1488,0.995,3.759
17114,0.4480,0.6059,0.6393,0.5892,0.0334,-0.0621,0.1600,0.1620,-0.925,5.338
17207,0.1688,0.5135,0.5469,0.5058,0.0334,-0.0011,0.1492,0.1436,0.662,3.668
3577,0.5964,0.6906,0.7240,0.7125,0.0334,0.0104,0.1154,0.1028,0.007,3.534
22525,0.5187,0.7099,0.7433,0.6791,0.0334,0.0139,0.1703,0.1328,-0.964,4.647
15405,0.5248,0.6329,0.6662,0.6418,0.0334,0.0104,0.2281,0.2087,-1.007,6.691
16493,0.5600,0.6816,0.7150,0.7035,0.0334,0.0473,0.1750,0.1583,-0.902,4.678
2465,0.4336,0.6136,0.6470,0.6534,0.0334,0.0369,0.2040,0.1971,1.365,5.297
379,0.4760,0.6431,0.6765,0.6290,0.0334,0.0589,0.2842,0.2500,-1.498,5.887
13677,0.3642,0.5910,0.6244,0.6141,0.0333,0.0208,0.1936,0.1811,-1.451,5.226
23792,0.6959,0.7609,0.7940,0.7835,0.0331,-0.0312,0.1240,0.1040,-0.682,4.067
14518,0.4297,0.6179,0.6509,0.6271,0.0329,0.0447,0.1644,0.1276,-2.013,3.995
20531,0.5106,0.7592,0.7919,0.7932,0.0327,0.0430,0.2533,0.1750,4.013,5.275
13327,0.3629,0.5875,0.6201,0.5875,0.0326,0.0059,0.2594,0.0770,6.505,2.402
16403,0.3577,0.6312,0.6636,0.6143,0.0325,0.0598,0.0964,0.0918,1.591,3.752
6113,0.3960,0.6286,0.6610,0.6455,0.0325,0.0363,0.3136,0.1655,4.703,5.395
20486,0.0557,0.4890,0.5214,0.5149,0.0324,0.0175,0.3448,0.2166,5.962,4.752
18000,0.2032,0.5279,0.5603,0.4825,0.0324,-0.0219,0.3125,0.1686,4.915,5.243
2027,0.3984,0.5499,0.5824,0.5629,0.0324,0.0138,0.2259,0.1556,1.972,4.676
18510,0.2136,0.5855,0.6179,0.5855,0.0324,0.0370,0.2547,0.1950,3.816,4.222
13955,0.4378,0.6269,0.6593,0.6321,0.0324,0.0255,0.1916,0.1190,3.067,3.615
18274,0.5088,0.6714,0.7038,0.6727,0.0323,0.0185,0.1241,0.0877,1.587,4.117
5568,0.1523,0.5226,0.5550,0.5356,0.0323,0.0257,0.1482,0.1203,-1.639,3.265
14271,0.3911,0.6494,0.6818,0.6688,0.0323,0.0542,0.1350,0.1198,0.001,3.418
17554,0.5388,0.6688,0.7012,0.6365,0.0323,0.0569,0.0925,0.0980,0.317,3.250
14169,0.3168,0.5938,0.6261,0.6235,0.0323,0.0641,0.2999,0.2865,-1.111,6.814
4187,0.3653,0.6313,0.6636,0.6636,0.0323,0.0022,0.2157,0.1878,2.246,4.804
1183,0.3737,0.5607,0.5930,0.5413,0.0323,-0.0484,0.1621,0.1579,0.720,4.340
14237,0.5091,0.6848,0.7171,0.6899,0.0323,0.0313,0.1720,0.1437,1.021,4.502
22599,0.3000,0.5388,0.5711,0.5194,0.0323,0.0428,0.2837,0.2589,-1.638,6.235
10666,0.4643,0.6279,0.6602,0.5724,0.0323,0.0163,0.1725,0.0979,3.866,3.947
2974,0.5603,0.7080,0.7403,0.6744,0.0323,-0.0150,0.1224,0.0895,2.287,2.833
819,0.6343,0.7390,0.7713,0.7597,0.0323,0.0092,0.1910,0.1272,2.495,5.323
14762,0.3744,0.6318,0.6641,0.6227,0.0323,0.0000,0.1737,0.1642,0.118,4.180
22805,0.3434,0.5594,0.5917,0.6059,0.0323,0.0164,0.2571,0.2533,-2.225,7.304
23423,0.5021,0.6382,0.6705,0.6202,0.0323,-0.0011,0.2404,0.1825,2.312,5.992
13982,0.2875,0.5665,0.5987,0.6090,0.0323,0.0323,0.2654,0.2596,1.902,5.019
9361,0.3644,0.6477,0.6800,0.6710,0.0323,0.0541,0.1494,0.1351,0.836,4.335
2798,0.3630,0.5961,0.6284,0.6116,0.0323,0.0011,0.2856,0.2326,-2.279,5.189
22108,0.3710,0.5884,0.6206,0.6090,0.0323,0.0012,0.1990,0.1387,-2.823,4.126
21309,0.0330,0.4890,0.5213,0.5265,0.0323,0.0289,0.2719,0.1634,-2.803,3.955
14781,0.7490,0.7845,0.8168,0.7897,0.0323,0.0011,0.1374,0.1021,0.761,4.823
6859,0.5237,0.6606,0.6929,0.6258,0.0323,0.0841,0.1963,0.1708,-0.970,5.460
8456,0.1864,0.6452,0.6774,0.6452,0.0323,0.0579,0.3094,0.2285,-2.018,6.095
23235,0.3511,0.5677,0.6000,0.6077,0.0323,0.0310,0.2491,0.2026,3.236,5.113
8315,0.4412,0.6856,0.7178,0.7178,0.0322,0.0345,0.2393,0.2197,0.380,6.040
6797,0.6185,0.6920,0.7242,0.6740,0.0322,-0.0161,0.1416,0.0901,2.601,3.323
23114,0.3943,0.5193,0.5515,0.5322,0.0322,0.0454,0.2364,0.2300,0.615,7.119
21659,0.5961,0.7242,0.7564,0.7397,0.0322,0.0402,0.0988,0.0962,0.391,3.834
20783,0.1376,0.5232,0.5554,0.5503,0.0322,0.0616,0.2117,0.2182,0.868,5.529
12377,0.5057,0.6353,0.6675,0.6469,0.0322,0.0393,0.2153,0.1870,-1.029,5.592
14405,0.3889,0.6327,0.6649,0.6327,0.0322,-0.0264,0.1780,0.1513,1.408,4.767
19452,0.6157,0.7101,0.7423,0.7307,0.0322,0.0439,0.1888,0.1090,3.298,4.323
9141,0.4039,0.5657,0.5979,0.5541,0.0322,-0.0068,0.1551,0.1432,2.321,4.385
8689,0.4427,0.6211,0.6534,0.6418,0.0322,-0.0116,0.1776,0.1663,1.900,3.335
7506,0.2916,0.6263,0.6585,0.6289,0.0322,0.0161,0.2731,0.2564,1.358,5.731
24146,0.3565,0.6817,0.7139,0.7307,0.0322,-0.0387,0.2044,0.1942,-1.039,5.018
2933,0.5320,0.7246,0.7568,0.7426,0.0322,0.0519,0.1532,0.1394,0.382,4.426
21444,0.1925,0.5753,0.6075,0.5367,0.0322,0.0564,0.2196,0.1975,1.386,5.112
10069,0.1646,0.5714,0.6036,0.6165,0.0322,0.0379,0.2474,0.1552,-3.050,4.096
8698,0.2486,0.5907,0.6229,0.6152,0.0322,0.0405,0.1077,0.1169,1.266,2.510
17816,0.2856,0.6512,0.6834,0.6808,0.0322,-0.0139,0.1607,0.1499,1.172,3.714
9270,0.3214,0.5985,0.6306,0.5959,0.0322,0.0449,0.1909,0.1796,0.859,4.176
17854,0.6788,0.6898,0.7220,0.7387,0.0322,0.0161,0.2564,0.2031,1.997,6.135
12151,0.2893,0.5315,0.5637,0.5560,0.0322,-0.0081,0.1278,0.1087,2.906,3.297
24808,0.4078,0.6401,0.6722,0.6632,0.0321,0.0450,0.2845,0.1545,-3.871,4.291
16147,0.2876,0.5977,0.6298,0.6555,0.0321,-0.0185,0.2869,0.1236,-3.345,3.096
19525,0.5461,0.6645,0.6967,0.6992,0.0321,-0.0138,0.1128,0.1156,0.691,3.089
7368,0.3875,0.6272,0.6594,0.6195,0.0321,0.0784,0.1935,0.1554,-0.298,4.200
716,0.2916,0.5334,0.5656,0.5398,0.0321,0.0337,0.1621,0.1586,0.684,3.816
22621,0.2950,0.5848,0.6170,0.5488,0.0321,0.0487,0.2297,0.1897,-0.816,5.027
1699,0.5104,0.6774,0.7095,0.7018,0.0321,0.0139,0.2554,0.1774,2.897,5.625
2207,0.3554,0.5771,0.6093,0.5964,0.0321,0.0092,0.1494,0.1484,0.600,4.153
9812,0.5204,0.6542,0.6864,0.7275,0.0321,-0.0197,0.1226,0.1216,0.798,3.253
21035,0.6735,0.7738,0.8059,0.7738,0.0321,0.0242,0.1451,0.1113,1.356,4.408
7573,0.5525,0.6555,0.6877,0.6954,0.0321,0.0207,0.2237,0.2190,-0.031,5.725
16437,0.5542,0.6452,0.6774,0.6414,0.0321,0.0462,0.1828,0.1821,-0.778,5.003
1221,0.0397,0.5193,0.5514,0.5103,0.0321,-0.0081,0.3113,0.3561,-3.494,5.856
9685,0.0386,0.4859,0.5180,0.5270,0.0321,0.0115,0.1441,0.1362,0.906,2.989
4287,0.4056,0.5879,0.6200,0.6444,0.0321,0.0230,0.1878,0.1689,1.506,5.377
21334,0.2248,0.6406,0.6727,0.6341,0.0321,0.0763,0.1683,0.1149,-2.065,4.125
16325,0.2736,0.6341,0.6662,0.6406,0.0321,0.0150,0.2004,0.1694,-0.702,4.989
20497,0.5873,0.7073,0.7394,0.7035,0.0321,-0.0081,0.1752,0.1480,1.974,5.908
6274,0.1864,0.5430,0.5751,0.5481,0.0321,-0.0116,0.2089,0.2206,1.249,5.397
5315,0.0363,0.4775,0.5096,0.5019,0.0321,0.0081,0.2572,0.2425,-1.770,5.792
17011,0.1919,0.6380,0.6701,0.6650,0.0321,0.0369,0.1618,0.1491,0.079,3.333
5474,0.2151,0.5956,0.6277,0.5558,0.0321,0.0035,0.2425,0.2010,2.334,5.757
18229,0.3777,0.6679,0.7000,0.6962,0.0321,-0.0380,0.2244,0.2109,1.614,5.275
1676,0.5578,0.6318,0.6636,0.6808,0.0318,0.0058,0.2659,0.1772,4.385,5.366
18935,0.3745,0.6865,0.7183,0.6878,0.0317,0.1672,0.1174,0.0406,-1.539,1.512
6160,0.3029,0.4699,0.5014,0.4534,0.0315,0.0644,0.3619,0.0418,7.920,2.097
2125,0.2419,0.5105,0.5419,0.5144,0.0314,-0.0081,0.0928,0.0898,0.528,2.669
17108,-0.0782,0.4759,0.5071,0.5156,0.0312,0.0216,0.3261,0.1069,-4.527,3.001
19275,0.0639,0.5162,0.5473,0.5175,0.0311,0.0023,0.1076,0.0559,-0.418,1.198
23997,0.1778,0.5188,0.5499,0.5616,0.0311,0.0615,0.3367,0.2678,-3.702,6.276
4136,0.6017,0.7176,0.7487,0.7370,0.0311,0.0586,0.2779,0.1253,-3.344,3.783
14927,0.1772,0.4547,0.4858,0.4845,0.0311,0.0569,0.2565,0.0649,5.396,2.726
15186,0.3629,0.6339,0.6649,0.6171,0.0310,0.0150,0.2346,0.1238,4.957,3.935
19418,0.5655,0.6843,0.7154,0.6895,0.0310,0.0035,0.1959,0.1139,3.532,4.691
3979,0.1103,0.5925,0.6235,0.6235,0.0310,0.1350,0.1910,0.1705,0.455,5.505
18686,0.4482,0.7167,0.7477,0.6947,0.0310,0.0497,0.1901,0.1687,0.447,6.542
23449,0.5621,0.7102,0.7413,0.7038,0.0310,0.0556,0.2462,0.1508,3.316,5.286
12595,0.4050,0.6417,0.6727,0.6300,0.0310,0.0773,0.2772,0.1111,5.019,4.196
4183,0.2625,0.6649,0.6960,0.6494,0.0310,0.1218,0.1389,0.1420,-0.975,3.842
15960,0.1102,0.4521,0.4831,0.4993,0.0310,0.0702,0.4510,0.4276,-1.543,8.707
20340,0.3994,0.6563,0.6873,0.6873,0.0310,-0.0232,0.2745,0.2618,-2.059,5.949
3541,0.4280,0.6408,0.6718,0.6744,0.0310,0.0346,0.1586,0.1164,2.512,3.987
12301,0.5140,0.6667,0.6977,0.6602,0.0310,0.0583,0.2237,0.1942,-1.526,5.217
3522,0.5340,0.7326,0.7636,0.7209,0.0310,0.0588,0.1458,0.1272,-0.303,4.509
11141,0.5301,0.6835,0.7145,0.6718,0.0310,0.0544,0.1208,0.1009,-1.006,3.422
18870,0.3345,0.6214,0.6525,0.6227,0.0310,0.0313,0.1561,0.1310,1.938,3.625
14376,0.5580,0.6098,0.6408,0.6318,0.0310,0.0497,0.0848,0.0877,1.979,2.239
450,0.6626,0.7300,0.7610,0.7377,0.0310,0.0290,0.1788,0.0730,3.730,3.434
1092,0.5219,0.7390,0.7700,0.7416,0.0310,0.0291,0.2426,0.2235,-1.919,6.722
7034,0.3960,0.6977,0.7287,0.7132,0.0310,0.0209,0.1365,0.1079,2.437,4.172
24765,0.3491,0.5045,0.5355,0.5316,0.0310,0.0207,0.2137,0.1553,2.739,4.967
23578,0.2816,0.6503,0.6813,0.6245,0.0310,0.1613,0.2412,0.2154,2.716,5.879
23021,0.4842,0.6400,0.6710,0.6013,0.0310,0.0058,0.2077,0.1799,-1.518,4.611
717,0.3387,0.6219,0.6529,0.5832,0.0310,-0.0405,0.2722,0.2373,-1.740,4.956
13547,0.4124,0.5923,0.6232,0.6181,0.0310,0.0911,0.1854,0.1670,-0.211,4.824
24301,0.1899,0.6103,0.6413,0.6439,0.0310,0.1661,0.1390,0.1243,-1.887,3.265
2879,0.2362,0.6194,0.6503,0.5394,0.0310,0.0670,0.0901,0.0901,1.968,2.562
15293,0.4089,0.6529,0.6839,0.6606,0.0310,0.0174,0.1012,0.0816,-0.339,1.684
23507,0.3535,0.6103,0.6413,0.6090,0.0310,0.0035,0.1770,0.2012,-0.519,4.859
13518,0.6208,0.7500,0.7809,0.7835,0.0309,0.0403,0.0948,0.0802,0.267,3.312
23811,0.2230,0.5464,0.5773,0.5644,0.0309,-0.0265,0.1805,0.1864,-0.705,4.669
2054,0.2696,0.6534,0.6843,0.6160,0.0309,0.0035,0.1379,0.1239,0.676,3.962
16657,0.6116,0.7500,0.7809,0.7693,0.0309,0.0531,0.1116,0.0987,1.115,3.927
22473,0.5151,0.6907,0.7216,0.7075,0.0309,0.0126,0.2487,0.2207,0.067,5.941
8638,0.5477,0.6482,0.6791,0.6791,0.0309,0.0429,0.2003,0.1745,3.680,4.345
6762,0.3601,0.5915,0.6224,0.6959,0.0309,0.0962,0.2070,0.2024,0.976,4.262
2564,0.3844,0.6070,0.6379,0.5863,0.0309,-0.0622,0.1319,0.1492,1.743,2.822
8268,0.2790,0.5593,0.5902,0.5915,0.0309,-0.0092,0.2053,0.1861,-0.398,5.077
14354,0.4861,0.5129,0.5438,0.5554,0.0309,-0.0034,0.2494,0.1732,-3.200,4.026
19987,0.6435,0.7345,0.7655,0.7216,0.0309,0.0104,0.0888,0.0895,1.685,3.533
7019,0.6131,0.7761,0.8069,0.7799,0.0309,0.0162,0.2165,0.1196,-2.899,4.412
3555,0.5564,0.6847,0.7156,0.6821,0.0309,0.0127,0.2327,0.1701,2.676,6.177
3918,0.5583,0.6718,0.7027,0.6332,0.0309,0.0198,0.1203,0.1037,2.669,2.841
22114,0.5031,0.6911,0.7220,0.6782,0.0309,-0.0034,0.1484,0.1399,1.868,4.996
5295,0.3361,0.6589,0.6898,0.7156,0.0309,0.0706,0.2147,0.1499,-1.780,4.488
816,0.3414,0.6306,0.6615,0.6165,0.0309,0.0473,0.1348,0.1272,1.074,3.527
4559,0.2723,0.4968,0.5277,0.4878,0.0309,0.0934,0.1649,0.1210,1.905,4.467
17178,0.6067,0.6782,0.7091,0.6615,0.0309,-0.0081,0.2481,0.2050,0.819,6.133
1616,0.2756,0.6281,0.6589,0.6422,0.0309,0.0636,0.1842,0.1206,2.954,3.650
6,0.2089,0.5573,0.5882,0.5843,0.0309,0.0276,0.3162,0.1178,-4.859,2.964
18486,0.3412,0.5817,0.6126,0.5894,0.0309,0.0151,0.1653,0.1695,1.100,3.940
5002,0.4962,0.6808,0.7117,0.6963,0.0309,0.0414,0.1654,0.1445,0.445,4.319
6391,0.3727,0.5199,0.5508,0.5174,0.0309,0.0023,0.1095,0.1113,0.632,3.233
15101,0.5480,0.6602,0.6911,0.6422,0.0309,0.0093,0.1334,0.0822,2.254,3.440
24499,0.3810,0.6358,0.6667,0.6332,0.0309,0.0392,0.1797,0.1689,0.851,4.219
7726,0.3494,0.6152,0.6461,0.5933,0.0309,0.0150,0.2464,0.1195,4.377,3.733
14583,0.5339,0.6396,0.6705,0.6641,0.0309,0.0186,0.1423,0.1146,1.064,3.854
16969,0.3092,0.5071,0.5380,0.5058,0.0309,-0.0011,0.1951,0.1855,1.962,4.363
3788,0.3886,0.5913,0.6221,0.5835,0.0308,0.0184,0.2042,0.1705,-0.374,4.682
16836,0.4499,0.6581,0.6889,0.6530,0.0308,0.0461,0.2252,0.2224,-0.260,6.501
15993,0.2153,0.5411,0.5720,0.5578,0.0308,0.0266,0.1340,0.1405,1.590,4.439
15184,0.3787,0.5823,0.6131,0.5720,0.0308,0.0000,0.3000,0.2872,-0.128,6.511
7422,0.1168,0.5141,0.5450,0.5308,0.0308,0.0163,0.1664,0.1449,-0.562,4.570
15148,0.3704,0.6517,0.6825,0.6620,0.0308,-0.0301,0.1903,0.1610,-0.954,4.917
6821,0.3888,0.6041,0.6350,0.6812,0.0308,0.0069,0.2281,0.1857,2.873,4.146
3720,0.2115,0.5167,0.5476,0.5039,0.0308,0.0301,0.1934,0.1738,2.187,3.900
6276,0.3471,0.6003,0.6311,0.5938,0.0308,-0.0184,0.1618,0.1582,-0.516,4.571
12061,0.5128,0.6928,0.7237,0.6375,0.0308,0.0655,0.1837,0.1278,-1.679,3.945
4538,0.5592,0.6157,0.6465,0.5835,0.0308,0.0151,0.1931,0.1847,1.085,5.403
327,0.5373,0.6337,0.6645,0.6517,0.0308,-0.0035,0.1419,0.1443,2.322,4.945
20432,0.4129,0.6793,0.7101,0.6429,0.0308,-0.0120,0.1203,0.1132,0.774,2.793
4002,0.4101,0.6816,0.7125,0.7035,0.0308,0.0265,0.2823,0.2183,-2.508,5.412
20090,0.3197,0.6406,0.6714,0.6804,0.0308,0.0843,0.2165,0.1975,0.097,4.302
24206,0.3796,0.5841,0.6149,0.6393,0.0308,0.0358,0.2107,0.1996,2.741,5.302
11473,0.5218,0.7420,0.7728,0.6829,0.0308,0.0729,0.1181,0.0947,1.584,3.653
20108,0.4085,0.6662,0.6970,0.6611,0.0308,0.0242,0.2758,0.1385,-3.998,4.604
1575,0.3693,0.6136,0.6444,0.6264,0.0308,0.0207,0.1868,0.1793,0.449,5.231
1994,0.6487,0.6893,0.7202,0.6855,0.0308,-0.0230,0.2656,0.2535,0.227,6.325
12760,0.4076,0.6679,0.6987,0.6679,0.0308,0.0126,0.1834,0.1665,1.460,5.609
23603,0.3990,0.6872,0.7179,0.6513,0.0308,-0.0254,0.2069,0.1689,-0.825,4.067
20970,0.5534,0.7500,0.7808,0.7179,0.0308,0.0394,0.1735,0.1147,-0.860,3.629
11887,0.2533,0.5527,0.5830,0.6061,0.0303,0.0562,0.3655,0.0761,8.669,2.394
14395,0.3093,0.5921,0.6224,0.6513,0.0303,0.0722,0.2848,0.1888,5.457,3.774
21704,0.2857,0.5569,0.5869,0.4954,0.0301,0.0303,0.2533,0.0865,4.690,4.156
11466,0.2816,0.6340,0.6641,0.6222,0.0301,0.0301,0.1644,0.1486,0.226,4.489
20620,0.2184,0.5235,0.5535,0.5196,0.0300,0.0093,0.2967,0.1275,5.245,4.339
13989,0.6110,0.7037,0.7337,0.6423,0.0300,0.0116,0.2050,0.1236,4.083,4.576
17427,0.5757,0.7158,0.7458,0.7340,0.0300,0.0151,0.2231,0.1370,-2.872,4.768
13201,0.4848,0.6375,0.6675,0.6219,0.0300,0.0418,0.1598,0.1079,2.361,3.463
2090,-0.1171,0.4206,0.4505,0.4023,0.0299,0.0549,0.2946,0.2205,4.227,5.288
6148,0.2935,0.5469,0.5768,0.5312,0.0299,-0.0142,0.1276,0.0606,3.179,1.865
3925,0.2724,0.5429,0.5727,0.5571,0.0299,0.0741,0.2381,0.0796,5.597,3.661
11367,0.5830,0.6169,0.6468,0.6195,0.0299,0.0380,0.2230,0.1050,3.427,4.516
383,0.5329,0.7134,0.7432,0.7134,0.0298,0.0661,0.3056,0.2311,2.840,7.433
5864,0.5451,0.7173,0.7471,0.7095,0.0298,-0.0478,0.3224,0.1017,-5.986,2.831
21434,0.4663,0.5396,0.5694,0.4890,0.0298,0.0104,0.2118,0.0933,4.349,3.374
6455,0.3948,0.6989,0.7287,0.7457,0.0298,0.0790,0.2744,0.2388,1.307,6.487
7925,0.5976,0.6852,0.7150,0.6788,0.0298,-0.0174,0.0850,0.0860,1.943,2.435
6729,0.3840,0.5803,0.6101,0.5764,0.0298,0.0093,0.2359,0.1430,5.230,3.928
23860,0.6250,0.7241,0.7539,0.7746,0.0298,0.0277,0.1155,0.0933,-0.649,2.785
22247,0.3841,0.6088,0.6386,0.5894,0.0298,0.0173,0.1642,0.1166,1.953,4.991
15844,0.1694,0.6378,0.6675,0.6455,0.0298,0.0650,0.1634,0.1440,2.789,4.759
19056,0.5758,0.6481,0.6779,0.6378,0.0298,-0.0174,0.2811,0.2653,-0.995,7.941
8006,0.2844,0.6158,0.6455,0.6313,0.0298,-0.0034,0.1914,0.1343,-1.624,4.592
16458,0.3495,0.5757,0.6054,0.5576,0.0298,0.0196,0.2273,0.1327,4.474,4.177
12182,0.2652,0.6016,0.6313,0.6210,0.0298,0.0521,0.1766,0.1781,1.415,3.626
13489,0.4116,0.6831,0.7128,0.6442,0.0298,0.0092,0.2306,0.1449,3.359,4.036
6885,0.5418,0.6662,0.6960,0.6041,0.0298,0.0011,0.2605,0.1110,6.366,3.038
19926,0.2412,0.5692,0.5990,0.5162,0.0298,0.0243,0.1923,0.1913,0.656,4.687
22093,0.3771,0.6240,0.6537,0.6744,0.0297,0.0278,0.2190,0.1744,5.582,3.565
1820,0.3748,0.6305,0.6602,0.5633,0.0297,0.0970,0.2123,0.1969,1.106,5.889
9239,0.3305,0.5672,0.5969,0.5672,0.0297,0.0209,0.0795,0.0976,-0.041,1.956
13924,0.1282,0.5303,0.5600,0.5148,0.0297,0.0023,0.2951,0.2441,2.814,5.617
15858,0.2669,0.5768,0.6065,0.6335,0.0297,0.0784,0.2780,0.2265,-1.227,4.867
15912,0.1522,0.5639,0.5935,0.6013,0.0297,0.0486,0.2202,0.2105,0.073,4.920
22650,0.2623,0.6026,0.6323,0.6477,0.0297,0.0392,0.1335,0.1274,1.300,3.300
20959,0.4808,0.6490,0.6787,0.6658,0.0297,-0.0256,0.3646,0.2772,-3.873,6.164
15468,0.2350,0.5226,0.5523,0.5587,0.0297,-0.0196,0.2017,0.1722,3.024,3.812
19447,0.3081,0.5631,0.5928,0.5425,0.0296,-0.0023,0.1417,0.1306,0.657,3.657
19412,0.4570,0.6714,0.7010,0.6405,0.0296,0.0012,0.2137,0.0730,4.604,2.540
8799,0.4346,0.5451,0.5747,0.5992,0.0296,0.0242,0.1619,0.1542,-0.598,4.369
2018,0.4673,0.7062,0.7358,0.6907,0.0296,0.0577,0.1694,0.1307,-0.904,3.387
13643,0.4952,0.5722,0.6018,0.5979,0.0296,0.0254,0.1680,0.1252,3.436,2.837
4230,0.2740,0.5503,0.5799,0.5786,0.0296,0.0161,0.2061,0.1508,-2.021,4.231
7985,0.4536,0.5760,0.6057,0.5838,0.0296,-0.0266,0.1241,0.0840,2.556,2.583
1731,0.5664,0.7152,0.7448,0.7371,0.0296,0.0045,0.2693,0.2063,-4.255,4.625
12087,0.6733,0.7771,0.8067,0.7912,0.0296,0.0542,0.1336,0.0809,3.163,3.534
3880,0.4811,0.6173,0.6469,0.5915,0.0296,-0.0184,0.1737,0.1740,0.058,5.082
17109,0.4533,0.6765,0.7062,0.7294,0.0296,0.0404,0.2421,0.2266,-0.047,5.706
17902,0.3863,0.6804,0.7101,0.6405,0.0296,-0.0058,0.2273,0.1985,0.185,4.704
2597,0.2917,0.6340,0.6637,0.6289,0.0296,0.0219,0.1731,0.1683,1.187,3.973
21174,0.2465,0.5464,0.5760,0.5219,0.0296,-0.0127,0.2398,0.1521,4.665,3.700
4074,0.3427,0.6031,0.6327,0.6302,0.0296,0.0254,0.1901,0.1950,-0.992,5.254
4532,0.0758,0.5245,0.5541,0.5503,0.0296,0.0081,0.1547,0.1508,-0.661,2.842
17460,0.2666,0.6456,0.6753,0.5889,0.0296,0.0618,0.2024,0.1827,3.072,5.958
1317,0.1473,0.5838,0.6134,0.6495,0.0296,0.1321,0.2219,0.2237,3.027,5.529
12701,0.4375,0.6920,0.7216,0.6624,0.0296,-0.0312,0.1843,0.1001,-1.992,2.876
12753,0.1955,0.4865,0.5161,0.4543,0.0296,-0.0207,0.1693,0.1582,-0.943,4.052
1128,0.0461,0.5380,0.5676,0.5972,0.0296,0.0894,0.2392,0.1895,5.029,4.179
19177,0.5474,0.6873,0.7169,0.6795,0.0296,0.0660,0.1049,0.0945,-0.130,2.943
4630,0.1680,0.6345,0.6641,0.6435,0.0296,0.0115,0.2340,0.1142,-3.129,2.975
24860,0.3699,0.6731,0.7027,0.7066,0.0296,0.0554,0.2959,0.2654,0.533,6.364
24520,0.2981,0.5894,0.6190,0.5920,0.0296,-0.0289,0.2668,0.2409,-0.702,5.772
8371,0.4997,0.6795,0.7091,0.6866,0.0296,0.0481,0.1104,0.0872,1.687,3.395
5497,0.2038,0.5598,0.5894,0.5676,0.0296,0.0277,0.1657,0.1279,-0.157,3.036
6225,0.4171,0.7645,0.7941,0.7490,0.0296,0.0033,0.1444,0.1181,1.718,4.302
9503,0.3178,0.5405,0.5701,0.5753,0.0296,0.0103,0.1213,0.1303,0.027,3.446
13659,0.2832,0.5663,0.5959,0.5483,0.0296,0.0623,0.2073,0.1867,1.298,5.092
3213,0.2423,0.6577,0.6873,0.6293,0.0296,-0.0172,0.2148,0.2042,-1.474,4.234
6384,0.2699,0.5495,0.5792,0.5779,0.0296,0.0172,0.1673,0.1761,0.578,4.502
12134,0.3917,0.5990,0.6285,0.6144,0.0296,0.0636,0.2014,0.1739,2.318,4.373
3735,0.3496,0.6414,0.6710,0.6131,0.0296,-0.0000,0.1613,0.1503,0.434,3.202
11702,0.2890,0.5540,0.5835,0.5257,0.0296,-0.0092,0.1704,0.1725,0.983,4.058
10312,0.4822,0.6581,0.6877,0.6118,0.0296,0.0070,0.1231,0.0946,2.617,2.781
12004,0.2309,0.6555,0.6851,0.6440,0.0296,0.0405,0.2188,0.2356,3.693,5.207
23163,0.3661,0.6183,0.6478,0.6041,0.0296,0.0069,0.1814,0.1764,1.264,4.696
23254,0.5051,0.6658,0.6954,0.6607,0.0296,0.0531,0.1542,0.1041,-2.023,2.975
7824,0.4392,0.6311,0.6607,0.6350,0.0296,0.0705,0.2542,0.2279,-2.472,5.381
5967,0.3341,0.5694,0.5990,0.5559,0.0296,-0.0104,0.2315,0.2259,-0.345,5.583
5327,0.4999,0.6504,0.6799,0.6825,0.0296,0.0542,0.1693,0.1348,1.889,4.346
2030,0.5014,0.6658,0.6954,0.6568,0.0296,-0.0243,0.1488,0.1374,1.937,3.217
21476,0.4873,0.6812,0.7108,0.6928,0.0296,0.0384,0.1290,0.1234,1.263,3.286
15982,0.4013,0.6542,0.6838,0.6350,0.0296,-0.0185,0.1926,0.1584,2.274,3.568
13291,0.1121,0.5566,0.5861,0.5887,0.0296,0.1049,0.2213,0.2137,-1.848,4.496
18341,0.5746,0.7018,0.7314,0.6581,0.0296,0.0615,0.1400,0.1078,1.334,3.574
17090,0.3445,0.6303,0.6598,0.6059,0.0295,0.0093,0.1979,0.1698,2.896,4.809
18294,0.2782,0.6149,0.6444,0.6175,0.0295,0.0439,0.2743,0.1664,-3.171,4.181
10066,0.3459,0.5815,0.6110,0.6136,0.0295,-0.0023,0.1946,0.1706,2.403,4.578
22516,0.4797,0.6470,0.6765,0.6791,0.0295,0.0289,0.1659,0.1359,2.530,4.251
4736,0.5193,0.7304,0.7599,0.7497,0.0295,0.0679,0.2712,0.2150,-2.435,6.002
5018,0.4113,0.6936,0.7231,0.7269,0.0295,0.0682,0.2741,0.2331,-0.418,6.548
21591,0.4477,0.5859,0.6154,0.5564,0.0295,-0.0472,0.1429,0.1102,2.192,4.228
13709,0.2768,0.5936,0.6231,0.5115,0.0295,0.0196,0.1593,0.1596,1.496,5.072
14441,0.0885,0.5033,0.5327,0.5207,0.0294,0.0059,0.1076,0.1010,0.741,2.361
19795,0.5355,0.6827,0.7120,0.6547,0.0293,0.0281,0.2637,0.2201,-3.566,5.768
4141,0.3130,0.6370,0.6662,0.5878,0.0293,0.0314,0.3862,0.3432,-0.728,7.839
22923,0.3481,0.7147,0.7437,0.7094,0.0291,0.0358,0.3780,0.1664,-7.353,4.034
14324,0.1132,0.5572,0.5861,0.5756,0.0289,0.0119,0.1004,0.0889,0.765,2.397
18036,0.1868,0.5551,0.5840,0.5932,0.0289,0.0377,0.2592,0.1907,2.665,5.754
4105,0.2651,0.6431,0.6719,0.6431,0.0288,0.0758,0.1987,0.1703,2.185,4.732
3069,0.5045,0.7428,0.7715,0.7402,0.0287,0.0651,0.1237,0.1149,0.365,3.494
4231,0.4662,0.7080,0.7366,0.6780,0.0287,-0.0139,0.0898,0.0874,0.401,2.299
10170,0.5128,0.6076,0.6362,0.6336,0.0287,-0.0150,0.2325,0.1940,1.778,5.136
8257,0.4808,0.6832,0.7119,0.7040,0.0287,0.0594,0.2256,0.1074,4.497,3.456
122,0.6212,0.6219,0.6506,0.6037,0.0287,0.0163,0.1399,0.0709,2.718,2.570
3458,0.2831,0.5391,0.5677,0.5443,0.0286,0.1084,0.3380,0.0710,6.988,3.127
18320,0.2241,0.5644,0.5930,0.5904,0.0286,0.0438,0.1005,0.1098,0.076,3.075
1170,0.2368,0.5605,0.5891,0.5735,0.0286,0.0162,0.0920,0.0859,0.256,1.145
8918,0.4495,0.5766,0.6052,0.5545,0.0286,0.0069,0.1389,0.1222,-0.726,3.195
435,0.2457,0.5883,0.6169,0.5948,0.0286,0.0886,0.2138,0.1715,2.009,5.181
2461,0.6185,0.7468,0.7753,0.7195,0.0286,0.0267,0.1026,0.0798,-0.264,1.995
1650,0.3487,0.5953,0.6239,0.6005,0.0285,-0.0012,0.2488,0.2377,-0.356,6.117
10825,0.2857,0.5019,0.5305,0.5162,0.0285,0.0001,0.2623,0.1675,4.076,4.284
4808,0.6394,0.6628,0.6913,0.6459,0.0285,0.0162,0.1185,0.1104,1.200,3.192
962,0.4359,0.6684,0.6969,0.6464,0.0285,0.0982,0.2703,0.2513,-0.175,6.885
1800,0.3487,0.6658,0.6943,0.6943,0.0285,-0.0325,0.1208,0.1164,1.060,3.322
12564,0.2702,0.6347,0.6632,0.5376,0.0285,-0.0165,0.2755,0.2256,4.286,5.605
14436,0.3092,0.5881,0.6166,0.6166,0.0285,0.0081,0.2110,0.1089,4.125,4.659
20599,0.4422,0.6593,0.6878,0.6658,0.0285,0.0069,0.1980,0.1819,0.721,5.850
6992,0.5255,0.7245,0.7529,0.6649,0.0285,0.0311,0.2778,0.1529,4.358,4.992
14024,0.6552,0.7788,0.8072,0.7814,0.0285,0.0543,0.1739,0.1217,1.568,4.856
21991,0.4173,0.6261,0.6546,0.6455,0.0285,0.0541,0.1204,0.1056,1.218,3.376
1635,0.4742,0.6826,0.7111,0.6781,0.0284,0.0303,0.1628,0.1318,1.796,4.394
505,0.3234,0.6486,0.6770,0.6473,0.0284,0.0406,0.2852,0.2746,1.485,6.657
12018,0.1628,0.4651,0.4935,0.4910,0.0284,0.0150,0.2683,0.2635,0.420,5.348
7095,0.4041,0.7390,0.7674,0.7506,0.0284,0.1035,0.2080,0.1268,-1.526,4.374
6083,0.5339,0.6680,0.6964,0.6525,0.0284,-0.0420,0.0966,0.0903,0.592,3.269
14295,0.2853,0.6206,0.6490,0.6477,0.0284,0.0963,0.2129,0.1487,-2.516,5.342
12461,0.2644,0.6206,0.6490,0.6619,0.0284,0.1161,0.3012,0.1412,-4.328,4.406
23758,0.4935,0.6142,0.6426,0.6245,0.0284,0.0473,0.1695,0.1496,-0.251,4.495
20524,0.1804,0.6374,0.6658,0.5819,0.0284,0.0319,0.3306,0.3146,1.241,6.787
16275,0.3812,0.6013,0.6297,0.5845,0.0284,-0.0128,0.1812,0.1803,0.860,4.033
1242,0.3679,0.6916,0.7200,0.7097,0.0284,-0.0368,0.1570,0.1438,0.369,4.831
15963,0.2045,0.5768,0.6052,0.6116,0.0284,0.0658,0.1435,0.1432,0.066,4.166
23478,0.1238,0.5155,0.5438,0.5052,0.0284,0.0429,0.3091,0.3003,-0.858,6.197
24915,0.3506,0.5863,0.6147,0.5954,0.0284,0.0023,0.3209,0.1590,-5.553,3.491
7448,0.3114,0.6456,0.6740,0.6482,0.0284,-0.0230,0.3202,0.2299,-3.309,6.130
18939,0.4365,0.6482,0.6765,0.6727,0.0284,-0.0622,0.2194,0.1965,-0.857,5.465
18800,0.4862,0.6856,0.7139,0.6572,0.0284,0.0452,0.1910,0.1052,-3.343,2.163
11785,0.4796,0.6392,0.6675,0.6314,0.0284,-0.0439,0.2069,0.1807,1.210,5.345
10940,0.5094,0.7075,0.7358,0.7113,0.0284,0.0209,0.1607,0.1510,1.760,3.470
9420,0.4744,0.6894,0.7178,0.6985,0.0284,-0.0359,0.0932,0.0986,0.595,2.982
23675,0.4689,0.5631,0.5915,0.6186,0.0284,0.0025,0.2505,0.1408,3.807,4.173
3063,0.1964,0.6082,0.6366,0.6044,0.0284,0.0474,0.2502,0.1611,-3.053,4.904
17292,0.4331,0.6456,0.6740,0.6276,0.0284,-0.0035,0.2545,0.2342,1.266,7.181
22985,0.2884,0.6727,0.7010,0.6379,0.0284,0.1249,0.1828,0.1400,-1.306,4.879
12107,0.7189,0.7079,0.7362,0.7439,0.0283,0.0391,0.2363,0.0921,4.787,3.991
23306,0.3742,0.6126,0.6409,0.5804,0.0283,0.0070,0.1710,0.1388,3.613,4.020
6879,0.5397,0.7490,0.7773,0.7568,0.0283,0.0208,0.1169,0.0977,-1.174,3.772
16110,0.4077,0.6165,0.6448,0.6486,0.0283,0.0426,0.1957,0.1915,0.092,5.888
8003,0.4911,0.6255,0.6538,0.6358,0.0283,0.0151,0.1931,0.1175,3.663,3.489
8228,0.4741,0.7053,0.7336,0.6963,0.0283,0.1087,0.2026,0.1787,-0.030,4.500
4486,0.5088,0.6589,0.6873,0.6319,0.0283,0.0115,0.1935,0.1813,-0.369,4.634
22964,0.1933,0.5985,0.6268,0.6190,0.0283,0.0302,0.1899,0.1280,-2.235,3.346
2877,0.4379,0.6615,0.6898,0.6885,0.0283,0.0518,0.1905,0.1681,1.120,5.762
23848,0.4502,0.6937,0.7220,0.7130,0.0283,0.0472,0.2361,0.1974,-1.308,4.781
3064,0.4901,0.5894,0.6178,0.5959,0.0283,0.0828,0.1839,0.1387,2.640,4.292
20159,0.3837,0.5946,0.6229,0.6435,0.0283,-0.0302,0.3011,0.2609,-1.876,6.980
16964,0.4205,0.5920,0.6203,0.5869,0.0283,0.0782,0.2770,0.1041,-4.143,3.248
24661,0.5926,0.7091,0.7375,0.7246,0.0283,0.0069,0.1453,0.1258,0.063,3.653
14415,0.5278,0.6924,0.7207,0.7323,0.0283,0.0497,0.2117,0.1810,-0.539,5.408
18650,0.4819,0.6924,0.7207,0.7066,0.0283,0.0347,0.2036,0.1538,-2.646,4.278
3827,0.5282,0.6731,0.7014,0.6795,0.0283,-0.0184,0.1161,0.1103,0.131,3.251
13916,0.3734,0.6782,0.7066,0.6641,0.0283,0.0150,0.1636,0.1537,0.186,5.002
335,0.5179,0.7069,0.7352,0.6851,0.0283,-0.0265,0.1855,0.1671,1.633,5.114
16453,0.3554,0.6877,0.7159,0.6812,0.0283,0.0035,0.1670,0.1304,-2.409,3.518
5266,0.3942,0.5540,0.5823,0.6234,0.0283,0.0242,0.3014,0.2945,-1.863,7.299
20859,0.4333,0.6144,0.6427,0.6504,0.0283,-0.0346,0.1368,0.1252,1.661,3.445
22720,0.1532,0.5784,0.6067,0.5733,0.0283,0.0517,0.2055,0.2067,1.986,4.786
12729,0.3738,0.5527,0.5810,0.6247,0.0283,-0.0299,0.3303,0.2723,-3.341,6.091
5012,0.4744,0.5841,0.6123,0.5122,0.0282,-0.0472,0.1905,0.1825,1.731,5.162
7737,0.2540,0.5469,0.5751,0.5854,0.0282,-0.0592,0.1641,0.1369,1.741,3.399
19618,0.4005,0.6418,0.6701,0.6534,0.0282,0.0588,0.1601,0.1818,1.453,3.685
12857,0.7570,0.7657,0.7938,0.8019,0.0281,0.0361,0.1124,0.0992,0.357,4.211
21787,0.2115,0.5745,0.6024,0.6330,0.0279,0.0755,0.3669,0.1588,-5.165,4.025
7504,0.3165,0.6195,0.6474,0.6335,0.0279,0.0072,0.1509,0.1448,-0.591,3.537
23375,0.3753,0.6455,0.6733,0.5397,0.0278,-0.0112,0.3214,0.1353,5.916,4.249
22785,0.0782,0.4934,0.5211,0.4551,0.0277,0.0709,0.1346,0.1364,0.372,3.830
23555,0.4442,0.6684,0.6961,0.6171,0.0276,-0.0141,0.3182,0.2113,5.581,5.342
1574,0.4580,0.5452,0.5727,0.5557,0.0275,0.0570,0.2794,0.1329,5.587,4.204
18310,0.2320,0.6055,0.6330,0.6147,0.0275,0.0407,0.4512,0.3405,-1.858,7.587
15116,0.4950,0.6453,0.6728,0.6270,0.0275,0.0035,0.2976,0.2581,0.042,6.682
22549,0.5609,0.6829,0.7104,0.7287,0.0274,0.0065,0.2215,0.1392,3.229,4.688
9846,0.5967,0.7823,0.8096,0.7640,0.0274,0.0384,0.1924,0.1218,2.799,4.538
1179,0.5904,0.6701,0.6975,0.6871,0.0274,0.0474,0.2855,0.0961,5.439,3.624
21079,0.2618,0.5768,0.6042,0.5508,0.0273,0.0280,0.0795,0.0938,1.677,1.411
16927,0.5560,0.6229,0.6502,0.6216,0.0273,0.0116,0.2632,0.1419,4.098,5.393
19504,0.5027,0.6649,0.6922,0.6779,0.0273,0.0832,0.2942,0.0713,5.583,3.815
13571,0.4166,0.6506,0.6779,0.6078,0.0273,0.0208,0.1097,0.1061,1.932,1.900
19903,0.3108,0.5590,0.5863,0.6316,0.0272,0.0816,0.1792,0.1776,1.277,5.171
4251,0.4557,0.6576,0.6848,0.6563,0.0272,0.0703,0.2134,0.1164,3.598,4.104
4326,0.1506,0.5803,0.6075,0.5855,0.0272,0.0173,0.1335,0.1069,-0.344,2.490
23547,0.1663,0.5904,0.6176,0.6214,0.0271,0.0080,0.2408,0.2348,0.930,5.128
24929,0.4861,0.6486,0.6757,0.6705,0.0271,0.0578,0.1598,0.1416,0.068,4.336
5171,0.5313,0.6525,0.6796,0.6770,0.0271,-0.0495,0.0876,0.0893,1.314,3.225
18264,0.0243,0.4651,0.4922,0.5116,0.0271,0.0220,0.3017,0.2122,4.341,4.699
12,0.4439,0.5853,0.6124,0.5788,0.0271,0.0162,0.1132,0.1226,0.622,3.322
23455,0.0479,0.5233,0.5504,0.5568,0.0271,0.0887,0.2915,0.2089,4.567,5.123
2415,0.3633,0.5123,0.5394,0.5045,0.0271,-0.0162,0.1559,0.1488,1.890,4.182
17475,0.4083,0.6361,0.6632,0.6052,0.0271,0.0255,0.1680,0.1316,3.292,3.404
1928,0.2870,0.5110,0.5381,0.5019,0.0271,0.0772,0.2359,0.1812,2.647,5.436
11419,0.2067,0.5587,0.5858,0.5665,0.0271,-0.0477,0.1024,0.1006,1.374,2.681
13565,0.2980,0.5768,0.6039,0.5935,0.0271,-0.1466,0.1116,0.1117,1.621,2.834
4844,0.1470,0.5768,0.6039,0.5006,0.0271,0.0795,0.1934,0.1833,2.475,4.749
18017,0.3089,0.5806,0.6077,0.5561,0.0271,-0.0069,0.2172,0.1922,2.376,5.097
2785,0.3342,0.5742,0.6013,0.6052,0.0271,0.0196,0.1944,0.1808,-2.099,4.511
14858,0.5008,0.6206,0.6477,0.6258,0.0271,0.0381,0.1864,0.1458,2.290,4.410
13106,0.1813,0.6632,0.6903,0.6645,0.0271,0.0564,0.3017,0.1868,-1.637,5.190
5546,0.4675,0.7526,0.7796,0.7075,0.0271,-0.0162,0.2071,0.1738,2.603,4.748
17676,0.3294,0.5232,0.5503,0.5619,0.0271,-0.0265,0.1857,0.1869,3.896,3.730
20839,0.3017,0.6546,0.6817,0.6791,0.0271,0.0336,0.2677,0.2690,-0.352,6.445
15795,0.2852,0.4807,0.5077,0.5155,0.0271,-0.0035,0.1539,0.1802,-1.262,4.785
3626,0.2914,0.5786,0.6057,0.5528,0.0271,0.0359,0.2776,0.1689,3.889,5.167
23446,0.4809,0.6885,0.7156,0.6860,0.0270,0.0335,0.1938,0.1580,-0.440,5.021
19970,0.2563,0.6088,0.6358,0.6281,0.0270,0.0301,0.1708,0.1651,-0.381,4.811
21495,0.4038,0.5766,0.6036,0.5792,0.0270,-0.0380,0.1531,0.1503,-0.551,3.716
17999,0.5768,0.7220,0.7490,0.7387,0.0270,0.0565,0.1542,0.1229,0.219,5.264
2176,0.2676,0.5985,0.6255,0.6216,0.0270,0.0684,0.1583,0.1500,1.300,3.878
6302,0.4983,0.6319,0.6589,0.6680,0.0270,0.0047,0.1857,0.1889,-1.471,5.177
280,0.6069,0.6281,0.6551,0.6088,0.0270,0.0300,0.1982,0.1271,2.466,4.821
12047,0.5153,0.5933,0.6203,0.5689,0.0270,-0.0057,0.2309,0.2144,1.925,5.990
13585,0.0892,0.5277,0.5547,0.5882,0.0270,-0.1201,0.1127,0.1364,2.412,3.608
4962,0.5064,0.6937,0.7207,0.6950,0.0270,0.0414,0.1382,0.1281,0.756,4.293
21000,0.6023,0.7416,0.7686,0.7622,0.0270,0.0670,0.1288,0.1183,-0.735,4.064
24619,0.5691,0.6748,0.7018,0.6941,0.0270,0.0081,0.2582,0.2352,-1.784,5.433
14200,0.1445,0.5746,0.6015,0.5656,0.0270,-0.0035,0.1484,0.1400,1.199,3.438
1495,0.5493,0.6864,0.7134,0.7494,0.0270,0.0944,0.1268,0.1190,0.397,4.057
12913,0.4332,0.6594,0.6864,0.6799,0.0270,0.0381,0.2536,0.1692,-2.163,3.874
22277,0.6526,0.7339,0.7609,0.7519,0.0270,0.0333,0.1388,0.1151,1.154,4.039
17749,0.4290,0.6337,0.6607,0.6401,0.0270,0.0438,0.1423,0.1339,-0.328,4.220
13510,0.4622,0.6902,0.7172,0.6954,0.0270,0.0196,0.1369,0.1286,1.219,4.645
14194,0.7342,0.7404,0.7674,0.7596,0.0270,-0.0116,0.1063,0.0930,-1.028,3.332
16547,0.2976,0.5707,0.5977,0.6388,0.0270,0.0092,0.2348,0.2163,-0.210,4.210
11398,0.6287,0.7468,0.7738,0.7018,0.0270,0.0358,0.2073,0.1436,-0.788,5.031
22883,0.4928,0.6889,0.7159,0.6465,0.0270,0.0243,0.1710,0.1081,3.592,3.628
12222,0.5267,0.6144,0.6414,0.6337,0.0270,0.0139,0.2077,0.1777,2.027,5.060
16424,0.3310,0.6573,0.6842,0.5969,0.0270,0.0726,0.2121,0.1738,-1.639,4.853
12067,0.2461,0.5635,0.5905,0.5045,0.0270,-0.0115,0.2119,0.2204,1.367,4.491
21828,0.5519,0.6123,0.6393,0.6264,0.0270,0.0290,0.1788,0.1004,3.603,2.746
8406,0.5373,0.6136,0.6406,0.6033,0.0270,0.0335,0.1746,0.1550,0.898,5.326
10885,0.4242,0.6508,0.6778,0.6393,0.0270,-0.0231,0.1686,0.1192,3.908,3.732
11921,-0.0247,0.4966,0.5235,0.5235,0.0268,0.0246,0.4138,0.1734,-5.522,4.170
7231,0.6615,0.7474,0.7737,0.7408,0.0263,0.0354,0.1512,0.1308,-1.242,4.476
1931,0.2289,0.5099,0.5361,0.4954,0.0263,-0.0095,0.2494,0.0705,5.412,3.025
13901,0.6270,0.7385,0.7648,0.7332,0.0263,0.0498,0.1022,0.0909,0.917,2.811
21559,0.3090,0.5007,0.5270,0.4827,0.0263,-0.0013,0.3832,0.1310,8.051,3.083
3125,0.2515,0.6335,0.6597,0.6754,0.0262,0.0485,0.3307,0.2019,-3.898,4.878
5441,0.5704,0.6466,0.6728,0.6702,0.0262,-0.0092,0.2460,0.2088,1.557,6.339
2672,0.2562,0.5791,0.6052,0.5791,0.0261,0.0510,0.0923,0.0919,0.375,2.212
7480,0.5241,0.6871,0.7132,0.7053,0.0261,0.0528,0.1117,0.0863,2.223,2.837
24865,0.2175,0.6098,0.6358,0.5968,0.0260,0.0090,0.2955,0.2841,1.495,6.644
5435,0.3918,0.6307,0.6567,0.6424,0.0260,0.0814,0.1934,0.1852,-2.721,5.301
15420,-0.0086,0.5857,0.6117,0.6494,0.0260,0.0507,0.3873,0.1793,-3.873,4.329
2855,0.4458,0.7000,0.7260,0.7130,0.0260,0.0612,0.1586,0.1069,-1.057,3.695
9608,0.4854,0.5422,0.5681,0.5875,0.0259,0.0300,0.1292,0.1041,1.887,3.511
13390,0.2044,0.6101,0.6360,0.5596,0.0259,0.0475,0.1588,0.0880,-1.562,1.628
18975,0.3851,0.5363,0.5622,0.5259,0.0259,-0.0012,0.1496,0.1054,-1.190,2.710
9148,0.5097,0.5718,0.5977,0.5977,0.0259,-0.0265,0.2288,0.1916,1.983,6.016
12249,0.4719,0.5330,0.5589,0.6339,0.0259,-0.0000,0.2717,0.1003,5.505,3.474
5608,0.3668,0.6093,0.6352,0.6145,0.0259,0.0023,0.2630,0.2595,1.673,6.100
8629,0.3048,0.5977,0.6235,0.5744,0.0259,-0.0104,0.1527,0.1417,1.679,5.185
4438,0.6735,0.7658,0.7917,0.7827,0.0259,0.0519,0.1232,0.0892,1.309,3.461
17092,0.0760,0.5666,0.5925,0.5640,0.0259,0.0839,0.2810,0.1898,-1.655,5.030
7938,0.2234,0.6016,0.6274,0.6378,0.0259,0.0185,0.1354,0.0830,-1.359,2.756
8503,0.3049,0.6021,0.6279,0.5220,0.0258,0.0640,0.1987,0.1928,1.226,4.600
361,0.5769,0.6512,0.6770,0.6305,0.0258,0.0184,0.1689,0.1574,0.323,4.433
8850,0.4123,0.6589,0.6848,0.6512,0.0258,-0.0140,0.1475,0.1357,1.014,3.185
16818,0.3275,0.5284,0.5543,0.4974,0.0258,-0.0242,0.1887,0.1198,3.317,3.789
18475,0.2152,0.5401,0.5659,0.5556,0.0258,-0.0533,0.1570,0.1387,-0.038,3.975
8795,0.5056,0.7171,0.7429,0.6654,0.0258,-0.0337,0.1012,0.0904,0.809,3.294
11700,0.5726,0.6550,0.6809,0.6822,0.0258,0.0553,0.0969,0.1018,-0.091,4.962
22867,0.3822,0.5458,0.5716,0.5587,0.0258,0.0104,0.1820,0.1570,2.629,4.496
19168,0.2388,0.5935,0.6194,0.6026,0.0258,0.0541,0.2243,0.2284,0.683,6.308
21048,0.3885,0.6929,0.7187,0.6594,0.0258,-0.0438,0.1557,0.1356,1.667,3.456
3784,0.7136,0.7084,0.7342,0.7484,0.0258,0.0104,0.0752,0.0688,0.447,3.331
12002,0.4438,0.6052,0.6310,0.6310,0.0258,0.0518,0.1543,0.1222,3.238,3.629
194,0.4520,0.6619,0.6877,0.6619,0.0258,0.0358,0.2152,0.1898,2.357,6.317
19314,0.5033,0.6606,0.6865,0.6477,0.0258,0.0058,0.3309,0.3339,-0.833,7.535
4596,0.3502,0.5858,0.6116,0.5871,0.0258,0.0311,0.1928,0.1851,0.603,4.608
7594,0.4695,0.6186,0.6443,0.6095,0.0258,0.0139,0.1714,0.1388,-2.111,4.709
17506,0.5702,0.6804,0.7062,0.6856,0.0258,0.0392,0.1085,0.0882,1.398,3.412
17837,0.4979,0.6173,0.6430,0.6546,0.0258,-0.0115,0.2187,0.1954,1.637,5.392
19474,0.6669,0.6804,0.7062,0.6959,0.0258,0.0046,0.2398,0.2030,0.679,5.080
15710,0.5539,0.7448,0.7706,0.7410,0.0258,-0.0393,0.1381,0.1144,1.164,4.949
4426,0.3813,0.6057,0.6314,0.6263,0.0258,0.0531,0.2279,0.2002,-0.398,5.661
4985,0.2188,0.5013,0.5271,0.5245,0.0258,0.0243,0.2062,0.1943,0.765,4.156
19503,0.3735,0.6005,0.6263,0.6070,0.0258,-0.0162,0.1572,0.1100,-2.022,2.554
23979,0.3898,0.5812,0.6070,0.6031,0.0258,0.0613,0.1163,0.1148,2.196,3.171
9589,0.2326,0.6753,0.7010,0.6559,0.0258,0.0473,0.1498,0.1409,0.042,3.632
1119,0.2539,0.5714,0.5972,0.5920,0.0257,0.0069,0.1681,0.1483,1.597,3.571
18419,0.3586,0.5302,0.5560,0.5277,0.0257,0.0149,0.1846,0.1498,3.933,4.219
2469,0.0932,0.5586,0.5843,0.5753,0.0257,-0.0324,0.1373,0.1434,1.945,2.942
23812,0.1989,0.5766,0.6023,0.6422,0.0257,-0.0162,0.1806,0.1328,5.097,2.977
6732,0.4060,0.5792,0.6049,0.6396,0.0257,0.0587,0.1644,0.1624,0.451,4.625
4535,0.4228,0.7426,0.7683,0.7593,0.0257,0.0465,0.2344,0.0989,-2.833,3.290
24729,0.6542,0.6847,0.7104,0.6654,0.0257,0.0160,0.1427,0.0805,2.178,3.363
24879,0.5743,0.7181,0.7439,0.7323,0.0257,0.0115,0.1859,0.1130,-2.212,3.825
11818,0.4601,0.6692,0.6950,0.6435,0.0257,0.0864,0.2199,0.1988,-1.378,5.819
9157,0.4720,0.6967,0.7224,0.7159,0.0257,-0.0011,0.2672,0.2099,-3.315,5.777
414,0.3953,0.6542,0.6799,0.6337,0.0257,0.0256,0.2021,0.1853,-0.188,5.123
9604,0.5695,0.6799,0.7057,0.7069,0.0257,0.0208,0.1710,0.1320,-2.606,3.807
22017,0.2890,0.6195,0.6452,0.5977,0.0257,0.0692,0.2009,0.1647,-2.697,4.046
14619,0.4130,0.6324,0.6581,0.6722,0.0257,-0.0438,0.1284,0.1354,2.597,3.517
18549,0.3613,0.5777,0.6033,0.5905,0.0257,-0.0023,0.1435,0.1418,-0.400,3.825
10449,0.2589,0.5828,0.6085,0.5623,0.0257,0.0554,0.2367,0.2042,3.812,4.810
4285,0.4934,0.7150,0.7407,0.7343,0.0257,0.0209,0.2372,0.1787,-0.928,5.463
8693,0.0662,0.5456,0.5712,0.5777,0.0257,0.0001,0.1711,0.1223,-1.204,3.052
9390,0.5128,0.6958,0.7214,0.7202,0.0257,0.0150,0.1795,0.1649,0.285,5.030
10752,0.3332,0.6167,0.6423,0.6333,0.0256,0.0000,0.1584,0.1560,-0.018,3.857
2645,0.4135,0.6667,0.6923,0.7077,0.0256,-0.0127,0.1616,0.1656,0.837,3.994
22853,0.2862,0.5692,0.5949,0.5846,0.0256,-0.0115,0.2266,0.1965,-1.388,4.630
12086,0.2286,0.6013,0.6269,0.5859,0.0256,0.0161,0.2052,0.1801,1.998,5.150
4449,0.5747,0.6744,0.7000,0.6641,0.0256,0.0034,0.1969,0.1869,-1.279,5.236
18778,0.3379,0.6300,0.6555,0.5737,0.0255,0.0916,0.3299,0.2151,-4.160,5.323
2309,0.2964,0.6247,0.6499,0.6273,0.0252,0.0089,0.3324,0.0325,7.287,2.130
14868,0.3783,0.6193,0.6441,0.6402,0.0248,0.0115,0.2145,0.1207,3.972,3.493
14442,0.4390,0.5990,0.6237,0.6497,0.0247,-0.0279,0.2197,0.1924,2.691,5.300
21683,0.5455,0.6632,0.6879,0.6788,0.0247,0.0884,0.2766,0.0613,6.101,3.449
2730,0.4975,0.6390,0.6636,0.6727,0.0247,0.0579,0.0688,0.0722,0.920,2.853
15690,0.3980,0.6156,0.6403,0.5766,0.0247,0.0323,0.1472,0.1297,2.129,3.407
18534,0.5067,0.7532,0.7779,0.7299,0.0247,0.0763,0.2720,0.2264,0.056,6.466
10959,0.4315,0.6991,0.7237,0.7354,0.0246,-0.0139,0.1135,0.0919,1.644,3.856
5582,0.5027,0.6291,0.6537,0.6174,0.0246,0.0360,0.1519,0.0849,3.192,2.652
24148,0.6012,0.7432,0.7678,0.7121,0.0246,0.0662,0.0850,0.0671,1.949,2.778
4693,0.5741,0.6978,0.7224,0.7069,0.0246,0.0395,0.2460,0.2073,1.348,7.079
2784,0.2922,0.5829,0.6075,0.6205,0.0246,0.0754,0.2715,0.2063,3.439,5.542
18898,0.1689,0.6231,0.6477,0.6658,0.0246,-0.0289,0.3123,0.2113,-3.719,5.039
23050,0.4195,0.5648,0.5894,0.5531,0.0246,0.0126,0.0952,0.0923,-0.594,2.837
10755,0.4232,0.5524,0.5770,0.6041,0.0246,-0.0103,0.2114,0.1623,2.156,5.011
5487,0.5381,0.7063,0.7309,0.6999,0.0246,0.0058,0.2095,0.1970,0.278,5.598
8258,0.3027,0.5666,0.5912,0.5498,0.0246,0.0268,0.2557,0.0814,5.797,2.662
3604,0.4927,0.7348,0.7594,0.7542,0.0246,0.0497,0.3056,0.2546,-0.996,6.584
10249,0.2809,0.5827,0.6072,0.5659,0.0245,0.0613,0.2759,0.0885,5.670,4.208
15551,0.5789,0.6189,0.6434,0.6214,0.0245,-0.0403,0.1286,0.1192,-0.460,3.022
8943,0.3726,0.5349,0.5594,0.5633,0.0245,-0.0000,0.2561,0.2109,2.702,6.540
22467,0.3968,0.5685,0.5930,0.5982,0.0245,0.0335,0.2399,0.1567,3.681,5.263
15065,0.2892,0.6072,0.6318,0.6072,0.0245,-0.0127,0.1084,0.1103,0.897,3.233
9407,0.2943,0.5995,0.6240,0.5607,0.0245,0.0347,0.1484,0.1479,1.344,3.927
16075,0.2337,0.5665,0.5910,0.5574,0.0245,0.0434,0.3455,0.1415,-5.687,2.873
20365,0.4978,0.6658,0.6903,0.6697,0.0245,-0.0046,0.1942,0.1523,-1.729,5.353
6152,0.4096,0.6116,0.6361,0.6155,0.0245,-0.0150,0.1515,0.1406,-1.209,4.213
24758,0.1841,0.5548,0.5794,0.4632,0.0245,0.1105,0.1647,0.1607,0.319,4.119
24427,0.4349,0.6994,0.7239,0.7006,0.0245,0.0392,0.2354,0.1705,3.637,4.911
13846,0.2879,0.6039,0.6284,0.5755,0.0245,0.0069,0.2742,0.2502,-0.917,6.329
14289,0.3749,0.7342,0.7587,0.7252,0.0245,0.0336,0.1510,0.1417,0.241,4.810
9192,0.5025,0.6800,0.7045,0.6787,0.0245,0.0254,0.1825,0.1527,1.402,4.724
23286,0.3190,0.5747,0.5992,0.5425,0.0245,-0.1012,0.0753,0.0820,1.274,1.590
16986,0.4768,0.6662,0.6907,0.7062,0.0245,0.0023,0.2563,0.2504,-2.786,5.873
458,0.4291,0.6856,0.7101,0.6765,0.0245,0.0127,0.1566,0.1364,-0.845,4.882
6852,0.3732,0.5554,0.5799,0.5631,0.0245,0.0381,0.2323,0.2072,-1.683,4.550
4905,0.5321,0.7165,0.7410,0.7448,0.0245,0.0462,0.2597,0.1958,3.334,6.051
15094,0.2681,0.5644,0.5889,0.6405,0.0245,0.0903,0.2326,0.2328,1.774,5.454
13449,0.3325,0.6263,0.6508,0.6057,0.0245,0.0359,0.1473,0.1425,2.561,4.520
18572,0.5836,0.6134,0.6379,0.6057,0.0245,-0.0380,0.1463,0.1313,1.441,4.881
20499,0.3724,0.6160,0.6405,0.6649,0.0245,-0.0461,0.0886,0.0975,1.202,2.681
20186,0.4055,0.6727,0.6972,0.6559,0.0245,-0.0323,0.2083,0.1681,-2.038,4.315
19604,0.3442,0.6911,0.7156,0.6860,0.0245,0.0035,0.1663,0.1564,0.320,4.711
13961,0.5431,0.7040,0.7284,0.7349,0.0245,-0.0000,0.2134,0.1894,-0.185,6.626
20651,0.2049,0.6216,0.6461,0.6100,0.0245,0.1168,0.2610,0.2284,-0.636,5.711
18367,0.5115,0.6873,0.7117,0.6795,0.0245,0.0196,0.2043,0.1709,-2.479,4.230
17923,-0.1729,0.4221,0.4466,0.4556,0.0245,0.0936,0.2366,0.2380,-0.262,4.535
3923,0.2838,0.5212,0.5457,0.5045,0.0245,0.0081,0.1913,0.1812,0.916,4.743
21520,0.3650,0.6242,0.6486,0.6216,0.0245,0.0566,0.2646,0.2358,-1.046,5.788
7469,0.5979,0.6589,0.6834,0.6950,0.0245,0.0287,0.1249,0.1118,1.777,4.725
9510,0.0656,0.5611,0.5856,0.5792,0.0245,0.0254,0.2071,0.1929,0.507,4.013
23371,0.6364,0.6615,0.6860,0.6551,0.0245,0.0612,0.1004,0.0790,0.872,3.387
9106,0.3904,0.6396,0.6641,0.6512,0.0245,-0.0668,0.1537,0.1633,-0.343,5.066
18717,0.3194,0.5341,0.5586,0.5985,0.0245,0.0058,0.1684,0.1282,2.672,3.327
3054,0.3136,0.6319,0.6564,0.6152,0.0245,0.0277,0.2576,0.2184,-1.335,5.371
11703,0.0845,0.4221,0.4466,0.3977,0.0245,0.0472,0.2544,0.2026,5.293,4.495
16028,0.3891,0.6474,0.6718,0.6731,0.0245,0.0393,0.2789,0.2656,0.289,6.172
18978,0.5254,0.7155,0.7399,0.7256,0.0244,0.0238,0.1519,0.1258,1.893,4.127
17591,0.4303,0.5913,0.6157,0.5643,0.0244,0.0219,0.2014,0.1547,4.263,4.971
23157,0.4887,0.6710,0.6954,0.6838,0.0244,0.0080,0.1999,0.1694,2.866,5.461
17192,0.3787,0.5913,0.6157,0.5938,0.0244,-0.0080,0.2519,0.2432,-0.492,6.439
24552,0.3783,0.6581,0.6825,0.6799,0.0244,0.0184,0.1928,0.1809,-1.082,4.642
14060,0.3541,0.5746,0.5990,0.5694,0.0244,0.0277,0.1251,0.1224,-0.065,3.235
23211,0.4011,0.7249,0.7494,0.7147,0.0244,-0.0219,0.1708,0.1619,0.345,5.004
22635,0.5219,0.7211,0.7455,0.7699,0.0244,0.0116,0.1206,0.0938,1.680,3.582
11537,0.4842,0.6247,0.6491,0.6195,0.0244,-0.0138,0.2143,0.1912,1.013,5.588
24659,0.1789,0.5540,0.5784,0.5553,0.0244,0.0069,0.2357,0.2403,2.316,5.017
3569,0.4825,0.7211,0.7455,0.7018,0.0244,0.0586,0.2261,0.1932,-1.190,5.382
3811,0.0961,0.4602,0.4846,0.4653,0.0244,0.0565,0.2751,0.2625,-0.010,5.195
24008,0.2067,0.6003,0.6247,0.6234,0.0244,0.0613,0.2365,0.2203,0.065,5.969
6971,0.2893,0.6452,0.6697,0.6170,0.0244,0.0324,0.1673,0.1615,0.293,4.345
22855,0.3897,0.5990,0.6234,0.6247,0.0244,0.0311,0.1358,0.1296,-1.097,3.178
19963,-0.1997,0.4576,0.4820,0.4165,0.0244,0.0357,0.3552,0.2207,-4.274,5.523
21090,0.4117,0.5733,0.5977,0.6028,0.0244,0.0276,0.1847,0.1368,3.336,4.627
19984,0.6179,0.7301,0.7545,0.7301,0.0244,0.0001,0.2016,0.1350,2.883,3.986
23264,0.6618,0.7497,0.7741,0.7445,0.0244,0.0429,0.1325,0.1069,-0.541,4.069
57,0.4132,0.7009,0.7253,0.7009,0.0244,0.0253,0.1739,0.1528,0.489,5.280
3472,0.5076,0.6816,0.7060,0.6778,0.0244,0.0092,0.1911,0.1787,-0.039,5.230
17804,0.3447,0.5777,0.6021,0.5956,0.0244,-0.0058,0.2049,0.1943,-0.314,4.402
10157,0.3397,0.5584,0.5828,0.5905,0.0244,0.0565,0.1766,0.1682,2.630,4.240
3331,0.5033,0.7615,0.7859,0.7453,0.0244,0.0213,0.1320,0.1105,-1.348,3.362
15972,0.4602,0.6500,0.6744,0.6731,0.0244,0.0012,0.1778,0.1812,-1.218,5.623
15023,0.3250,0.5458,0.5701,0.5916,0.0243,0.0012,0.3363,0.0407,7.786,2.449
19017,0.5294,0.7038,0.7278,0.6953,0.0240,0.0125,0.2013,0.1846,-1.359,5.504
551,0.5294,0.6167,0.6406,0.6565,0.0239,0.0116,0.1215,0.1266,0.892,4.172
5922,0.4513,0.6217,0.6455,0.6653,0.0238,0.0162,0.1578,0.0804,4.049,2.180
1741,0.3680,0.5456,0.5694,0.5627,0.0238,0.0153,0.3092,0.2124,3.631,6.758
4237,0.3484,0.6895,0.7132,0.7000,0.0237,0.0194,0.4156,0.2447,-6.675,5.443
20033,0.4316,0.5925,0.6161,0.5981,0.0236,-0.0108,0.3263,0.2352,3.014,6.903
3668,0.2007,0.5950,0.6186,0.5793,0.0236,0.0592,0.4211,0.2406,-5.334,5.985
22786,0.3634,0.6270,0.6505,0.6047,0.0236,-0.0035,0.2372,0.1455,4.511,4.582
658,0.3901,0.5812,0.6047,0.5314,0.0236,0.0209,0.1068,0.1331,3.498,3.166
12157,0.2876,0.5770,0.6005,0.5692,0.0235,0.0034,0.3348,0.2685,3.169,6.610
21057,0.4983,0.7327,0.7562,0.7106,0.0235,0.0370,0.2930,0.2044,-3.500,6.335
16959,0.0483,0.5655,0.5890,0.5200,0.0234,0.0301,0.3498,0.1718,6.027,4.225
13617,0.6075,0.6953,0.7188,0.6758,0.0234,-0.0254,0.1786,0.1580,2.090,4.592
22461,0.4702,0.5651,0.5885,0.5586,0.0234,0.0243,0.2303,0.1066,4.472,5.241
16911,0.5537,0.6749,0.6983,0.6853,0.0234,0.0429,0.1296,0.1040,-1.132,3.092
5853,0.4870,0.6974,0.7208,0.6831,0.0234,0.0081,0.1480,0.0996,2.430,3.983
19731,0.3629,0.5564,0.5798,0.6109,0.0233,0.0211,0.3681,0.3581,-1.366,8.202
22141,0.6989,0.7652,0.7886,0.7458,0.0233,0.0542,0.2319,0.1817,1.453,5.709
22730,0.4561,0.7043,0.7276,0.6848,0.0233,0.0186,0.2783,0.1518,-4.596,3.684
12630,0.3131,0.6153,0.6386,0.6425,0.0233,0.0024,0.2557,0.1938,3.531,5.982
14597,0.1801,0.4845,0.5078,0.4728,0.0233,-0.0279,0.3964,0.3085,-2.561,6.473
9213,0.0910,0.5920,0.6153,0.5984,0.0233,0.0940,0.2989,0.2026,3.598,6.043
11380,0.3818,0.6049,0.6282,0.6179,0.0233,0.0244,0.2779,0.2463,-1.003,5.684
21335,0.2601,0.5557,0.5790,0.5350,0.0233,0.0497,0.0777,0.0598,1.961,1.777
10968,0.2850,0.5920,0.6153,0.6438,0.0233,-0.0001,0.1360,0.0974,3.180,3.744
12805,0.5552,0.6878,0.7111,0.6645,0.0233,0.0173,0.2084,0.0929,4.659,3.231
16565,0.4807,0.6049,0.6282,0.5946,0.0233,0.0046,0.0784,0.0772,0.087,2.940
13898,0.1817,0.5877,0.6110,0.5877,0.0233,0.0315,0.3680,0.0252,8.382,1.499
16216,0.0221,0.5082,0.5315,0.6452,0.0233,0.1242,0.4131,0.3125,-4.494,5.817
7156,0.4312,0.5045,0.5278,0.5045,0.0233,0.0266,0.1019,0.1220,1.532,2.457
9259,0.4551,0.6054,0.6287,0.6442,0.0233,0.0094,0.0972,0.0883,1.508,2.903
19441,0.1772,0.4023,0.4256,0.4127,0.0233,0.0208,0.2185,0.1390,3.739,4.705
16346,0.4689,0.6326,0.6559,0.6818,0.0233,0.0461,0.1024,0.1069,0.113,3.782
872,0.1629,0.5356,0.5589,0.5356,0.0233,0.0046,0.2027,0.1568,-3.230,3.576
11416,0.5024,0.7038,0.7270,0.7219,0.0233,0.0430,0.2025,0.1509,3.414,4.816
1418,0.3879,0.6947,0.7180,0.7012,0.0233,0.0231,0.2532,0.1594,3.606,5.427
8236,0.5255,0.6860,0.7093,0.6770,0.0233,0.0104,0.1593,0.1216,-2.026,3.419
19134,0.4970,0.6240,0.6473,0.6499,0.0233,0.0362,0.2485,0.2500,-1.033,6.495
15978,-0.0447,0.6370,0.6602,0.6550,0.0233,0.2685,0.2759,0.2519,0.217,6.564
21785,0.4458,0.6576,0.6809,0.6292,0.0233,0.0127,0.2030,0.1792,0.032,5.521
24116,0.4369,0.7196,0.7429,0.7067,0.0233,0.0186,0.2535,0.2219,2.226,6.440
5726,0.4884,0.5736,0.5969,0.5840,0.0233,0.0176,0.2094,0.1050,4.341,3.597
4046,0.3508,0.5277,0.5510,0.6232,0.0232,0.0358,0.1145,0.1069,0.568,4.109
3108,0.4602,0.6194,0.6426,0.6348,0.0232,0.0659,0.2087,0.1968,0.914,6.395
4273,0.4929,0.6181,0.6413,0.6013,0.0232,0.0570,0.1308,0.0776,-1.546,2.188
18807,0.3514,0.5974,0.6206,0.5406,0.0232,-0.0127,0.1531,0.0857,3.016,3.454
13758,0.4412,0.5768,0.6000,0.5781,0.0232,0.0116,0.1859,0.1343,4.037,3.850
727,0.5450,0.6598,0.6830,0.6881,0.0232,0.0357,0.1261,0.1185,0.700,4.216
8907,0.0908,0.5631,0.5863,0.5425,0.0232,0.0391,0.1404,0.1314,1.616,3.950
24745,0.1961,0.5966,0.6198,0.6160,0.0232,-0.0069,0.2392,0.1121,5.344,3.222
24130,0.2247,0.5490,0.5722,0.5593,0.0232,0.0530,0.2066,0.2146,0.370,5.893
9773,0.4231,0.6538,0.6770,0.6396,0.0232,0.0428,0.1391,0.1129,-0.724,3.858
8550,0.4295,0.6873,0.7104,0.6551,0.0232,0.0705,0.1719,0.1138,1.616,4.094
5405,0.3344,0.6010,0.6242,0.5727,0.0232,0.0207,0.1574,0.1387,3.339,3.043
4846,0.4289,0.7490,0.7722,0.7194,0.0232,0.0828,0.3205,0.1494,-4.008,4.628
5721,0.4109,0.6100,0.6332,0.6165,0.0232,0.0035,0.1298,0.1331,0.652,4.181
4262,0.7198,0.7156,0.7387,0.6795,0.0232,0.0624,0.1865,0.1330,1.298,5.523
4610,0.4459,0.6898,0.7130,0.7310,0.0232,0.0667,0.2197,0.1883,1.473,4.777
12020,0.6260,0.6976,0.7207,0.7014,0.0232,-0.0196,0.1401,0.1090,3.198,3.489
5981,0.2081,0.6023,0.6255,0.5997,0.0232,0.0277,0.1739,0.1656,1.042,4.711
15123,0.0655,0.5701,0.5933,0.5624,0.0232,0.0807,0.2308,0.2089,2.043,4.763
16920,0.2589,0.6190,0.6422,0.6615,0.0232,-0.0046,0.1121,0.1023,1.473,2.613
11311,0.3425,0.6113,0.6345,0.6319,0.0232,-0.0161,0.1519,0.1351,1.233,3.876
4484,0.5799,0.6782,0.7014,0.6847,0.0232,0.0080,0.1090,0.1091,0.043,3.171
939,0.5663,0.7632,0.7864,0.7864,0.0232,0.0532,0.0915,0.0890,-0.441,3.633
5180,0.2104,0.6306,0.6538,0.6332,0.0232,0.0323,0.1881,0.1208,4.753,3.493
5254,0.5206,0.6504,0.6735,0.6697,0.0231,-0.0092,0.1910,0.1789,1.611,5.501
22203,0.4032,0.6812,0.7044,0.7185,0.0231,-0.0392,0.1718,0.1618,0.367,4.902
2507,0.3917,0.6491,0.6722,0.6748,0.0231,0.0369,0.1638,0.1389,-2.059,4.572
1223,0.3721,0.6632,0.6864,0.6838,0.0231,0.0530,0.1866,0.1867,1.036,4.685
16374,0.5922,0.7391,0.7622,0.7712,0.0231,0.0127,0.2187,0.1711,2.193,5.093
21939,0.3742,0.6118,0.6350,0.5835,0.0231,0.0161,0.2685,0.2483,-1.042,5.370
12818,0.4163,0.6098,0.6329,0.5931,0.0231,-0.0046,0.2067,0.2077,0.013,4.628
23868,0.4924,0.7189,0.7420,0.7086,0.0231,0.0046,0.2171,0.1936,2.057,5.769
9858,0.3741,0.5854,0.6085,0.5892,0.0231,0.0563,0.1601,0.1627,0.039,4.446
21519,0.5335,0.7445,0.7677,0.7766,0.0231,0.0370,0.1318,0.0987,1.723,3.529
1390,0.4643,0.6778,0.7009,0.6431,0.0231,-0.0382,0.1125,0.1161,-0.575,3.365
13876,0.4304,0.7047,0.7279,0.6727,0.0231,-0.0093,0.1127,0.0956,2.402,3.337
11385,0.1288,0.5905,0.6136,0.5815,0.0231,0.1209,0.2011,0.1610,0.548,5.045
23702,0.5949,0.6675,0.6906,0.6714,0.0231,-0.0012,0.1365,0.1335,0.180,4.889
5051,0.5351,0.6367,0.6598,0.6341,0.0231,-0.0092,0.1796,0.1404,2.977,4.591
7940,0.2401,0.6200,0.6431,0.6046,0.0231,-0.0173,0.1609,0.1355,2.321,3.922
12059,0.6160,0.7176,0.7407,0.7009,0.0231,0.0324,0.0999,0.0807,-0.940,2.600
16127,0.4271,0.7128,0.7359,0.6487,0.0231,-0.0739,0.1488,0.1317,-0.606,4.165
17247,0.1799,0.5769,0.6000,0.5526,0.0231,0.0161,0.2141,0.2139,0.517,5.736
19717,0.2498,0.5940,0.6163,0.6583,0.0223,0.1237,0.0952,0.0639,-0.358,2.024
6387,0.3301,0.5666,0.5888,0.5875,0.0222,-0.0245,0.2261,0.2237,1.063,5.498
16921,0.4986,0.6375,0.6597,0.6349,0.0222,-0.0173,0.1194,0.1316,-1.798,3.277
12730,0.2762,0.6154,0.6375,0.6389,0.0222,0.0313,0.3070,0.1045,6.132,3.037
8981,0.3487,0.6080,0.6302,0.6330,0.0222,0.0088,0.2891,0.1287,4.994,5.096
14982,0.3404,0.5286,0.5508,0.5742,0.0221,0.0288,0.1768,0.1704,3.464,4.220
18591,0.3638,0.5638,0.5859,0.5156,0.0221,0.0408,0.1238,0.0805,3.060,2.789
2236,0.3927,0.6060,0.6281,0.6450,0.0221,-0.0046,0.2289,0.1912,2.453,4.990
21716,0.2572,0.6156,0.6377,0.6273,0.0221,0.0972,0.2110,0.1445,3.923,3.847
11121,0.5334,0.7769,0.7990,0.7445,0.0220,0.0128,0.1747,0.1066,2.711,4.390
9073,0.5875,0.6775,0.6995,0.6813,0.0220,0.0428,0.1422,0.1172,-0.175,4.206
19918,0.1864,0.5803,0.6023,0.5622,0.0220,0.0046,0.1350,0.1087,2.710,4.407
5574,0.4371,0.6912,0.7132,0.6809,0.0220,0.0069,0.1071,0.1146,-0.148,3.534
8052,0.3761,0.6059,0.6279,0.6525,0.0220,-0.0069,0.0895,0.0765,-0.310,2.287
9183,0.4469,0.5840,0.6059,0.5749,0.0220,0.0314,0.1640,0.1619,-0.950,4.791
2193,0.5478,0.6550,0.6770,0.6537,0.0220,0.0139,0.2664,0.2122,2.652,6.110
14579,0.4638,0.6486,0.6705,0.6615,0.0220,0.0603,0.1184,0.1059,1.280,3.765
11710,0.4388,0.6279,0.6499,0.6072,0.0220,0.0023,0.0980,0.0959,0.025,3.343
193,0.5375,0.5845,0.6065,0.5806,0.0219,-0.0093,0.1743,0.1288,2.227,4.109
23510,0.3002,0.6400,0.6619,0.5858,0.0219,0.0868,0.2873,0.3085,-2.509,6.081
18314,0.4227,0.7084,0.7303,0.6903,0.0219,0.0429,0.2161,0.1555,-2.931,5.044
12057,0.3687,0.6568,0.6787,0.6116,0.0219,0.1031,0.2668,0.1165,5.171,4.687
20283,0.3865,0.6477,0.6697,0.6219,0.0219,0.0127,0.1596,0.1117,3.278,3.653
8935,0.3420,0.5742,0.5961,0.5716,0.0219,0.0642,0.1117,0.0945,-1.245,2.504
8164,0.4231,0.6284,0.6503,0.6374,0.0219,0.0302,0.2381,0.1994,1.675,5.902
11439,0.2231,0.5716,0.5935,0.5226,0.0219,-0.0023,0.1879,0.1397,-0.948,4.075
7823,0.6392,0.7835,0.8054,0.7680,0.0219,0.0299,0.1564,0.0986,-1.581,4.184
12145,0.3761,0.6314,0.6534,0.6585,0.0219,0.1292,0.2413,0.2119,-2.287,5.061
22221,0.5308,0.6637,0.6856,0.6727,0.0219,-0.0555,0.2026,0.1214,4.753,4.031
8,0.3103,0.5709,0.5928,0.5863,0.0219,0.0736,0.2831,0.1972,-2.113,5.241
14044,0.5725,0.6997,0.7216,0.6933,0.0219,0.0093,0.1352,0.1198,0.137,4.070
4992,0.3224,0.5374,0.5593,0.5219,0.0219,-0.0092,0.1129,0.0918,1.626,2.966
9456,0.3246,0.6070,0.6289,0.6418,0.0219,-0.0058,0.2110,0.1919,2.889,5.386
24035,0.4209,0.5902,0.6121,0.6108,0.0219,0.0495,0.1586,0.1361,2.138,4.971
21363,0.4460,0.6920,0.7139,0.6765,0.0219,0.0268,0.2274,0.1760,3.754,4.407
8366,0.5173,0.6430,0.6649,0.6314,0.0219,0.0277,0.0987,0.0852,-0.470,3.960
11023,0.3922,0.6430,0.6649,0.6186,0.0219,0.0484,0.2318,0.1110,4.027,4.185
3779,0.3702,0.5863,0.6082,0.6353,0.0219,0.0603,0.2329,0.1908,-1.894,5.019
11444,0.5369,0.6469,0.6688,0.6031,0.0219,-0.0427,0.1870,0.1855,-0.616,5.815
614,0.0609,0.6216,0.6435,0.5856,0.0219,0.1742,0.3161,0.2157,-2.855,6.060
17802,0.0620,0.4582,0.4801,0.4942,0.0219,0.0658,0.2119,0.1581,3.595,4.514
5031,0.2418,0.5817,0.6036,0.6486,0.0219,-0.0115,0.2439,0.1757,-2.011,3.261
5737,0.6401,0.7375,0.7593,0.7284,0.0219,0.0150,0.2041,0.0822,5.354,2.683
18318,0.4930,0.6705,0.6924,0.6448,0.0219,-0.0553,0.2339,0.1999,2.070,5.881
5694,0.2920,0.6757,0.6976,0.6924,0.0219,0.0208,0.2064,0.1197,3.736,4.106
11003,0.2083,0.5483,0.5701,0.5534,0.0219,0.0196,0.1629,0.1686,0.210,4.916
16805,0.4934,0.6577,0.6795,0.6976,0.0219,-0.0371,0.1294,0.1288,1.115,3.214
15463,0.5613,0.7233,0.7452,0.7104,0.0219,0.0521,0.1780,0.1641,-1.935,5.998
22394,0.2728,0.5663,0.5882,0.5444,0.0219,0.0127,0.2478,0.2478,2.687,6.231
18185,0.4367,0.6028,0.6247,0.5887,0.0219,-0.0322,0.2154,0.1808,-1.687,4.192
19772,0.5498,0.6864,0.7082,0.6851,0.0219,-0.0115,0.2020,0.0887,-3.190,2.894
8659,0.5443,0.6825,0.7044,0.6915,0.0219,-0.0034,0.1012,0.0957,0.584,2.722
2970,0.5424,0.6889,0.7108,0.6748,0.0219,0.0161,0.2190,0.1865,1.934,6.159
4318,0.2963,0.5951,0.6170,0.5913,0.0219,0.0035,0.2020,0.1916,2.596,4.603
10567,0.3857,0.5058,0.5276,0.5199,0.0218,-0.0208,0.1672,0.1684,0.523,4.227
20344,0.5659,0.6816,0.7035,0.6752,0.0218,-0.0335,0.1309,0.1374,-1.420,4.580
11918,0.3782,0.6641,0.6859,0.6256,0.0218,-0.0288,0.2167,0.2082,0.532,4.958
12167,0.1807,0.4821,0.5038,0.5077,0.0218,0.0046,0.2449,0.1344,-3.035,3.247
15703,0.3961,0.6301,0.6513,0.6671,0.0211,0.0534,0.2932,0.0941,6.101,3.249
1803,0.0691,0.5955,0.6165,0.5851,0.0209,0.0699,0.4112,0.1391,-5.251,5.004
2781,0.4279,0.6226,0.6435,0.6114,0.0209,-0.0022,0.3157,0.2676,-3.492,7.102
22628,0.3012,0.4681,0.4889,0.4498,0.0209,0.0326,0.2874,0.2424,0.961,6.754
3543,0.3189,0.6349,0.6558,0.6206,0.0209,0.0324,0.1321,0.1268,0.625,3.850
22326,0.4234,0.6258,0.6467,0.6362,0.0209,0.0598,0.2259,0.1505,4.310,5.028
21630,0.3180,0.4714,0.4922,0.4779,0.0208,0.0323,0.2416,0.2135,1.995,5.418
10956,0.7109,0.7542,0.7750,0.8036,0.0208,0.0220,0.2036,0.1565,1.832,5.961
10492,0.5779,0.7091,0.7299,0.6883,0.0208,0.0115,0.1059,0.1295,-1.168,2.950
16607,0.3152,0.5979,0.6187,0.6122,0.0208,0.0256,0.0731,0.0678,1.292,1.766
12677,0.5151,0.7043,0.7250,0.7328,0.0208,0.0465,0.1186,0.0987,1.329,3.768
18969,0.4791,0.6511,0.6719,0.6757,0.0208,0.0302,0.3037,0.2041,3.178,6.054
3855,0.2576,0.6684,0.6891,0.6308,0.0207,0.0140,0.3110,0.3037,-1.151,6.827
2746,0.2599,0.7461,0.7668,0.7591,0.0207,0.0863,0.1428,0.1146,-1.131,3.909
2545,0.3335,0.6378,0.6585,0.6274,0.0207,0.0127,0.2232,0.2084,0.086,5.606
20154,0.4694,0.6300,0.6507,0.6688,0.0207,0.0301,0.1305,0.0936,1.841,3.553
23251,0.2160,0.5783,0.5990,0.5705,0.0207,0.0081,0.2059,0.1707,2.226,4.632
14785,0.5195,0.6455,0.6662,0.6067,0.0207,0.0127,0.1743,0.1793,-1.054,5.583
8265,0.3166,0.6667,0.6873,0.6473,0.0207,0.0314,0.3525,0.1151,-5.592,2.867
15756,0.2933,0.5168,0.5375,0.5013,0.0207,-0.0116,0.2770,0.2834,0.874,5.333
8133,0.4078,0.7274,0.7481,0.6835,0.0207,0.0820,0.1075,0.0982,-0.428,3.849
6422,0.2414,0.5840,0.6047,0.5917,0.0207,0.0924,0.0980,0.0914,0.927,2.677
13195,0.2238,0.5814,0.6021,0.5530,0.0207,0.0219,0.2536,0.2535,0.997,6.450
15598,0.3247,0.5840,0.6047,0.6072,0.0207,-0.0070,0.1492,0.1587,0.082,4.415
5468,0.2902,0.5698,0.5904,0.6150,0.0207,0.0267,0.2557,0.2595,1.198,6.852
24199,0.5813,0.7458,0.7665,0.7781,0.0206,0.0000,0.1152,0.0761,3.314,2.366
12746,0.3525,0.5923,0.6129,0.6000,0.0206,0.0266,0.1043,0.0989,0.713,2.810
4211,0.3921,0.6645,0.6852,0.6632,0.0206,0.0875,0.1921,0.1823,1.472,5.453
11281,0.5719,0.7600,0.7806,0.7716,0.0206,0.0510,0.1242,0.1060,-0.286,3.935
867,0.3460,0.6465,0.6671,0.6503,0.0206,-0.0496,0.1773,0.1455,2.000,4.448
20991,0.6216,0.6916,0.7123,0.7071,0.0206,-0.0223,0.1482,0.1278,1.112,3.932
22435,0.2397,0.5644,0.5851,0.5387,0.0206,0.0405,0.2326,0.2346,-0.223,6.460
12492,0.2007,0.5889,0.6095,0.5928,0.0206,0.0184,0.2189,0.2157,0.996,5.581
23232,0.5001,0.6637,0.6843,0.6237,0.0206,-0.0353,0.3187,0.2525,-2.811,7.017
15783,0.2539,0.6314,0.6521,0.6147,0.0206,-0.0138,0.2727,0.2509,0.678,5.491
20158,0.6489,0.7191,0.7397,0.7410,0.0206,0.0381,0.1483,0.1270,-0.376,5.265
7508,0.4517,0.6649,0.6856,0.6572,0.0206,-0.0162,0.1172,0.0978,1.408,3.338
20706,0.6436,0.7642,0.7848,0.7668,0.0206,0.0472,0.1311,0.1139,-0.048,5.206
21267,0.4390,0.6881,0.7088,0.6959,0.0206,0.0450,0.2302,0.1884,-1.771,5.129
21410,0.6879,0.6701,0.6907,0.6443,0.0206,0.0149,0.1585,0.1254,2.041,4.287
460,0.3347,0.7113,0.7320,0.6765,0.0206,0.0369,0.2963,0.1679,-3.925,5.021
24099,0.2857,0.5541,0.5747,0.5477,0.0206,-0.0151,0.1316,0.1108,-0.274,3.498
21207,0.2886,0.6108,0.6314,0.6340,0.0206,0.0452,0.2852,0.2655,0.318,7.335
10854,0.5434,0.6469,0.6675,0.6521,0.0206,-0.0185,0.2664,0.2385,0.154,6.512
16454,0.1772,0.5245,0.5451,0.5335,0.0206,-0.0509,0.1945,0.1877,1.043,4.355
6801,0.3805,0.6319,0.6525,0.6165,0.0206,0.0173,0.1538,0.1325,-1.137,4.081
23363,0.4451,0.6667,0.6873,0.6628,0.0206,0.0462,0.2611,0.2412,0.358,6.138
24275,0.5376,0.6281,0.6486,0.6332,0.0206,0.0219,0.2222,0.1821,3.364,5.026
22959,0.1914,0.5689,0.5894,0.5985,0.0206,0.0680,0.2043,0.2046,1.998,4.725
19513,0.4500,0.6795,0.7001,0.6319,0.0206,0.0047,0.1495,0.1366,0.314,3.674
373,0.3815,0.5985,0.6190,0.5907,0.0206,0.0127,0.2006,0.1991,0.655,4.817
3906,0.6345,0.6860,0.7066,0.7117,0.0206,0.0046,0.1364,0.1283,0.814,4.771
17914,0.6127,0.6474,0.6680,0.6692,0.0206,0.0242,0.1598,0.1216,1.438,4.314
2158,0.2392,0.6332,0.6538,0.6589,0.0206,0.0255,0.1302,0.1103,2.247,3.411
13896,0.4159,0.6049,0.6255,0.6190,0.0206,0.0669,0.1736,0.1569,-1.435,4.372
14667,0.4537,0.6915,0.7121,0.6710,0.0206,0.0023,0.1590,0.1499,0.281,4.665
5796,0.2830,0.6260,0.6465,0.6015,0.0206,0.0139,0.1703,0.1633,1.362,3.937
9740,0.4315,0.6093,0.6298,0.6478,0.0206,-0.0208,0.1760,0.1661,-2.341,3.999
18680,0.3385,0.7789,0.7995,0.7725,0.0206,0.0430,0.2995,0.1435,-4.422,3.464
24370,0.1872,0.5488,0.5694,0.5283,0.0206,0.0150,0.1768,0.1730,2.040,3.433
17662,0.3006,0.6452,0.6658,0.6093,0.0206,0.0541,0.1485,0.1423,0.473,4.105
15149,0.3131,0.5861,0.6067,0.6080,0.0206,0.0290,0.3410,0.3173,-0.960,7.023
2208,0.3923,0.6710,0.6915,0.6761,0.0206,0.0451,0.1122,0.0963,2.885,4.142
18125,0.2950,0.5835,0.6041,0.6015,0.0206,-0.0403,0.2267,0.2046,2.304,5.562
18050,0.1811,0.5553,0.5758,0.5810,0.0206,0.0207,0.2031,0.1933,-0.108,5.210
21143,0.2289,0.6710,0.6915,0.7044,0.0206,0.0985,0.2262,0.1897,-1.615,5.293
7090,0.5171,0.6774,0.6979,0.6838,0.0206,0.0104,0.2226,0.2087,-0.850,5.473
10404,0.5019,0.6187,0.6393,0.6418,0.0205,0.0058,0.1823,0.1769,-0.233,5.500
1380,0.4419,0.6444,0.6650,0.6560,0.0205,-0.0208,0.1530,0.1424,0.480,4.506
9638,0.1881,0.5692,0.5889,0.6061,0.0198,-0.0209,0.1296,0.1196,1.733,2.417
2628,0.1686,0.5256,0.5452,0.5256,0.0197,0.0022,0.3592,0.2527,-5.908,5.893
14277,0.4038,0.7076,0.7272,0.6671,0.0196,-0.0361,0.1358,0.1177,-0.363,4.043
5704,0.0085,0.4008,0.4204,0.3773,0.0196,0.0575,0.3801,0.1514,-5.873,3.512
10083,0.2715,0.6662,0.6858,0.6323,0.0196,0.0236,0.3061,0.2586,-0.686,6.548
17744,0.3242,0.5671,0.5867,0.5919,0.0196,-0.0546,0.2655,0.0724,5.936,2.637
24401,0.5858,0.7305,0.7500,0.7292,0.0195,0.0445,0.0838,0.0892,0.351,2.108
6683,0.3176,0.5378,0.5573,0.4974,0.0195,0.0103,0.2022,0.1397,3.185,3.649
13381,0.4255,0.6801,0.6996,0.6619,0.0195,-0.0173,0.1331,0.1276,0.640,4.352
33,0.2741,0.6489,0.6684,0.6502,0.0195,-0.0128,0.1022,0.1115,1.546,3.029
1638,0.3755,0.6580,0.6775,0.6541,0.0195,-0.0139,0.3228,0.2553,-1.648,6.253
24050,0.2400,0.5150,0.5345,0.5189,0.0195,0.0208,0.3023,0.1322,6.386,3.865
15446,0.2600,0.6182,0.6377,0.5727,0.0195,0.0767,0.1662,0.1195,3.881,3.211
12342,0.6082,0.6974,0.7169,0.6519,0.0195,0.0344,0.1986,0.0775,3.776,2.266
9101,0.6614,0.7636,0.7831,0.7351,0.0195,0.0162,0.2273,0.1333,3.818,4.759
16481,0.3661,0.6519,0.6714,0.6792,0.0195,-0.0035,0.2688,0.1701,3.190,5.812
4719,0.5294,0.7821,0.8016,0.7730,0.0195,-0.0223,0.1477,0.0824,-0.895,3.227
17382,0.3937,0.6796,0.6991,0.7030,0.0195,0.0368,0.1063,0.0888,0.191,2.815
18843,0.3852,0.6503,0.6697,0.6736,0.0194,0.0601,0.0962,0.1000,1.618,2.339
20595,0.4816,0.6606,0.6801,0.6438,0.0194,0.0335,0.1299,0.1068,3.426,3.015
8309,0.5142,0.6378,0.6572,0.6300,0.0194,0.0034,0.0927,0.0948,1.024,2.732
22991,0.5666,0.7245,0.7439,0.6921,0.0194,0.0737,0.1647,0.1586,-0.516,5.443
9955,0.5646,0.6986,0.7180,0.6675,0.0194,0.0058,0.2371,0.1722,2.231,5.222
22735,0.3711,0.5938,0.6132,0.6235,0.0194,0.0752,0.1931,0.1219,3.232,3.544
20278,0.3225,0.5749,0.5943,0.5930,0.0194,0.0290,0.3604,0.3155,-1.911,6.957
8240,0.4469,0.6408,0.6602,0.6912,0.0194,0.0601,0.2184,0.1599,4.050,4.761
22256,0.3054,0.5840,0.6034,0.6770,0.0194,0.0104,0.2145,0.1573,-1.520,3.130
7887,0.1897,0.5052,0.5245,0.5207,0.0194,0.0173,0.2289,0.1589,4.611,4.108
1420,0.1705,0.5394,0.5587,0.5419,0.0194,0.0208,0.3522,0.3215,-1.430,7.672
6965,0.5389,0.6968,0.7161,0.7148,0.0194,0.0358,0.1095,0.0925,-0.241,3.039
22142,0.5594,0.7226,0.7419,0.7032,0.0194,0.0465,0.1527,0.1060,3.516,2.905
13407,0.2521,0.5032,0.5226,0.5213,0.0194,0.0615,0.1432,0.1318,3.826,2.901
2322,0.3982,0.6284,0.6477,0.5781,0.0194,0.0035,0.2013,0.1500,2.821,4.738
22925,0.4194,0.6013,0.6206,0.5910,0.0194,-0.0023,0.1572,0.1152,-2.016,3.226
18860,0.2145,0.5361,0.5554,0.5657,0.0193,0.0196,0.1965,0.1897,2.039,4.847
14587,0.1933,0.5438,0.5631,0.5271,0.0193,0.0475,0.2864,0.2986,0.277,6.672
6840,0.3878,0.6224,0.6418,0.6276,0.0193,0.0219,0.2202,0.2053,1.012,5.485
5220,0.1143,0.5039,0.5232,0.4845,0.0193,0.0300,0.1623,0.1453,3.511,3.774
2088,0.4659,0.6263,0.6456,0.6289,0.0193,0.0311,0.1560,0.1443,-2.148,4.498
15165,0.4762,0.6675,0.6869,0.6714,0.0193,-0.0104,0.1430,0.1321,-0.154,3.586
3369,0.5789,0.6443,0.6637,0.6430,0.0193,-0.0012,0.1710,0.1550,1.336,5.331
5305,0.2899,0.6456,0.6649,0.6546,0.0193,-0.0022,0.1960,0.1793,0.174,5.676
19450,0.6080,0.6469,0.6662,0.6418,0.0193,-0.0195,0.1917,0.1378,2.315,4.485
19110,0.4528,0.6508,0.6701,0.6534,0.0193,0.0428,0.1288,0.1371,1.227,3.180
7379,0.5782,0.7130,0.7323,0.7169,0.0193,-0.0070,0.1779,0.1550,1.830,5.365
22262,0.2524,0.6165,0.6358,0.6088,0.0193,-0.0175,0.2274,0.2313,1.558,5.346
13787,0.5314,0.6216,0.6409,0.6242,0.0193,0.0312,0.1283,0.1252,-0.146,3.831
20746,0.4814,0.6358,0.6551,0.6371,0.0193,0.0393,0.2233,0.0821,3.849,3.307
24576,0.4020,0.6358,0.6551,0.5972,0.0193,0.0115,0.2201,0.1629,-2.728,3.827
6460,0.3729,0.6564,0.6757,0.6396,0.0193,0.0462,0.2721,0.2665,-0.233,7.107
23237,0.4292,0.7143,0.7336,0.6834,0.0193,0.0738,0.2076,0.1674,0.852,5.039
15398,0.6320,0.7104,0.7297,0.6718,0.0193,-0.0046,0.1027,0.0960,1.104,3.942
15119,0.5981,0.6281,0.6474,0.5869,0.0193,0.0150,0.1423,0.0959,2.738,3.292
23310,0.2523,0.5856,0.6049,0.5817,0.0193,-0.0036,0.2176,0.1783,-1.692,4.077
6286,0.1961,0.6190,0.6384,0.6345,0.0193,-0.0732,0.1789,0.1667,1.514,3.884
1262,0.3876,0.6242,0.6435,0.6036,0.0193,0.0207,0.1650,0.1640,-0.196,4.492
22684,0.4996,0.6812,0.7005,0.6620,0.0193,-0.0023,0.1468,0.1468,0.053,3.762
4125,0.4003,0.6311,0.6504,0.6722,0.0193,0.0219,0.2000,0.1915,0.700,5.832
4464,0.2985,0.5373,0.5566,0.5566,0.0193,-0.0011,0.2080,0.2062,1.364,5.857
3274,0.2499,0.6311,0.6504,0.6337,0.0193,0.1109,0.2176,0.1825,-1.959,5.426
5599,0.3773,0.6324,0.6517,0.5797,0.0193,0.0012,0.1412,0.1027,2.941,2.341
16789,0.3150,0.6144,0.6337,0.6337,0.0193,0.0093,0.1585,0.1195,-2.121,3.361
11536,0.5593,0.6774,0.6967,0.6851,0.0193,0.0219,0.1337,0.1279,-0.009,4.309
22992,0.5674,0.6992,0.7185,0.6799,0.0193,0.0232,0.2469,0.2081,1.129,4.967
17521,0.2922,0.5784,0.5977,0.5835,0.0193,-0.0011,0.1500,0.1644,2.055,3.578
7905,0.4649,0.5553,0.5746,0.5501,0.0193,0.0173,0.2352,0.2188,0.798,5.761
7332,0.4514,0.6945,0.7137,0.7458,0.0193,-0.0429,0.1790,0.1499,1.749,4.797
19446,0.5136,0.6727,0.6919,0.6239,0.0193,-0.0035,0.1741,0.1666,2.479,4.917
709,0.3562,0.6341,0.6534,0.6354,0.0193,0.0335,0.2736,0.2586,-1.876,6.579
11061,0.3169,0.5661,0.5854,0.5392,0.0193,-0.0092,0.1657,0.1430,2.588,3.729
8559,0.3767,0.6123,0.6316,0.6444,0.0193,0.0139,0.1421,0.1181,2.227,2.918
8863,0.3756,0.6970,0.7163,0.7445,0.0193,0.0092,0.2332,0.2063,2.327,5.177
19088,0.4654,0.5828,0.6021,0.5866,0.0193,0.0035,0.1743,0.1578,-0.532,4.655
18503,0.3891,0.6462,0.6654,0.5910,0.0192,0.0637,0.1888,0.1603,-1.211,4.644
3594,0.3795,0.6500,0.6692,0.6577,0.0192,-0.0462,0.1531,0.1438,-0.487,4.245
16146,0.5564,0.6912,0.7099,0.6644,0.0187,0.0358,0.3407,0.1472,5.618,6.214
7624,0.4588,0.6247,0.6432,0.5928,0.0186,0.0526,0.2986,0.0709,6.754,2.588
9672,0.4323,0.6499,0.6684,0.6459,0.0186,0.0455,0.2355,0.2069,0.314,5.847
7705,0.3379,0.6671,0.6857,0.6194,0.0186,-0.0202,0.1979,0.0812,5.058,1.382
15057,0.4146,0.4803,0.4987,0.5395,0.0184,-0.0012,0.2699,0.1357,4.796,4.980
5566,0.2732,0.5539,0.5724,0.5421,0.0184,0.0698,0.0746,0.0488,2.332,1.330
5139,0.4862,0.6899,0.7083,0.6702,0.0184,0.0843,0.2358,0.1808,2.965,5.066
2261,0.5209,0.6566,0.6750,0.6199,0.0183,0.0739,0.1368,0.1212,1.614,3.686
13056,0.2358,0.5673,0.5856,0.6379,0.0183,0.0328,0.3617,0.3156,-1.313,6.406
2439,0.3881,0.5843,0.6026,0.6183,0.0183,0.0192,0.3289,0.1216,-5.166,2.959
21569,0.4680,0.6571,0.6754,0.6936,0.0183,-0.0268,0.2206,0.1410,-4.415,4.075
15794,0.3218,0.4993,0.5176,0.4746,0.0183,-0.0675,0.2908,0.0512,6.068,3.342
18611,0.0605,0.5411,0.5593,0.5267,0.0183,0.0161,0.2149,0.1822,-1.372,5.440
14874,0.0861,0.5463,0.5645,0.5645,0.0183,0.0091,0.1170,0.1041,0.095,2.558
7857,0.4537,0.6216,0.6398,0.6047,0.0182,0.0208,0.2852,0.1222,5.634,3.375
13667,0.3751,0.5753,0.5935,0.6078,0.0182,-0.0452,0.1326,0.0801,3.050,2.606
8671,0.2366,0.6494,0.6675,0.5922,0.0182,0.0535,0.3866,0.2115,-4.563,5.388
4435,0.6476,0.6688,0.6870,0.6792,0.0182,0.0683,0.0814,0.0710,-0.177,3.291
64,0.6063,0.7883,0.8065,0.7857,0.0182,0.0035,0.1747,0.1043,-2.233,3.097
13975,0.4108,0.6532,0.6714,0.6312,0.0182,0.0486,0.1222,0.0976,2.675,3.324
12764,0.6937,0.6991,0.7173,0.7056,0.0182,-0.0071,0.0713,0.0733,-0.032,1.603
23765,0.4047,0.6109,0.6291,0.6239,0.0182,0.0395,0.2834,0.2582,0.735,7.203
8280,0.4272,0.5855,0.6036,0.6049,0.0181,0.0012,0.1570,0.1273,3.268,3.225
16797,0.2825,0.5894,0.6075,0.5868,0.0181,0.0320,0.1201,0.1133,1.727,3.325
10287,0.5609,0.6839,0.7021,0.6749,0.0181,0.0104,0.2364,0.1799,2.067,5.612
5594,0.1188,0.4456,0.4637,0.5246,0.0181,0.1053,0.3157,0.1833,4.915,4.797
7947,0.2662,0.6269,0.6451,0.6295,0.0181,0.1352,0.1286,0.1495,0.337,3.628
22172,0.3994,0.7293,0.7474,0.6736,0.0181,0.0337,0.2890,0.0800,5.015,4.423
393,0.5137,0.6158,0.6339,0.6287,0.0181,0.0196,0.3172,0.2775,-1.646,7.514
10359,0.3309,0.5472,0.5653,0.5614,0.0181,0.0452,0.2071,0.0906,3.455,3.575
22144,0.6259,0.7180,0.7361,0.6598,0.0181,0.0138,0.1400,0.0791,3.061,3.377
1180,0.3867,0.6792,0.6973,0.6766,0.0181,0.0092,0.2344,0.2053,3.794,5.421
21022,0.2900,0.5679,0.5860,0.5304,0.0181,0.0716,0.1941,0.1068,3.775,4.038
19755,0.3572,0.6693,0.6873,0.6421,0.0181,0.0966,0.1362,0.1029,3.452,2.949
15514,0.4205,0.6382,0.6563,0.6382,0.0181,-0.0313,0.2091,0.1854,-1.694,4.356
3964,0.3064,0.6214,0.6395,0.6059,0.0181,0.0034,0.1860,0.1843,0.933,5.397
332,0.5294,0.5736,0.5917,0.5762,0.0181,0.0196,0.1684,0.1186,3.569,3.652
388,0.3264,0.6757,0.6938,0.6395,0.0181,-0.0092,0.1733,0.1409,2.798,4.629
23464,0.5293,0.6822,0.7003,0.7235,0.0181,0.0415,0.1200,0.1047,-0.094,3.388
15718,0.0679,0.6111,0.6292,0.6473,0.0181,0.1313,0.2880,0.1881,-2.957,4.992
22022,0.4112,0.6705,0.6886,0.6318,0.0181,0.0035,0.1478,0.1259,2.881,3.086
16725,0.3088,0.6796,0.6977,0.6796,0.0181,0.0405,0.2882,0.2608,0.808,6.086
14308,0.4959,0.6723,0.6903,0.6852,0.0181,0.0288,0.1312,0.1227,1.850,3.720
5972,0.4883,0.6258,0.6439,0.6748,0.0181,0.0231,0.1921,0.1439,3.416,4.719
23723,0.3419,0.5871,0.6052,0.5665,0.0181,-0.0369,0.2677,0.2473,-0.569,6.389
12055,0.4124,0.6065,0.6245,0.6323,0.0181,-0.0035,0.0898,0.0850,1.016,2.707
5027,0.6036,0.6465,0.6645,0.6890,0.0181,0.0693,0.1966,0.0588,4.469,3.576
9518,0.2361,0.5561,0.5742,0.5781,0.0181,-0.0358,0.2156,0.2180,1.221,5.311
17050,0.5025,0.6490,0.6671,0.7058,0.0181,-0.0035,0.2712,0.2130,-3.603,5.695
24043,0.4173,0.5773,0.5954,0.6005,0.0180,0.0518,0.2159,0.2043,-0.942,5.109
23043,0.4408,0.6302,0.6482,0.6302,0.0180,0.0587,0.2015,0.1628,-1.630,4.737
7484,0.2295,0.5039,0.5219,0.5129,0.0180,0.0370,0.1761,0.1489,3.045,4.880
20758,0.5110,0.6894,0.7075,0.7010,0.0180,0.0104,0.1033,0.0630,2.154,2.305
17196,0.5332,0.6276,0.6456,0.5747,0.0180,-0.0058,0.2522,0.1361,3.920,4.821
5469,0.3829,0.6392,0.6572,0.6237,0.0180,0.0312,0.1134,0.1180,1.181,3.590
930,0.3918,0.7036,0.7216,0.7242,0.0180,0.1243,0.2111,0.1959,-0.235,5.833
11548,0.4687,0.6469,0.6649,0.6765,0.0180,-0.0173,0.2127,0.1981,-1.223,5.446
3251,0.5811,0.7358,0.7539,0.8093,0.0180,0.0564,0.2088,0.1895,-0.903,5.863
23495,0.7311,0.7784,0.7964,0.8003,0.0180,0.0196,0.1667,0.1001,-1.946,3.890
5184,0.2596,0.6753,0.6933,0.6405,0.0180,0.0057,0.1742,0.1719,0.720,4.341
18712,0.1776,0.5825,0.6005,0.5915,0.0180,0.0220,0.1490,0.1274,3.744,2.939
19169,0.3964,0.6422,0.6602,0.5779,0.0180,-0.0151,0.1901,0.1565,3.032,5.070
1624,0.5095,0.7130,0.7310,0.7143,0.0180,0.0369,0.1111,0.1044,-0.008,3.139
5408,0.5870,0.6589,0.6770,0.6499,0.0180,-0.0334,0.2059,0.1662,-1.820,4.814
4700,0.3467,0.5959,0.6139,0.5997,0.0180,-0.0255,0.1813,0.1737,0.092,4.802
16004,0.2960,0.7169,0.7349,0.7117,0.0180,-0.0714,0.1522,0.1097,-1.508,3.752
14474,0.5014,0.7091,0.7272,0.7181,0.0180,0.0208,0.1311,0.1092,0.010,3.670
7672,0.3214,0.6139,0.6319,0.6088,0.0180,0.0394,0.2729,0.1976,-3.095,4.961
23457,0.6486,0.7246,0.7426,0.7490,0.0180,0.0416,0.2263,0.1941,1.459,5.762
457,0.3985,0.6358,0.6538,0.6268,0.0180,0.0231,0.1825,0.1645,0.154,4.158
13766,0.2041,0.6242,0.6422,0.6718,0.0180,0.0705,0.1147,0.1037,1.231,3.004
1754,0.4142,0.6358,0.6538,0.6396,0.0180,0.0416,0.2291,0.1673,-2.262,5.159
3503,0.5748,0.7378,0.7558,0.7211,0.0180,0.0415,0.1555,0.0887,2.797,3.772
10490,0.1972,0.5848,0.6028,0.6221,0.0180,-0.0371,0.2908,0.1563,-2.791,4.571
2994,0.2076,0.5244,0.5424,0.4949,0.0180,0.0438,0.2059,0.2072,0.489,4.888
1601,0.2787,0.5887,0.6067,0.6195,0.0180,-0.0127,0.1688,0.1690,0.863,4.705
7370,0.4575,0.6427,0.6607,0.6581,0.0180,0.0024,0.1789,0.1593,0.326,4.511
3181,0.2891,0.6028,0.6208,0.6118,0.0180,-0.0487,0.2722,0.2689,-1.836,6.970
2718,0.4375,0.6889,0.7069,0.7005,0.0180,0.0196,0.2998,0.2201,-4.494,5.118
6358,0.3958,0.6620,0.6799,0.6504,0.0180,-0.0093,0.2165,0.2073,1.486,5.508
12699,0.3677,0.6195,0.6375,0.6285,0.0180,0.0045,0.1600,0.1445,3.887,3.969
12502,0.2264,0.5751,0.5931,0.5635,0.0180,0.0464,0.1153,0.0883,2.706,2.947
6278,0.1782,0.5533,0.5712,0.5520,0.0180,0.0311,0.2279,0.2062,2.593,6.043
50,0.4973,0.6688,0.6868,0.6329,0.0180,0.0127,0.3006,0.2605,0.516,7.246
4946,0.4973,0.7253,0.7433,0.7381,0.0180,-0.0093,0.2156,0.1919,1.135,4.725
20337,0.3023,0.6090,0.6269,0.6205,0.0179,-0.0323,0.2269,0.2295,1.030,6.648
1971,0.1710,0.5441,0.5620,0.5366,0.0179,-0.0528,0.4094,0.2057,-5.716,5.218
212,0.2020,0.6992,0.7168,0.6992,0.0176,0.0516,0.4216,0.2305,-5.760,5.685
12797,0.6713,0.7048,0.7221,0.7021,0.0173,0.0327,0.2621,0.0800,5.913,3.470
325,0.3008,0.6255,0.6428,0.6746,0.0173,0.0278,0.2769,0.2711,-1.059,6.766
21904,0.2874,0.6677,0.6849,0.5679,0.0172,-0.0255,0.2387,0.0538,4.869,3.920
14165,0.4806,0.5958,0.6129,0.6260,0.0171,-0.0152,0.3151,0.1462,5.800,4.308
24093,0.5184,0.6194,0.6365,0.6050,0.0171,0.0534,0.2530,0.2027,1.499,5.661
13796,0.5640,0.6422,0.6592,0.6461,0.0170,0.0047,0.0883,0.1000,-0.159,3.102
20490,0.0678,0.6005,0.6175,0.5627,0.0170,-0.0315,0.1388,0.0845,2.947,2.731
4117,-0.1198,0.5431,0.5601,0.5026,0.0170,0.1393,0.2446,0.1088,-3.090,2.037
18379,0.4719,0.5703,0.5872,0.6055,0.0169,-0.0659,0.1123,0.1046,1.872,2.485
13186,0.6490,0.6849,0.7018,0.6979,0.0169,0.0151,0.1405,0.0603,2.938,2.584
21344,0.3638,0.5951,0.6120,0.5703,0.0169,0.0236,0.1219,0.1014,2.400,2.816
22630,0.2309,0.6541,0.6710,0.5683,0.0169,0.0940,0.2474,0.1387,5.467,3.954
3945,0.2165,0.6268,0.6437,0.6216,0.0169,0.0359,0.3231,0.2011,3.677,6.143
10169,0.4388,0.6706,0.6874,0.6498,0.0169,-0.0405,0.2478,0.2125,-1.465,4.834
6157,0.2907,0.4903,0.5071,0.5577,0.0169,0.0692,0.3051,0.1429,4.453,6.214
24397,0.3556,0.5855,0.6023,0.5894,0.0168,0.0439,0.2889,0.2778,-1.519,6.017
7073,0.2974,0.6438,0.6606,0.6062,0.0168,0.0104,0.2611,0.0759,6.520,2.649
2900,0.3288,0.5687,0.5855,0.5674,0.0168,0.0208,0.2869,0.2416,2.845,5.958
5145,0.5893,0.6554,0.6723,0.6684,0.0168,-0.0277,0.0924,0.0885,2.016,2.543
22290,0.5540,0.6917,0.7085,0.7098,0.0168,-0.0116,0.2335,0.0996,-3.259,2.470
6980,0.1585,0.6023,0.6192,0.6049,0.0168,-0.0127,0.1469,0.1141,-0.361,3.319
11413,0.2483,0.5809,0.5977,0.5602,0.0168,0.0128,0.2478,0.2122,3.427,5.114
10881,0.3178,0.6016,0.6184,0.6352,0.0168,0.0382,0.2379,0.1146,4.519,3.290
10362,0.2099,0.6533,0.6701,0.6572,0.0168,0.0625,0.2053,0.1527,-1.238,3.948
11383,0.2945,0.4845,0.5013,0.4755,0.0168,-0.0117,0.1727,0.1124,4.099,2.798
13104,0.2390,0.5568,0.5736,0.5530,0.0168,-0.0058,0.1760,0.1524,-0.798,3.705
4869,0.5110,0.6641,0.6809,0.7119,0.0168,0.0115,0.1973,0.1526,-2.150,3.892
18445,0.4617,0.7084,0.7252,0.6916,0.0168,0.0751,0.2566,0.1083,-3.461,3.111
7877,0.3156,0.5187,0.5355,0.5071,0.0168,-0.0093,0.2946,0.2727,1.884,6.434
4837,0.3507,0.5768,0.5935,0.5355,0.0168,-0.0208,0.1926,0.1375,2.737,4.302
8225,0.4286,0.6129,0.6297,0.5987,0.0168,0.0011,0.1647,0.1423,1.920,3.627
3366,0.2360,0.5200,0.5368,0.6000,0.0168,0.0623,0.1767,0.0953,3.696,3.421
14591,0.3699,0.6581,0.6748,0.6103,0.0168,0.0523,0.1576,0.1684,0.640,4.235
22789,0.5290,0.6877,0.7045,0.6361,0.0168,0.0278,0.0867,0.0789,0.018,2.462
13706,0.6409,0.6916,0.7084,0.7019,0.0168,-0.0081,0.2037,0.1415,2.306,4.638
21104,0.5247,0.6619,0.6787,0.6542,0.0168,0.0138,0.1411,0.1327,0.901,3.834
16794,0.2287,0.6129,0.6297,0.6168,0.0168,0.0371,0.1602,0.1543,0.571,3.398
13795,0.4400,0.6103,0.6271,0.5819,0.0168,0.0013,0.2160,0.2095,0.396,5.434
17807,0.3136,0.5974,0.6142,0.5548,0.0168,0.0359,0.2695,0.1924,4.062,5.208
2427,0.3602,0.5657,0.5825,0.6186,0.0168,0.0439,0.2981,0.2914,0.165,6.230
1430,0.4014,0.6585,0.6753,0.6379,0.0168,0.0439,0.3399,0.2593,-2.179,6.207
625,0.1598,0.5966,0.6134,0.6134,0.0168,-0.0797,0.1300,0.1265,1.073,3.422
19995,0.5963,0.7229,0.7397,0.7320,0.0168,0.0370,0.2002,0.1525,1.731,4.867
4017,0.3672,0.6173,0.6340,0.5889,0.0168,-0.0336,0.2188,0.1612,5.464,4.580
3047,0.5189,0.6778,0.6946,0.6727,0.0168,0.0057,0.1324,0.1332,-0.528,4.352
9033,0.3180,0.6740,0.6907,0.6585,0.0168,0.0508,0.1448,0.1309,2.339,4.489
24072,0.3634,0.5084,0.5251,0.5058,0.0167,0.0338,0.1261,0.0902,-2.030,2.735
13000,0.5202,0.5843,0.6010,0.5598,0.0167,0.0254,0.1219,0.1036,-1.247,3.596
1912,0.5690,0.7297,0.7465,0.7104,0.0167,0.0661,0.1608,0.1449,-0.250,4.233
20035,0.1877,0.5187,0.5354,0.5109,0.0167,-0.0057,0.2258,0.1738,3.110,5.254
949,0.5172,0.6474,0.6641,0.6641,0.0167,-0.0150,0.1812,0.1270,3.338,3.994
8636,0.4091,0.6293,0.6461,0.6190,0.0167,0.0576,0.2515,0.2305,0.492,5.960
16617,0.4914,0.6551,0.6718,0.6950,0.0167,-0.0485,0.1183,0.1189,0.391,4.025
17072,0.1640,0.5238,0.5405,0.5457,0.0167,-0.0230,0.2020,0.1727,3.131,4.594
24953,0.4499,0.6100,0.6268,0.6113,0.0167,-0.0034,0.1276,0.1303,1.301,3.503
275,0.3785,0.5843,0.6010,0.6049,0.0167,-0.0553,0.1431,0.1412,0.492,4.045
5297,0.3499,0.5985,0.6152,0.5959,0.0167,-0.0069,0.2281,0.2263,0.605,6.010
6568,0.4845,0.7722,0.7889,0.8057,0.0167,0.0784,0.2643,0.1904,-3.249,5.889
17022,0.1285,0.5637,0.5804,0.5701,0.0167,0.0380,0.2733,0.2239,-0.652,4.842
15247,0.4238,0.5817,0.5985,0.5393,0.0167,0.0081,0.1346,0.1159,3.013,3.708
20240,0.2086,0.5560,0.5727,0.5573,0.0167,0.0219,0.3770,0.3437,-2.737,6.911
13155,0.1778,0.5264,0.5431,0.4402,0.0167,-0.0058,0.2580,0.2534,0.404,5.878
892,0.5223,0.6860,0.7027,0.7001,0.0167,0.0335,0.1561,0.1226,2.083,3.982
18437,0.2272,0.6306,0.6474,0.6474,0.0167,0.1073,0.2281,0.1494,-1.634,4.242
2986,0.5761,0.7275,0.7442,0.7172,0.0167,0.0081,0.2046,0.1836,0.602,5.605
16512,0.4591,0.6787,0.6954,0.6812,0.0167,-0.0069,0.1131,0.1060,1.451,2.884
1377,0.2444,0.5938,0.6105,0.5887,0.0167,0.0404,0.2422,0.2315,1.067,4.821
15263,0.4249,0.6877,0.7044,0.6992,0.0167,0.0358,0.1237,0.1233,-0.301,3.589
21863,0.2347,0.5810,0.5977,0.6272,0.0167,0.0184,0.1213,0.1120,0.417,3.066
2455,0.5822,0.7031,0.7198,0.7031,0.0167,0.0357,0.1306,0.1188,1.801,4.619
18952,0.4100,0.6003,0.6170,0.6362,0.0167,0.0231,0.0878,0.0884,0.485,3.191
23597,0.5964,0.7147,0.7314,0.7159,0.0167,0.0253,0.2010,0.1805,-0.743,5.610
24567,0.5874,0.6688,0.6855,0.6752,0.0167,-0.0000,0.1273,0.1070,1.692,3.844
15265,0.4957,0.6727,0.6893,0.6431,0.0167,0.0311,0.2145,0.1987,-0.807,5.290
1367,0.5804,0.6769,0.6936,0.6551,0.0167,0.0496,0.2420,0.2085,-0.420,6.554
7873,0.3301,0.5458,0.5620,0.5216,0.0162,0.0234,0.0709,0.0983,1.351,1.663
23073,0.4163,0.6536,0.6698,0.6429,0.0162,-0.0299,0.1073,0.1071,1.230,2.644
23147,0.4190,0.6514,0.6676,0.6837,0.0162,0.0702,0.3052,0.1432,5.962,4.662
4680,0.2605,0.5908,0.6070,0.5828,0.0162,0.0509,0.1514,0.1446,2.116,4.530
23037,0.0803,0.4250,0.4409,0.4382,0.0159,0.0472,0.0667,0.0489,0.717,0.818
22015,0.3255,0.6525,0.6684,0.6286,0.0159,0.0012,0.3454,0.0960,-5.996,2.293
797,0.4197,0.5694,0.5852,0.6235,0.0159,0.0199,0.2812,0.1122,5.259,4.879
1767,0.0585,0.5112,0.5270,0.5020,0.0158,0.0166,0.2919,0.0292,6.756,1.963
20346,0.4785,0.6360,0.6518,0.6570,0.0158,0.0080,0.1744,0.1213,3.319,3.744
960,0.3740,0.7160,0.7317,0.7474,0.0157,0.0393,0.3095,0.2862,-0.218,6.324
15666,0.2977,0.6037,0.6193,0.6023,0.0156,0.0256,0.0769,0.0846,1.619,2.044
482,0.2858,0.6675,0.6831,0.6506,0.0156,0.0230,0.2073,0.0803,-2.720,2.081
23039,0.1182,0.5675,0.5831,0.5688,0.0156,0.1384,0.3141,0.2591,2.234,7.865
686,0.1028,0.5570,0.5725,0.5402,0.0155,0.0162,0.3378,0.2428,-2.084,6.365
8005,0.3775,0.6762,0.6917,0.6541,0.0155,0.0104,0.3663,0.1803,-6.020,4.391
4483,0.4880,0.6801,0.6956,0.6658,0.0155,-0.0289,0.1968,0.1254,3.548,3.764
19783,0.4449,0.7008,0.7163,0.7176,0.0155,0.0337,0.2060,0.1809,0.696,5.332
4350,0.4445,0.6619,0.6775,0.6749,0.0155,0.0104,0.1159,0.1028,-0.436,2.253
17725,0.5937,0.6714,0.6869,0.6223,0.0155,-0.0231,0.0946,0.1071,0.203,3.513
12555,0.3585,0.4877,0.5032,0.4799,0.0155,0.0438,0.2523,0.0527,5.017,3.658
5762,0.4841,0.7206,0.7361,0.7012,0.0155,0.0381,0.2265,0.1813,2.144,5.920
2889,0.3927,0.6429,0.6585,0.6442,0.0155,-0.0151,0.2802,0.0948,5.054,3.574
20435,0.0092,0.5362,0.5517,0.5659,0.0155,0.0750,0.0899,0.0721,1.656,2.123
16431,0.2191,0.6279,0.6434,0.6150,0.0155,-0.0338,0.3453,0.2202,-2.657,5.625
16429,0.2926,0.6447,0.6602,0.6279,0.0155,0.0532,0.0854,0.0898,1.101,2.089
395,0.3499,0.5711,0.5866,0.5659,0.0155,-0.0288,0.2346,0.1530,-3.437,4.445
10130,0.3823,0.6490,0.6645,0.6245,0.0155,-0.0139,0.2582,0.2465,0.114,6.162
7949,0.4061,0.6103,0.6258,0.6181,0.0155,0.0242,0.1889,0.1839,1.357,5.091
22157,0.0517,0.5845,0.6000,0.5665,0.0155,0.0092,0.1624,0.1251,2.870,3.149
10866,0.4366,0.6490,0.6645,0.6413,0.0155,0.0417,0.2580,0.1933,3.726,4.856
18271,0.5363,0.6632,0.6787,0.6400,0.0155,0.0162,0.2106,0.1763,-2.532,5.142
14690,0.6152,0.6929,0.7084,0.6929,0.0155,-0.0023,0.2002,0.1322,2.962,5.757
13986,0.5947,0.7600,0.7755,0.7600,0.0155,0.0357,0.2339,0.1893,-2.694,5.653
22796,0.4675,0.5135,0.5290,0.4877,0.0155,0.0438,0.1682,0.1371,2.977,4.367
16478,0.4126,0.7071,0.7226,0.7419,0.0155,0.0002,0.1094,0.1010,1.157,2.961
18472,0.4938,0.7023,0.7178,0.7242,0.0155,-0.0311,0.2277,0.1589,3.947,4.577
11492,0.4860,0.6289,0.6443,0.6856,0.0155,0.0496,0.1967,0.1628,3.090,5.263
14096,0.5876,0.6985,0.7139,0.6856,0.0155,0.0232,0.1618,0.1055,2.754,3.885
3695,0.3369,0.6314,0.6469,0.6289,0.0155,0.0276,0.2399,0.2376,1.244,5.913
8111,0.5445,0.7526,0.7680,0.7719,0.0155,0.0761,0.1905,0.1141,-2.925,4.735
13761,0.3701,0.5296,0.5451,0.5271,0.0155,0.0426,0.1189,0.1203,1.247,3.896
20592,0.2673,0.5554,0.5709,0.5567,0.0155,0.0011,0.2688,0.2142,3.438,5.589
666,0.4586,0.6418,0.6572,0.6482,0.0155,0.0139,0.2561,0.1963,2.989,6.361
7393,0.0738,0.5232,0.5387,0.4961,0.0155,0.0564,0.2843,0.2618,1.835,5.231
3813,0.4019,0.6211,0.6366,0.5773,0.0155,0.0359,0.1686,0.1412,2.166,4.453
22237,0.4489,0.6534,0.6688,0.6405,0.0155,0.0265,0.1178,0.1166,0.358,3.525
18252,0.3094,0.6203,0.6358,0.5817,0.0154,0.0589,0.1747,0.1579,1.937,4.288
18937,0.5328,0.7413,0.7568,0.7259,0.0154,0.0384,0.2332,0.1735,-2.420,5.194
5644,0.0265,0.4517,0.4672,0.4505,0.0154,-0.0208,0.1240,0.1169,0.654,3.130
9296,0.0967,0.5689,0.5843,0.5920,0.0154,0.0472,0.2048,0.1874,-2.035,4.546
6844,0.1987,0.6229,0.6384,0.6319,0.0154,0.0232,0.1481,0.1358,1.721,4.671
2579,0.1904,0.6036,0.6190,0.5753,0.0154,0.0253,0.2496,0.2342,2.112,6.384
2170,0.5735,0.7297,0.7452,0.7722,0.0154,-0.0139,0.1999,0.1633,0.380,6.461
11811,0.3303,0.6229,0.6384,0.6062,0.0154,0.0452,0.2155,0.1971,3.362,4.545
906,0.4655,0.6731,0.6885,0.6950,0.0154,0.0276,0.1367,0.1370,1.529,3.972
18946,0.3344,0.6602,0.6757,0.5920,0.0154,0.0962,0.1514,0.1150,3.640,4.687
11053,0.4296,0.7349,0.7503,0.7079,0.0154,0.0012,0.1280,0.0964,1.971,2.895
7051,0.3602,0.5560,0.5714,0.5856,0.0154,0.0093,0.1433,0.1470,2.278,2.958
12780,0.2920,0.6311,0.6465,0.5874,0.0154,0.1545,0.1590,0.1676,-0.194,4.865
20443,0.2945,0.6607,0.6761,0.6645,0.0154,0.0369,0.2264,0.2161,-0.888,5.914
19491,0.4809,0.6967,0.7121,0.7005,0.0154,0.0300,0.1413,0.1286,1.087,4.148
20494,0.5662,0.6504,0.6658,0.6015,0.0154,-0.0012,0.1686,0.1592,1.433,3.951
5134,0.2908,0.6131,0.6285,0.6080,0.0154,-0.0137,0.2856,0.2547,2.545,5.991
16993,0.4214,0.6607,0.6761,0.6362,0.0154,-0.0634,0.1809,0.1418,2.991,4.286
24398,0.4072,0.6067,0.6221,0.5488,0.0154,0.0634,0.2063,0.1964,-2.431,5.308
1903,0.3464,0.6868,0.7022,0.6816,0.0154,0.0718,0.2632,0.2434,1.064,5.516
19541,0.4389,0.6534,0.6688,0.6162,0.0154,0.0706,0.1762,0.1457,1.949,3.838
23099,0.5265,0.6885,0.7038,0.6603,0.0154,-0.0277,0.0874,0.0888,1.068,2.841
18553,-0.0633,0.5141,0.5295,0.5205,0.0154,0.0092,0.2647,0.2082,-2.861,4.327
13546,0.0865,0.5033,0.5178,0.5086,0.0145,0.0095,0.3240,0.2890,-2.233,5.848
23836,0.0108,0.4782,0.4927,0.5905,0.0145,-0.0106,0.3298,0.0642,7.501,2.436
3350,0.3401,0.5961,0.6105,0.5579,0.0145,-0.0145,0.2357,0.1610,5.679,4.065
1381,0.5220,0.7030,0.7175,0.7096,0.0145,-0.0071,0.2680,0.1559,-3.574,3.971
23508,0.5140,0.6781,0.6925,0.6846,0.0145,0.0162,0.2717,0.1560,4.172,4.942
8537,0.3513,0.6579,0.6723,0.6592,0.0144,-0.0069,0.2234,0.1456,-3.310,3.906
21557,0.4611,0.5627,0.5770,0.5352,0.0144,0.0104,0.3495,0.2950,2.288,7.686
9408,0.5330,0.7201,0.7344,0.7500,0.0143,0.0478,0.1885,0.1073,3.755,3.431
18146,0.3201,0.5273,0.5417,0.5352,0.0143,-0.0164,0.1456,0.1493,-1.131,4.695
16893,0.4062,0.6939,0.7082,0.6874,0.0143,0.0382,0.1120,0.1004,1.782,4.136
6111,0.7140,0.7873,0.8016,0.7873,0.0143,-0.0519,0.2319,0.1382,3.409,5.246
19187,0.4698,0.6109,0.6252,0.6278,0.0143,0.0070,0.1984,0.1134,3.265,3.695
7764,0.5323,0.6433,0.6576,0.5992,0.0143,0.0429,0.2717,0.2565,0.215,7.018
19999,0.3953,0.6541,0.6684,0.6619,0.0142,-0.0116,0.2717,0.2127,3.882,5.538
19914,0.2699,0.5933,0.6075,0.5907,0.0142,0.0197,0.3215,0.3154,0.467,7.383
11815,0.2960,0.6451,0.6593,0.6205,0.0142,0.0786,0.1536,0.1259,2.276,4.200
13468,0.3031,0.5899,0.6041,0.5472,0.0142,0.0023,0.0992,0.0919,2.758,2.365
7127,0.4689,0.6701,0.6843,0.6714,0.0142,-0.0519,0.1352,0.0908,2.382,3.025
21285,0.4664,0.6028,0.6171,0.6093,0.0142,0.0231,0.2080,0.2046,0.089,5.718
5413,0.2315,0.6028,0.6171,0.5718,0.0142,-0.0064,0.3672,0.1967,-6.565,4.634
5763,0.4107,0.5614,0.5757,0.5472,0.0142,0.0140,0.0904,0.0985,0.734,2.466
10251,0.4829,0.6753,0.6895,0.6624,0.0142,-0.0369,0.0872,0.0866,-0.009,3.085
12022,0.4497,0.6705,0.6848,0.6202,0.0142,-0.0127,0.1429,0.0929,2.952,3.176
24692,0.3826,0.6034,0.6176,0.5866,0.0142,-0.0116,0.2636,0.2545,1.445,5.776
3690,0.0745,0.5478,0.5620,0.6098,0.0142,0.1909,0.3770,0.3376,0.613,7.967
11017,0.4688,0.6744,0.6886,0.7054,0.0142,-0.0207,0.2274,0.1661,3.671,4.740
6939,0.2597,0.6059,0.6202,0.6447,0.0142,0.0000,0.1433,0.1403,1.851,3.119
20555,0.4456,0.6748,0.6890,0.6684,0.0142,0.0057,0.1756,0.1553,-0.143,5.589
1169,0.3675,0.6348,0.6490,0.6439,0.0142,-0.0460,0.1035,0.1021,1.407,3.181
7920,0.6300,0.6761,0.6903,0.6877,0.0142,-0.0241,0.1854,0.1581,1.696,4.791
8482,0.5078,0.7006,0.7148,0.6852,0.0142,0.0475,0.1527,0.1231,-0.239,4.520
8969,0.3907,0.5948,0.6090,0.5600,0.0142,0.0221,0.1202,0.0768,2.317,2.779
5909,0.3640,0.6710,0.6852,0.6465,0.0142,0.0173,0.1974,0.1381,2.442,5.433
22831,0.3853,0.6271,0.6413,0.6413,0.0142,-0.0288,0.1855,0.1784,0.359,5.845
16931,0.4270,0.6826,0.6968,0.6955,0.0142,0.0219,0.1367,0.1041,2.131,4.313
12136,0.2783,0.6800,0.6942,0.6439,0.0142,-0.0517,0.2403,0.1226,-2.573,3.871
6520,0.3499,0.6103,0.6245,0.6155,0.0142,0.0265,0.1276,0.1279,-0.463,3.645
17872,0.2096,0.5116,0.5258,0.5399,0.0142,0.0358,0.1846,0.1776,2.485,4.269
20254,0.4714,0.5709,0.5851,0.5735,0.0142,-0.0023,0.1746,0.1727,0.727,4.207
13517,0.5318,0.6637,0.6778,0.6894,0.0142,-0.0334,0.1434,0.0988,2.506,3.557
8489,0.5017,0.6933,0.7075,0.6907,0.0142,-0.0093,0.2335,0.2348,0.635,5.825
8440,0.3600,0.6585,0.6727,0.6740,0.0142,0.0172,0.1360,0.1058,-0.417,2.669
8114,0.6621,0.7294,0.7436,0.6920,0.0142,-0.0035,0.1162,0.0609,2.315,3.005
18237,0.0750,0.4343,0.4485,0.4149,0.0142,0.0150,0.2508,0.1613,3.638,5.507
15462,0.2783,0.6250,0.6392,0.6443,0.0142,0.0011,0.1687,0.1205,2.523,4.466
20513,0.3146,0.6521,0.6662,0.6224,0.0142,0.0647,0.0653,0.0801,1.846,1.571
316,0.2568,0.5245,0.5387,0.5374,0.0142,0.0634,0.2561,0.2524,0.058,5.713
18596,0.6966,0.7384,0.7526,0.7487,0.0142,0.0313,0.1847,0.1789,-2.084,4.960
17610,0.4313,0.6885,0.7027,0.6461,0.0142,-0.0069,0.3043,0.2349,-2.377,5.757
7772,0.4142,0.6808,0.6950,0.6602,0.0142,0.0219,0.1644,0.1018,3.064,4.004
9956,0.2565,0.5483,0.5624,0.5019,0.0142,0.0115,0.3267,0.2633,-2.559,5.935
4639,0.6644,0.7529,0.7671,0.7529,0.0142,0.0138,0.1929,0.1720,-0.737,5.704
8167,0.2778,0.6075,0.6216,0.6384,0.0142,0.0196,0.2030,0.1937,2.326,4.282
13877,0.3062,0.5740,0.5882,0.6203,0.0142,0.0012,0.1558,0.1639,0.791,4.942
2537,0.4626,0.6358,0.6499,0.6705,0.0142,-0.0173,0.1945,0.1859,0.354,4.909
8793,0.3753,0.5779,0.5920,0.5959,0.0142,0.0450,0.1993,0.1511,3.136,4.076
3844,0.3628,0.6375,0.6517,0.6260,0.0141,-0.0012,0.1583,0.1548,2.198,4.450
8104,0.5366,0.6645,0.6787,0.6607,0.0141,0.0448,0.1559,0.1374,1.280,4.881
14746,0.3576,0.6581,0.6722,0.6774,0.0141,-0.0242,0.2511,0.2085,-1.740,5.142
17606,0.2664,0.5771,0.5913,0.5681,0.0141,-0.0092,0.2439,0.1851,-2.337,4.212
14976,0.3630,0.5758,0.5900,0.6041,0.0141,0.0299,0.1784,0.1451,2.689,5.372
1463,0.4430,0.6658,0.6799,0.6594,0.0141,-0.0139,0.0946,0.0872,1.973,2.684
11575,0.3373,0.5964,0.6105,0.5656,0.0141,-0.0058,0.1839,0.1849,0.391,5.032
9845,0.4982,0.6594,0.6735,0.6401,0.0141,-0.0242,0.1540,0.1195,-1.690,3.646
959,0.5410,0.6195,0.6337,0.6067,0.0141,0.0173,0.1599,0.1543,0.507,4.565
11313,0.3809,0.7121,0.7262,0.7404,0.0141,0.0543,0.2562,0.2227,2.377,6.115
5900,0.4194,0.6452,0.6594,0.6478,0.0141,0.0762,0.2107,0.1883,-0.250,5.359
19434,0.4885,0.7150,0.7291,0.7099,0.0141,0.0313,0.2123,0.1804,1.903,4.947
12066,0.4065,0.5096,0.5237,0.5032,0.0141,0.0346,0.1565,0.1539,-0.745,3.848
19436,0.3892,0.6380,0.6521,0.6290,0.0141,0.0080,0.1927,0.1497,-1.341,4.090
10355,0.4726,0.6893,0.7035,0.6945,0.0141,0.0209,0.2136,0.1929,-3.481,5.124
2760,0.7192,0.7577,0.7718,0.7564,0.0141,-0.0081,0.0866,0.0822,0.583,3.568
2085,0.3787,0.5526,0.5658,0.5224,0.0132,0.0298,0.2643,0.1426,6.481,3.622
18561,0.4445,0.5789,0.5921,0.6039,0.0132,0.0210,0.3032,0.2239,3.559,6.325
22390,0.3838,0.5787,0.5919,0.5669,0.0131,0.0492,0.1807,0.0715,3.684,3.082
7144,0.2491,0.6260,0.6391,0.5761,0.0131,0.0301,0.3177,0.1493,5.417,4.999
20771,0.5275,0.6863,0.6993,0.6810,0.0131,0.0072,0.3019,0.2792,-1.205,7.685
17077,0.3541,0.5809,0.5940,0.5992,0.0131,0.0465,0.3235,0.0568,6.568,2.865
22069,0.4494,0.6606,0.6736,0.6450,0.0130,0.0117,0.1758,0.1202,3.292,3.784
10633,0.5039,0.6567,0.6697,0.6399,0.0130,0.0023,0.0656,0.0682,1.860,2.619
8116,0.6176,0.6865,0.6995,0.6930,0.0130,0.0082,0.1249,0.1086,-1.409,3.027
12524,0.2823,0.6826,0.6956,0.6775,0.0130,0.0922,0.1708,0.1545,-0.199,4.071
17747,0.5501,0.6740,0.6869,0.6649,0.0129,0.0013,0.2309,0.1606,-2.075,4.448
14981,0.3556,0.6818,0.6947,0.6662,0.0129,0.0614,0.1977,0.1427,-2.809,4.178
16209,0.2734,0.5239,0.5369,0.5304,0.0129,0.0116,0.1489,0.0879,3.005,2.670
9069,0.3721,0.6041,0.6171,0.6184,0.0129,-0.0394,0.2115,0.1876,-1.168,5.185
18638,0.6398,0.7025,0.7154,0.6934,0.0129,-0.0058,0.1420,0.1328,-0.347,4.123
11433,0.4866,0.6589,0.6718,0.6563,0.0129,0.0186,0.1320,0.1243,-0.453,3.731
8485,0.4965,0.7403,0.7532,0.7261,0.0129,-0.0233,0.3076,0.2821,-0.815,6.932
14844,0.4727,0.6550,0.6680,0.6240,0.0129,0.0035,0.1904,0.1636,-0.523,4.492
223,0.2427,0.6576,0.6705,0.6460,0.0129,0.0793,0.1552,0.1556,1.048,4.948
18845,0.5075,0.6731,0.6860,0.6809,0.0129,-0.0023,0.1372,0.1323,0.571,4.433
6640,0.3430,0.6512,0.6641,0.5879,0.0129,-0.0023,0.2571,0.2331,1.579,6.158
10343,0.5652,0.6516,0.6645,0.6568,0.0129,-0.0092,0.1056,0.1010,0.003,3.021
22948,0.4459,0.6723,0.6852,0.6735,0.0129,0.0450,0.2244,0.1659,2.918,4.557
15409,0.1125,0.5381,0.5510,0.5574,0.0129,-0.0368,0.2325,0.2180,1.160,5.725
5773,0.3105,0.6271,0.6400,0.6323,0.0129,-0.0264,0.2995,0.2604,-1.864,6.420
5436,0.3072,0.6387,0.6516,0.6439,0.0129,0.0080,0.1970,0.1967,0.998,4.792
16342,0.5419,0.7613,0.7742,0.7123,0.0129,0.0012,0.3138,0.2026,-2.241,5.498
11576,0.2953,0.6142,0.6271,0.6206,0.0129,0.0417,0.1972,0.1919,1.231,5.064
8501,0.5538,0.7123,0.7252,0.6826,0.0129,0.0600,0.2107,0.1539,2.684,5.097
8626,0.2438,0.5716,0.5845,0.5613,0.0129,0.0727,0.1350,0.1153,-0.995,3.018
3636,0.4328,0.6645,0.6774,0.6374,0.0129,-0.0208,0.1115,0.1135,0.151,3.327
1847,0.0368,0.5438,0.5567,0.5528,0.0129,0.1188,0.2073,0.1811,3.182,5.685
12097,0.3494,0.6289,0.6418,0.6340,0.0129,0.0451,0.2329,0.2155,0.774,7.087
12478,0.3619,0.6611,0.6740,0.6637,0.0129,0.0093,0.1828,0.1844,-1.210,3.144
15729,0.0498,0.4845,0.4974,0.4575,0.0129,-0.0115,0.2317,0.2343,1.388,4.996
19954,0.3120,0.5786,0.5915,0.5515,0.0129,-0.0866,0.1839,0.1479,-1.507,3.574
13189,0.3123,0.6160,0.6289,0.6443,0.0129,0.0011,0.2017,0.1681,3.047,4.662
6029,0.5330,0.7345,0.7474,0.6869,0.0129,0.0522,0.2159,0.1066,3.979,4.110
6748,0.4802,0.6237,0.6366,0.6031,0.0129,0.0289,0.2345,0.0908,5.726,2.749
16165,0.3212,0.5554,0.5683,0.5928,0.0129,-0.0334,0.1561,0.1727,2.436,3.828
2100,0.5254,0.6894,0.7023,0.6830,0.0129,0.0035,0.1240,0.1016,1.798,4.272
21825,0.2525,0.5997,0.6126,0.5792,0.0129,-0.0334,0.1761,0.1755,-0.256,5.378
433,0.4033,0.6100,0.6229,0.5586,0.0129,0.0219,0.2092,0.1847,1.895,5.364
16965,0.3337,0.6113,0.6242,0.6229,0.0129,-0.0520,0.2405,0.2037,-0.580,4.966
20237,0.5313,0.7387,0.7516,0.7542,0.0129,0.0393,0.2486,0.2215,0.061,6.276
24487,0.4573,0.5894,0.6023,0.5843,0.0129,0.0150,0.1230,0.1374,0.677,3.218
18817,0.4660,0.6319,0.6448,0.6062,0.0129,0.0184,0.1722,0.1683,0.734,5.050
13287,0.1700,0.5264,0.5393,0.4955,0.0129,0.0669,0.2227,0.1924,2.600,5.064
11008,0.4673,0.5856,0.5985,0.5753,0.0129,0.0196,0.1555,0.1351,1.959,4.461
13358,0.2639,0.5869,0.5997,0.5393,0.0129,0.0219,0.2652,0.2470,-1.082,5.191
15676,0.4994,0.6427,0.6555,0.6272,0.0129,0.0244,0.2631,0.2499,-0.385,6.862
8557,0.5960,0.7044,0.7172,0.7057,0.0129,0.0242,0.2113,0.1875,1.856,5.147
11563,0.3533,0.5578,0.5707,0.5116,0.0129,0.0465,0.2035,0.1739,3.376,4.234
24293,0.7205,0.7905,0.8033,0.7622,0.0129,0.0312,0.1498,0.0991,2.544,4.424
2673,0.2512,0.6195,0.6324,0.6195,0.0129,-0.0137,0.2488,0.2334,0.117,5.441
23821,0.4000,0.5707,0.5835,0.5206,0.0129,-0.0208,0.1520,0.1412,1.908,3.638
5097,0.5911,0.7249,0.7378,0.7031,0.0129,0.0058,0.1619,0.1348,0.716,4.362
15877,0.5501,0.7751,0.7879,0.7237,0.0129,0.0556,0.1780,0.1415,1.906,5.274
11825,0.5653,0.7185,0.7314,0.7416,0.0129,-0.0104,0.2375,0.2023,-0.525,5.994
5014,0.5036,0.7574,0.7702,0.7407,0.0128,0.0161,0.1909,0.1654,0.666,5.467
10330,0.2258,0.5353,0.5481,0.5096,0.0128,0.0093,0.2569,0.2543,0.169,5.445
9595,-0.0226,0.5058,0.5186,0.4878,0.0128,0.0161,0.3118,0.2610,-2.445,5.822
8551,0.2645,0.5597,0.5725,0.5674,0.0128,0.0218,0.2239,0.2251,2.475,5.396
21074,0.4838,0.6688,0.6816,0.6457,0.0128,0.0046,0.1943,0.1824,0.551,4.789
19438,0.2975,0.6341,0.6470,0.6470,0.0128,0.0218,0.1973,0.1460,-1.820,4.166
12406,0.2706,0.6650,0.6778,0.6277,0.0128,0.0636,0.2237,0.2203,3.248,4.651
7128,0.4938,0.6534,0.6662,0.6444,0.0128,0.0207,0.0903,0.1022,0.967,2.405
5717,0.4465,0.7000,0.7128,0.7128,0.0128,0.0058,0.1524,0.1384,0.802,4.049
13004,0.2469,0.5210,0.5332,0.4993,0.0122,0.0236,0.3092,0.1828,5.208,6.472
532,0.3387,0.5953,0.6071,0.5348,0.0118,0.0081,0.3496,0.2429,-2.538,6.277
3314,0.4397,0.6284,0.6402,0.6063,0.0117,-0.0327,0.2224,0.1777,2.809,5.242
8751,0.2984,0.5124,0.5241,0.4733,0.0117,0.0114,0.2282,0.0936,5.754,1.903
24377,0.3621,0.4746,0.4863,0.4928,0.0117,0.0023,0.2962,0.1327,5.151,3.827
942,0.1783,0.5651,0.5768,0.5820,0.0117,0.0391,0.3140,0.2751,-3.904,6.306
16706,0.4614,0.6411,0.6528,0.6580,0.0117,-0.0116,0.3018,0.2042,-5.425,4.015
21396,0.5648,0.7711,0.7828,0.7438,0.0117,0.0304,0.2991,0.2597,0.289,6.801
6794,0.1420,0.5377,0.5494,0.5571,0.0117,0.0046,0.1135,0.1191,1.648,2.937
6832,0.3078,0.6104,0.6221,0.4714,0.0117,0.0726,0.2254,0.1031,4.611,3.319
8952,0.5248,0.7558,0.7675,0.7442,0.0117,0.0358,0.1412,0.1191,1.138,4.148
18027,0.4548,0.6589,0.6706,0.6667,0.0117,0.0278,0.2725,0.2514,-1.555,5.828
14512,0.3483,0.6757,0.6874,0.6602,0.0117,-0.0047,0.2089,0.1862,1.726,5.398
14803,0.5867,0.6252,0.6368,0.5875,0.0117,0.0081,0.2396,0.1254,3.641,3.789
14612,0.2399,0.6554,0.6671,0.6127,0.0117,0.0219,0.1572,0.0958,2.853,3.415
7804,0.4160,0.5868,0.5984,0.6231,0.0117,-0.0046,0.2056,0.1152,4.144,3.386
3055,0.4148,0.6775,0.6891,0.6580,0.0117,-0.0150,0.1155,0.0776,2.353,3.197
22258,0.4959,0.6023,0.6140,0.5674,0.0117,0.0276,0.2137,0.1739,1.705,4.973
17219,0.2888,0.6067,0.6184,0.5899,0.0116,0.0380,0.1865,0.1759,-0.579,4.603
10689,0.3840,0.6339,0.6455,0.6831,0.0116,0.0288,0.1622,0.0907,4.407,2.637
7632,0.1659,0.4502,0.4618,0.4321,0.0116,0.0265,0.3298,0.2594,-1.714,4.878
14698,0.4969,0.7102,0.7219,0.7206,0.0116,0.0571,0.3128,0.2925,0.472,7.534
3096,0.2828,0.6680,0.6796,0.6021,0.0116,0.0069,0.1910,0.1622,-0.834,3.868
10132,0.6287,0.6774,0.6890,0.6800,0.0116,-0.0069,0.2070,0.1835,0.102,5.725
6574,0.5504,0.6594,0.6710,0.6490,0.0116,-0.0081,0.1259,0.1161,0.054,3.121
14508,0.3326,0.5303,0.5419,0.5290,0.0116,-0.0266,0.1395,0.1317,1.860,4.199
4682,0.4792,0.6039,0.6155,0.5923,0.0116,0.0207,0.2080,0.1742,1.862,5.351
11178,0.7228,0.7368,0.7484,0.7484,0.0116,0.0010,0.1216,0.0896,-0.962,3.303
4660,0.3147,0.6090,0.6206,0.6387,0.0116,0.0776,0.1843,0.1838,1.243,5.590
16859,0.3534,0.6039,0.6155,0.6400,0.0116,0.0462,0.1350,0.1073,2.639,3.193
21460,0.5823,0.7229,0.7345,0.6907,0.0116,0.0520,0.1743,0.1525,0.692,4.812
5221,0.5554,0.7268,0.7384,0.6611,0.0116,0.0242,0.1805,0.1239,-2.845,3.986
3560,0.3990,0.6624,0.6740,0.6482,0.0116,0.0207,0.1921,0.1831,0.167,5.596
4543,0.5590,0.6302,0.6418,0.6534,0.0116,-0.0254,0.1616,0.0944,2.661,3.592
1181,0.4142,0.6070,0.6186,0.5825,0.0116,0.0000,0.2125,0.2006,1.150,4.637
9222,0.3665,0.6070,0.6186,0.6295,0.0116,0.0069,0.1786,0.1798,0.476,4.738
19172,0.5457,0.6985,0.7101,0.6585,0.0116,-0.0462,0.1402,0.1471,-0.314,4.254
7907,0.2229,0.4369,0.4485,0.4265,0.0116,0.0012,0.2515,0.1768,3.698,5.043
2075,0.3300,0.5657,0.5773,0.5606,0.0116,0.0278,0.1356,0.1252,0.036,4.631
14068,0.4319,0.5966,0.6082,0.5451,0.0116,0.0324,0.1835,0.1186,3.471,3.106
13627,0.4655,0.6173,0.6289,0.6327,0.0116,0.0231,0.2481,0.1703,4.078,4.907
1197,0.5336,0.5889,0.6005,0.5889,0.0116,0.0185,0.1298,0.1232,-0.625,3.136
22903,0.4565,0.6250,0.6366,0.6456,0.0116,0.0185,0.1957,0.1608,2.947,4.655
886,0.2909,0.5547,0.5663,0.5508,0.0116,-0.0323,0.1395,0.1155,1.463,2.937
1714,0.5989,0.7117,0.7233,0.7207,0.0116,0.0185,0.2118,0.1560,2.231,5.718
31,0.2699,0.6667,0.6782,0.6435,0.0116,0.0543,0.1857,0.1581,1.429,4.142
18315,0.3393,0.6165,0.6281,0.6293,0.0116,-0.0046,0.2112,0.2109,2.091,5.263
1473,0.4267,0.6358,0.6474,0.6396,0.0116,0.0127,0.2275,0.1539,3.595,4.482
3075,0.6738,0.7156,0.7272,0.7477,0.0116,-0.0185,0.1833,0.1335,2.372,4.660
15587,0.2148,0.5766,0.5882,0.5843,0.0116,-0.0138,0.2721,0.2621,1.843,5.601
21853,0.1726,0.6190,0.6306,0.6190,0.0116,0.0428,0.1596,0.1388,2.126,4.128
6049,0.4434,0.7143,0.7259,0.7053,0.0116,0.0058,0.0919,0.0774,0.231,3.144
14185,0.6541,0.7892,0.8008,0.7738,0.0116,0.0438,0.2003,0.1496,-1.708,4.738
13422,0.1953,0.5656,0.5771,0.5887,0.0116,0.0162,0.3758,0.2828,-4.055,5.912
23036,0.4880,0.5925,0.6041,0.6208,0.0116,-0.0265,0.1736,0.1682,1.403,4.862
20383,0.0821,0.5225,0.5340,0.5712,0.0116,0.0614,0.2626,0.2597,0.717,6.386
19827,0.3571,0.6303,0.6418,0.5892,0.0116,0.0058,0.1994,0.1286,4.256,3.911
23387,0.5448,0.6624,0.6739,0.6418,0.0116,0.0347,0.2058,0.1963,-0.115,5.666
7568,0.2504,0.5462,0.5577,0.5487,0.0115,-0.0012,0.1805,0.1782,2.124,3.965
14837,0.3734,0.6769,0.6885,0.6526,0.0115,-0.0301,0.1342,0.1157,1.805,3.134
22463,0.1961,0.6540,0.6653,0.6681,0.0113,0.0953,0.4859,0.3254,-6.632,6.880
19780,0.3027,0.6939,0.7048,0.6789,0.0109,0.0685,0.1579,0.1111,3.757,3.488
12334,0.5552,0.6924,0.7033,0.6897,0.0108,0.0035,0.3116,0.1306,6.442,4.252
4780,0.2680,0.6810,0.6917,0.6984,0.0107,0.1395,0.4477,0.2108,-5.447,5.629
19012,0.4112,0.6999,0.7105,0.6813,0.0106,0.0036,0.1311,0.1156,2.256,3.285
4494,0.3900,0.6453,0.6558,0.6283,0.0105,0.0395,0.1604,0.0820,3.642,2.939
22123,0.3824,0.5516,0.5621,0.5294,0.0105,0.0328,0.2382,0.1141,3.843,4.837
8930,0.3213,0.6749,0.6854,0.7272,0.0104,0.1042,0.3677,0.1918,-4.631,5.451
1563,0.2980,0.6070,0.6175,0.5862,0.0104,0.0267,0.3140,0.1859,4.157,5.821
12553,0.5056,0.5757,0.5862,0.5509,0.0104,0.0498,0.1464,0.0925,2.914,3.629
20996,0.4717,0.6762,0.6866,0.6632,0.0104,0.0058,0.1179,0.0971,1.602,2.839
3524,0.0751,0.5117,0.5221,0.4688,0.0104,0.0346,0.1946,0.1921,-0.330,4.758
13117,0.0558,0.4332,0.4436,0.4565,0.0104,-0.0174,0.3686,0.1816,-5.370,4.355
10692,0.3731,0.5979,0.6083,0.5837,0.0104,0.0173,0.1323,0.1382,0.143,4.470
4594,0.3366,0.5642,0.5746,0.5655,0.0104,0.0220,0.1578,0.0960,-1.721,2.191
17140,0.4628,0.6723,0.6826,0.6749,0.0104,-0.0139,0.0674,0.0914,1.255,1.944
23079,0.4323,0.6140,0.6244,0.6127,0.0104,0.0346,0.0916,0.0892,1.827,2.652
21511,0.4528,0.6593,0.6697,0.6723,0.0104,0.0035,0.2626,0.1195,4.710,4.660
21433,0.5795,0.7293,0.7396,0.7358,0.0104,0.0450,0.2411,0.1456,-3.828,5.263
14867,0.5056,0.6300,0.6404,0.6261,0.0103,0.0382,0.1396,0.0957,2.785,2.735
20958,0.5275,0.6391,0.6494,0.6248,0.0103,0.0452,0.2389,0.0946,4.218,3.878
13247,0.3712,0.5964,0.6067,0.6067,0.0103,-0.0231,0.1324,0.1367,2.801,3.837
11653,0.4668,0.6624,0.6727,0.6636,0.0103,0.0070,0.2499,0.1594,3.372,5.594
24336,0.3112,0.6442,0.6546,0.6417,0.0103,-0.0266,0.0740,0.0693,-0.056,1.575
5634,0.4824,0.7545,0.7649,0.7571,0.0103,0.0349,0.2989,0.2455,-0.658,6.069
14836,0.2735,0.5762,0.5866,0.5762,0.0103,-0.0138,0.1254,0.1284,-0.251,2.710
16025,0.4762,0.6323,0.6426,0.6116,0.0103,-0.0022,0.2035,0.1606,1.814,6.281
3347,0.5168,0.6929,0.7032,0.7045,0.0103,0.0254,0.0922,0.0989,0.780,3.051
2299,0.5580,0.7110,0.7213,0.7135,0.0103,0.0231,0.1812,0.1575,0.917,5.241
17667,0.4320,0.6323,0.6426,0.6400,0.0103,-0.0174,0.1442,0.1398,0.908,3.650
4360,0.5349,0.6826,0.6929,0.6813,0.0103,0.0081,0.1643,0.1300,-1.603,3.979
6385,0.6365,0.6826,0.6929,0.7123,0.0103,0.0483,0.1913,0.1713,0.650,4.722
5654,0.2075,0.6039,0.6142,0.5910,0.0103,0.0150,0.0829,0.0789,1.423,2.805
3164,0.3368,0.6675,0.6778,0.6327,0.0103,0.1017,0.1156,0.1154,0.769,2.905
13230,0.6641,0.7474,0.7577,0.7423,0.0103,-0.0232,0.1461,0.1034,2.509,4.065
10475,0.6032,0.7178,0.7281,0.7332,0.0103,-0.0253,0.1412,0.1308,0.478,5.316
20609,0.3531,0.5212,0.5315,0.5560,0.0103,0.0461,0.2180,0.1986,0.240,6.189
14292,0.2804,0.5804,0.5907,0.5714,0.0103,0.0150,0.2107,0.1913,-1.398,5.115
24333,0.4461,0.6384,0.6486,0.6667,0.0103,-0.0023,0.1562,0.1529,1.426,3.601
4126,0.3386,0.6332,0.6435,0.6564,0.0103,0.0058,0.1167,0.1131,-0.264,3.289
18919,0.4113,0.5843,0.5946,0.5920,0.0103,0.0392,0.1771,0.1625,1.112,4.876
24046,0.2517,0.5972,0.6075,0.5882,0.0103,0.0103,0.1610,0.1610,-0.065,4.030
9788,0.1507,0.5354,0.5457,0.5341,0.0103,-0.0484,0.2264,0.1822,-1.320,4.905
14260,0.5410,0.6889,0.6992,0.6889,0.0103,0.0683,0.2068,0.1833,-0.519,6.167
17628,0.1825,0.5938,0.6041,0.6157,0.0103,0.0544,0.1582,0.1160,-1.409,2.622
12580,0.4827,0.6710,0.6812,0.6452,0.0103,0.0369,0.1812,0.1175,3.454,4.633
17054,0.1753,0.5476,0.5578,0.4859,0.0103,0.0034,0.1811,0.1814,-1.464,4.650
13139,0.4564,0.5874,0.5977,0.6105,0.0103,0.0035,0.2033,0.1997,2.271,5.141
14154,0.3510,0.6028,0.6131,0.5694,0.0103,0.0418,0.1917,0.1740,-1.755,4.351
13206,0.0608,0.6054,0.6157,0.6144,0.0103,0.0681,0.2446,0.1760,-1.972,4.245
1371,0.4050,0.6247,0.6350,0.6144,0.0103,0.0451,0.1129,0.1163,-0.036,2.532
21471,0.1208,0.5103,0.5206,0.5334,0.0103,0.0668,0.1939,0.1607,-1.879,3.346
9502,0.1792,0.6085,0.6187,0.6059,0.0103,0.0150,0.2285,0.2273,-2.904,5.210
16981,0.2719,0.5995,0.6098,0.6598,0.0103,0.0508,0.2442,0.2089,-2.671,4.913
12954,0.7009,0.7125,0.7227,0.7240,0.0103,-0.0173,0.1287,0.1311,-0.366,4.576
17603,0.3397,0.6072,0.6175,0.6123,0.0103,-0.0174,0.2063,0.1818,1.815,4.709
15324,0.3086,0.6115,0.6218,0.6192,0.0103,0.0057,0.1986,0.1992,3.616,4.492
21763,0.4634,0.5628,0.5731,0.5564,0.0103,-0.0312,0.1290,0.1347,1.414,3.967
4769,0.2028,0.6377,0.6474,0.6543,0.0096,-0.0193,0.0607,0.0665,0.938,1.668
24873,0.2984,0.5681,0.5777,0.5997,0.0096,-0.0058,0.3593,0.2329,4.210,7.440
10762,0.3309,0.6403,0.6497,0.6121,0.0094,0.0094,0.3432,0.1188,6.861,3.664
2616,0.4627,0.7397,0.7490,0.6972,0.0093,-0.0247,0.3092,0.2639,2.716,6.608
16266,0.2420,0.5283,0.5375,0.5072,0.0092,0.0554,0.1032,0.0586,-0.887,2.199
22840,0.3521,0.6217,0.6309,0.5249,0.0092,0.0360,0.3505,0.3193,1.928,7.552
7296,0.3413,0.5770,0.5862,0.5979,0.0091,0.1868,0.1378,0.0652,-0.876,2.119
1471,0.1907,0.6441,0.6532,0.6610,0.0091,0.0082,0.4262,0.1618,-7.136,4.885
5531,0.5137,0.7344,0.7435,0.6784,0.0091,0.0139,0.2312,0.1478,4.215,4.116
3766,0.5206,0.5820,0.5911,0.5430,0.0091,-0.0352,0.2327,0.1071,3.914,4.094
13925,0.3777,0.5872,0.5964,0.5768,0.0091,-0.0254,0.2573,0.1741,3.601,4.685
13477,0.3886,0.5813,0.5904,0.6112,0.0091,0.0139,0.3397,0.2240,-3.239,5.420
10151,0.4184,0.7588,0.7678,0.7613,0.0091,0.0522,0.3176,0.2893,0.502,6.932
4227,0.4920,0.5875,0.5966,0.6291,0.0091,-0.0046,0.1211,0.1167,-1.117,3.099
8179,0.4420,0.7147,0.7237,0.7121,0.0091,0.0105,0.3022,0.2582,2.003,6.944
2138,0.2865,0.5505,0.5596,0.5829,0.0091,0.0442,0.3265,0.1238,-4.907,2.903
11067,0.3779,0.6282,0.6373,0.6062,0.0091,0.0510,0.2789,0.2640,3.193,6.156
22292,0.4202,0.6671,0.6762,0.6723,0.0091,-0.0081,0.1453,0.0836,2.694,3.066
5653,0.3345,0.6016,0.6106,0.6197,0.0091,0.0092,0.1807,0.1767,1.244,4.892
20667,0.3771,0.5666,0.5757,0.5239,0.0091,0.0059,0.3424,0.0925,-5.633,1.325
5954,0.5999,0.7141,0.7232,0.7025,0.0091,0.0473,0.2043,0.1695,2.216,4.699
13459,0.1744,0.6352,0.6442,0.6093,0.0091,0.0127,0.3179,0.2923,0.566,6.404
3848,0.2744,0.5705,0.5796,0.5705,0.0091,0.0281,0.2874,0.1424,5.042,4.768
11648,0.1920,0.5568,0.5659,0.5543,0.0090,0.0057,0.3238,0.3086,1.077,6.536
16773,0.3604,0.6189,0.6279,0.6150,0.0090,0.0613,0.1395,0.1272,2.512,3.754
2501,0.2046,0.6189,0.6279,0.5685,0.0090,-0.0280,0.2326,0.1417,4.978,3.418
8545,0.5688,0.7016,0.7106,0.6783,0.0090,0.0740,0.2330,0.1784,-2.573,5.721
14788,0.4320,0.6137,0.6227,0.6202,0.0090,-0.0220,0.0855,0.1197,1.407,2.685
764,0.5421,0.7390,0.7481,0.7416,0.0090,0.0197,0.3169,0.1895,-3.768,4.801
12503,0.4398,0.6693,0.6783,0.6202,0.0090,-0.0011,0.1880,0.1592,2.312,4.687
16400,0.4968,0.6731,0.6822,0.6512,0.0090,0.0058,0.1007,0.1046,0.467,3.194
15762,0.3441,0.7458,0.7548,0.7716,0.0090,0.1350,0.2921,0.1017,-4.612,2.957
11980,0.6778,0.7161,0.7252,0.6916,0.0090,-0.0150,0.1169,0.1075,1.326,3.826
10562,0.5725,0.6761,0.6852,0.6929,0.0090,0.0115,0.1280,0.1359,-0.129,4.627
17870,0.2951,0.5832,0.5923,0.5135,0.0090,0.0463,0.1772,0.1525,2.971,4.773
11902,0.5316,0.7058,0.7148,0.6774,0.0090,0.0835,0.1393,0.1130,1.203,4.503
17070,0.3731,0.6400,0.6490,0.6574,0.0090,0.0393,0.0877,0.0942,1.080,2.383
13175,0.3346,0.6581,0.6671,0.6503,0.0090,0.1028,0.1432,0.1342,1.456,4.533
8791,0.3902,0.6555,0.6645,0.5729,0.0090,-0.0070,0.2085,0.1296,4.882,3.368
20161,0.3955,0.6839,0.6929,0.6671,0.0090,0.0300,0.0895,0.0885,1.907,2.667
20563,0.4539,0.6645,0.6735,0.6348,0.0090,0.0590,0.1715,0.1672,1.261,5.891
10272,0.2937,0.5747,0.5838,0.6044,0.0090,0.0220,0.1405,0.1495,0.285,3.519
15385,0.1914,0.5387,0.5477,0.5515,0.0090,0.0510,0.3366,0.2799,-4.922,5.084
12918,0.2890,0.6276,0.6366,0.6263,0.0090,-0.0069,0.1212,0.1127,1.062,3.130
22244,0.4284,0.5851,0.5941,0.5838,0.0090,0.0231,0.2191,0.2017,-0.375,5.666
9132,0.4395,0.5606,0.5696,0.5554,0.0090,-0.0162,0.2544,0.1529,4.723,4.071
19846,0.2770,0.6268,0.6358,0.6435,0.0090,-0.0070,0.1448,0.1414,-0.608,4.321
3398,0.4572,0.6680,0.6770,0.6139,0.0090,0.0311,0.1728,0.1250,3.282,4.723
4561,0.4010,0.6963,0.7053,0.7156,0.0090,-0.0174,0.1217,0.1151,0.790,2.842
23881,0.3296,0.6371,0.6461,0.6229,0.0090,0.0806,0.2443,0.1986,-1.425,5.975
18815,0.5249,0.6461,0.6551,0.6770,0.0090,0.0023,0.1285,0.1309,1.680,3.915
21144,0.3054,0.7503,0.7593,0.7323,0.0090,0.0743,0.1802,0.1550,-0.165,4.115
23966,0.3295,0.5804,0.5894,0.6203,0.0090,-0.0736,0.1951,0.1826,0.376,3.965
2693,0.4793,0.6499,0.6589,0.6268,0.0090,-0.0035,0.2221,0.2262,-0.877,6.106
24613,0.6796,0.6770,0.6860,0.6564,0.0090,-0.0126,0.1944,0.1472,1.800,5.248
23013,0.4914,0.6692,0.6782,0.6757,0.0090,-0.0472,0.1789,0.1187,-1.749,3.589
3796,0.2955,0.6319,0.6409,0.5972,0.0090,-0.0208,0.2622,0.2746,-2.506,6.481
14214,0.5223,0.7387,0.7477,0.7040,0.0090,0.0242,0.1719,0.1276,1.887,3.987
5330,0.6816,0.7915,0.8005,0.8353,0.0090,0.0208,0.1227,0.0843,-0.908,2.972
7575,0.3366,0.6242,0.6332,0.6293,0.0090,0.0393,0.1237,0.1086,-0.173,2.678
11043,0.5354,0.6067,0.6157,0.5887,0.0090,0.0116,0.2007,0.1288,4.355,4.060
2141,0.4845,0.6465,0.6555,0.6465,0.0090,0.0035,0.1331,0.1249,1.608,3.309
8796,0.3597,0.6465,0.6555,0.6118,0.0090,0.0520,0.1680,0.1534,2.311,4.826
21655,0.3612,0.7249,0.7339,0.7069,0.0090,0.0279,0.1576,0.1320,-0.974,4.287
13181,0.4753,0.6979,0.7069,0.6735,0.0090,0.0806,0.1307,0.1120,-0.806,3.589
15686,0.2730,0.5476,0.5566,0.5308,0.0090,0.0702,0.1576,0.1470,1.862,4.559
10685,0.1488,0.5990,0.6080,0.5990,0.0090,-0.0127,0.1995,0.1508,-2.577,4.247
12220,0.5244,0.6868,0.6958,0.6919,0.0090,-0.0276,0.2392,0.2114,-0.333,5.970
14689,0.5342,0.6701,0.6791,0.6547,0.0090,0.0565,0.1778,0.1576,0.657,4.700
4076,0.3796,0.6123,0.6213,0.6200,0.0090,-0.0058,0.2453,0.2306,-0.965,6.043
5884,0.5495,0.7047,0.7137,0.7317,0.0090,0.0647,0.2145,0.1697,2.473,5.224
3987,0.4856,0.7022,0.7112,0.7330,0.0090,0.0173,0.1314,0.1008,1.897,3.317
258,0.4854,0.5995,0.6085,0.6110,0.0090,0.0207,0.1509,0.1592,1.371,4.207
3949,0.3213,0.6103,0.6192,0.6205,0.0090,0.0738,0.1588,0.1192,3.019,3.325
15829,0.2500,0.6103,0.6192,0.5821,0.0090,-0.0264,0.1973,0.1652,2.856,4.860
116,0.4613,0.6782,0.6872,0.7115,0.0090,0.0126,0.2073,0.2058,-0.806,6.211
1942,0.1906,0.5110,0.5199,0.5434,0.0088,-0.0136,0.3082,0.1248,6.044,4.672
6386,-0.2657,0.5040,0.5121,0.4853,0.0080,0.1685,0.1122,0.0675,-0.109,1.106
9568,0.2299,0.5622,0.5701,0.5595,0.0079,0.0414,0.4226,0.2074,-7.088,4.476
9163,0.5688,0.5921,0.6000,0.6224,0.0079,0.0338,0.3004,0.1971,4.045,6.274
9478,0.5347,0.6491,0.6570,0.6886,0.0079,-0.0144,0.2560,0.2163,1.951,7.228
3983,0.5795,0.7176,0.7255,0.6745,0.0078,0.0142,0.2742,0.1977,1.772,6.446
7214,0.3711,0.6240,0.6319,0.6005,0.0078,-0.0219,0.2502,0.1208,5.255,3.460
14070,0.1461,0.5631,0.5709,0.5748,0.0078,0.0291,0.3556,0.2882,-2.727,6.314
11206,0.2395,0.5501,0.5579,0.6073,0.0078,0.0438,0.1716,0.1371,2.909,3.918
17194,0.4743,0.6844,0.6922,0.6766,0.0078,-0.0439,0.1081,0.1000,1.720,3.068
14639,0.5947,0.7117,0.7195,0.7065,0.0078,0.0580,0.1829,0.1023,-1.701,2.400
17116,0.4760,0.6861,0.6939,0.7198,0.0078,0.0200,0.3372,0.3192,0.814,8.357
24340,0.1189,0.5525,0.5603,0.5694,0.0078,-0.0231,0.1010,0.0987,-0.384,2.922
19158,0.2872,0.6619,0.6697,0.6256,0.0078,0.0244,0.1595,0.1146,-0.926,3.520
18372,0.0516,0.5524,0.5602,0.5744,0.0078,-0.0280,0.4326,0.1985,-5.458,5.405
17390,0.3354,0.6533,0.6611,0.6016,0.0078,0.0559,0.2917,0.1843,4.109,5.908
14393,0.3328,0.6908,0.6986,0.6843,0.0078,0.0173,0.1249,0.0998,-1.074,2.605
9394,0.2937,0.5446,0.5524,0.5834,0.0078,-0.0009,0.2984,0.2161,3.780,5.569
3798,0.3651,0.6279,0.6357,0.6447,0.0078,0.0115,0.2058,0.1502,-2.323,3.855
10142,0.3247,0.6822,0.6899,0.6370,0.0078,0.0591,0.3721,0.2310,-4.706,5.903
1593,0.4297,0.6860,0.6938,0.6344,0.0078,0.0045,0.1017,0.1004,1.100,3.513
16416,0.4626,0.6602,0.6680,0.6447,0.0078,0.0336,0.2947,0.1795,-3.600,5.129
7217,0.4301,0.6680,0.6757,0.6473,0.0078,0.0578,0.1093,0.0842,2.674,3.204
24052,0.4625,0.6770,0.6848,0.6512,0.0078,0.0163,0.1988,0.1532,-1.632,4.652
7043,0.3632,0.6813,0.6890,0.6735,0.0077,0.0242,0.1950,0.1772,0.325,5.599
23204,0.4073,0.6813,0.6890,0.6426,0.0077,0.0242,0.1926,0.1655,3.426,4.608
6913,0.2122,0.5729,0.5806,0.5626,0.0077,0.0264,0.1070,0.1130,0.806,4.435
21109,0.4671,0.6026,0.6103,0.5755,0.0077,0.0012,0.1129,0.1080,2.377,2.855
15955,0.3163,0.5794,0.5871,0.5935,0.0077,0.0530,0.3084,0.2768,-1.489,5.899
21416,0.4698,0.6997,0.7075,0.6791,0.0077,0.0255,0.1154,0.1090,2.509,2.993
5069,0.3135,0.6688,0.6765,0.6753,0.0077,0.0254,0.1428,0.1056,-1.175,3.660
3741,0.4616,0.6314,0.6392,0.6482,0.0077,0.0012,0.1482,0.1529,0.058,4.775
6226,0.4597,0.6778,0.6856,0.6430,0.0077,0.0266,0.0926,0.0928,1.788,2.881
12267,0.4193,0.6482,0.6559,0.6624,0.0077,0.0093,0.2431,0.1735,-2.291,4.225
12881,0.6368,0.7255,0.7332,0.7487,0.0077,0.0416,0.1548,0.1215,2.582,3.864
4672,0.2205,0.5657,0.5735,0.5528,0.0077,0.0230,0.3005,0.2968,0.334,6.352
19921,0.3678,0.6430,0.6508,0.6340,0.0077,0.0461,0.2356,0.2175,0.232,5.596
21235,0.5638,0.6911,0.6988,0.6963,0.0077,-0.0081,0.1410,0.0698,3.359,2.668
14611,0.3081,0.5830,0.5907,0.5740,0.0077,-0.0173,0.1486,0.1554,1.185,4.253
11572,0.5256,0.7259,0.7336,0.6950,0.0077,0.0381,0.1209,0.1135,0.146,3.864
6188,0.4904,0.6422,0.6499,0.6963,0.0077,0.0046,0.2473,0.2239,-1.067,5.671
8403,0.4095,0.6950,0.7027,0.7130,0.0077,-0.0276,0.0939,0.0885,0.181,2.995
7476,0.0521,0.5148,0.5225,0.5624,0.0077,0.0255,0.1755,0.1631,3.522,3.175
4547,0.2907,0.6512,0.6589,0.6409,0.0077,0.0287,0.1887,0.1375,-1.556,4.808
2682,0.3555,0.6062,0.6139,0.6088,0.0077,0.0532,0.0930,0.0904,1.541,3.616
17358,0.3643,0.6281,0.6358,0.6139,0.0077,0.0357,0.2819,0.2667,0.225,5.572
16870,0.3622,0.5856,0.5933,0.5264,0.0077,0.0150,0.1899,0.1393,2.805,4.553
12371,0.3857,0.6229,0.6306,0.6190,0.0077,0.0198,0.1652,0.1598,1.224,5.593
6370,0.4092,0.5913,0.5990,0.5990,0.0077,-0.0219,0.1306,0.1291,1.390,4.126
1347,0.4831,0.5578,0.5656,0.6157,0.0077,0.0196,0.1150,0.1118,1.288,3.724
809,0.3671,0.6735,0.6812,0.6530,0.0077,-0.0691,0.1596,0.1334,2.188,4.126
6800,0.4210,0.6504,0.6581,0.6671,0.0077,-0.0092,0.1457,0.1327,1.597,3.096
17945,0.4497,0.6530,0.6607,0.6491,0.0077,-0.0046,0.2168,0.1469,3.588,3.831
21135,0.5176,0.6992,0.7069,0.7172,0.0077,0.0035,0.1904,0.1531,-0.581,4.493
19634,0.4550,0.6684,0.6761,0.6440,0.0077,0.0046,0.2116,0.1941,1.599,4.965
21194,0.4164,0.6085,0.6162,0.6162,0.0077,0.0196,0.1745,0.1631,-0.305,4.709
24164,0.4760,0.6341,0.6418,0.6033,0.0077,-0.0034,0.2057,0.1931,0.611,4.949
10260,0.4720,0.5854,0.5931,0.5764,0.0077,0.0104,0.1722,0.1941,-0.536,5.185
24289,0.2059,0.6624,0.6701,0.6303,0.0077,0.0763,0.1731,0.1512,-0.795,4.048
18794,0.3947,0.7125,0.7202,0.6919,0.0077,0.1031,0.0888,0.0875,0.327,2.610
21161,0.1417,0.6200,0.6277,0.5571,0.0077,0.0438,0.2049,0.1965,1.558,3.919
14638,0.5215,0.7125,0.7202,0.7381,0.0077,0.0242,0.0902,0.0894,1.051,3.212
4316,0.5506,0.6487,0.6564,0.6667,0.0077,0.0288,0.2219,0.2066,1.422,5.311
21100,0.4926,0.7781,0.7855,0.7249,0.0074,0.0632,0.1869,0.1516,1.822,4.444
18833,0.4004,0.6520,0.6593,0.6740,0.0073,-0.0027,0.0881,0.1027,1.641,2.165
16968,0.5852,0.6914,0.6985,0.6886,0.0070,-0.0474,0.2355,0.1987,-1.624,5.743
20630,0.5695,0.6817,0.6883,0.6313,0.0066,0.0035,0.2839,0.1507,4.824,4.501
16948,0.4219,0.6185,0.6252,0.6689,0.0066,0.0940,0.3009,0.1787,5.437,4.429
11459,0.2721,0.4934,0.5000,0.4669,0.0066,0.0337,0.3228,0.0944,6.754,3.607
22663,0.3644,0.6941,0.7007,0.5255,0.0065,0.0465,0.2774,0.1980,4.364,5.955
7221,0.5904,0.6784,0.6850,0.6980,0.0065,0.0337,0.3034,0.1701,4.064,5.645
24608,0.3350,0.5971,0.6037,0.6037,0.0065,0.0188,0.3245,0.2754,-3.636,7.165
14925,0.4941,0.6823,0.6888,0.6745,0.0065,0.0139,0.0768,0.0745,0.606,2.379
5412,0.0240,0.5943,0.6008,0.6086,0.0065,0.0669,0.1042,0.0952,-0.009,4.015
5563,0.4098,0.6775,0.6840,0.6632,0.0065,0.0116,0.2529,0.2187,4.356,4.958
15775,0.2124,0.5403,0.5468,0.5091,0.0065,-0.0300,0.2433,0.1696,-1.995,4.134
1002,0.0792,0.5468,0.5532,0.5558,0.0065,-0.0174,0.2183,0.1707,-1.871,4.293
13213,0.4446,0.5759,0.5824,0.5642,0.0065,-0.0023,0.0870,0.0933,1.622,2.514
24036,0.5849,0.7717,0.7782,0.7471,0.0065,0.0150,0.2361,0.1702,2.612,6.203
2727,0.3479,0.5933,0.5997,0.5324,0.0065,0.0416,0.1660,0.1282,-1.500,3.951
20519,0.3000,0.6295,0.6360,0.6373,0.0065,0.0243,0.2310,0.1185,4.230,4.666
13273,0.1189,0.5738,0.5803,0.5596,0.0065,0.0348,0.2409,0.1592,4.674,3.397
22189,0.2908,0.6223,0.6287,0.6184,0.0065,0.0566,0.2477,0.1924,-2.016,5.362
14552,0.4502,0.6429,0.6494,0.6378,0.0065,-0.0115,0.2504,0.2276,2.341,5.765
16589,0.1946,0.5860,0.5925,0.5977,0.0065,-0.0012,0.2580,0.1557,5.051,3.547
18246,0.2800,0.5142,0.5207,0.4742,0.0065,0.0512,0.1307,0.1109,2.659,2.870
24560,0.2903,0.5956,0.6021,0.5891,0.0065,0.0532,0.0955,0.0920,2.172,2.930
17495,0.1922,0.4470,0.4535,0.4419,0.0065,0.0311,0.2601,0.2182,1.830,5.271
19393,0.4669,0.6434,0.6499,0.6421,0.0065,-0.0105,0.1718,0.1581,-0.088,5.299
18209,0.2665,0.6331,0.6395,0.6163,0.0065,0.1051,0.1450,0.1516,0.489,4.351
2615,0.5744,0.6460,0.6525,0.6279,0.0065,0.0266,0.1819,0.1207,3.246,3.701
16500,0.3417,0.6137,0.6202,0.5775,0.0065,-0.0486,0.2148,0.1478,5.469,3.264
19006,0.2974,0.6039,0.6103,0.6090,0.0065,-0.0185,0.2849,0.2871,-0.231,6.628
18662,0.4690,0.6813,0.6877,0.7123,0.0065,0.1020,0.2509,0.2206,-2.436,6.617
5035,0.4040,0.7123,0.7187,0.6890,0.0065,0.0069,0.1793,0.1642,-0.340,4.537
23589,0.3814,0.6774,0.6839,0.6658,0.0065,-0.0139,0.2452,0.2151,-0.389,5.782
449,0.4496,0.6645,0.6710,0.6684,0.0065,0.0117,0.2081,0.1087,4.007,4.094
9228,0.3620,0.6194,0.6258,0.5961,0.0065,-0.0138,0.1257,0.1276,0.956,4.715
3573,0.1535,0.5948,0.6013,0.5755,0.0065,0.0541,0.1151,0.1131,0.546,3.348
18951,0.3009,0.5935,0.6000,0.5923,0.0065,0.0092,0.1282,0.1350,2.844,3.762
1207,0.4177,0.7355,0.7419,0.6968,0.0065,0.0173,0.2289,0.1332,3.759,4.267
24580,0.2996,0.6353,0.6418,0.6340,0.0064,0.0660,0.3160,0.2874,-4.150,5.582
16323,0.3577,0.5722,0.5786,0.5606,0.0064,0.0650,0.2461,0.2187,2.629,6.406
6909,0.5407,0.6907,0.6972,0.7242,0.0064,0.0588,0.1031,0.0786,2.063,3.397
21393,0.4239,0.6791,0.6856,0.7088,0.0064,0.0035,0.1965,0.1916,-0.581,4.698
18135,0.6246,0.7513,0.7577,0.7397,0.0064,0.0115,0.2022,0.1662,-2.164,4.874
16698,0.4028,0.6778,0.6843,0.6521,0.0064,-0.0172,0.3089,0.2551,-2.320,5.991
12723,0.3198,0.6765,0.6830,0.6701,0.0064,0.0174,0.1879,0.1500,3.331,4.647
2519,0.3038,0.6302,0.6366,0.5851,0.0064,0.0221,0.1200,0.1084,0.497,3.097
17549,0.3504,0.7255,0.7320,0.6946,0.0064,0.0832,0.1858,0.1468,0.812,4.709
4507,0.4464,0.6095,0.6160,0.5696,0.0064,-0.0069,0.1897,0.1832,0.429,4.784
23711,0.3178,0.5619,0.5683,0.6340,0.0064,0.0843,0.1077,0.1112,-1.836,3.999
11174,0.4638,0.6546,0.6611,0.5851,0.0064,-0.0162,0.1264,0.1238,2.127,3.491
24914,0.4007,0.5959,0.6023,0.5547,0.0064,-0.0058,0.1480,0.1565,-0.891,5.251
19451,0.4199,0.6461,0.6525,0.6229,0.0064,0.0197,0.2016,0.1935,-3.235,4.197
1963,0.6382,0.7413,0.7477,0.7362,0.0064,0.0162,0.0836,0.0851,0.626,3.811
1985,0.3213,0.5251,0.5315,0.5933,0.0064,0.0289,0.1487,0.1460,-0.449,3.702
18659,0.3610,0.5882,0.5946,0.5856,0.0064,-0.0252,0.2000,0.1952,-0.136,4.540
6559,0.3065,0.5006,0.5071,0.4646,0.0064,0.0103,0.2054,0.1802,4.066,4.978
2734,0.3083,0.6332,0.6396,0.6654,0.0064,0.0207,0.1426,0.1432,0.434,4.272
22619,0.4790,0.6911,0.6976,0.6976,0.0064,0.0393,0.2255,0.2120,1.332,6.665
23444,-0.1651,0.4208,0.4273,0.4234,0.0064,0.1407,0.1728,0.1784,0.155,3.385
14682,0.4989,0.6641,0.6705,0.6268,0.0064,0.0660,0.2824,0.2265,-2.261,5.629
5953,0.3835,0.6152,0.6216,0.5689,0.0064,0.0682,0.2211,0.0721,4.463,2.710
23305,0.5452,0.7310,0.7375,0.7233,0.0064,0.0256,0.1624,0.1374,-1.342,4.718
7055,0.2156,0.5122,0.5187,0.4994,0.0064,-0.0497,0.1344,0.1350,1.042,2.919
2091,0.1209,0.6319,0.6384,0.6036,0.0064,-0.0011,0.1893,0.1994,2.348,4.881
4964,0.2724,0.5630,0.5694,0.5501,0.0064,-0.0232,0.2234,0.1906,-1.087,3.982
5464,0.5450,0.7031,0.7095,0.7262,0.0064,-0.0184,0.1405,0.1277,1.813,3.248
10264,0.5528,0.7429,0.7494,0.7519,0.0064,0.0068,0.1137,0.1100,1.666,3.978
10347,0.3420,0.5540,0.5604,0.5758,0.0064,-0.0046,0.1307,0.1356,1.536,3.690
4794,0.2953,0.6594,0.6658,0.6632,0.0064,0.0483,0.1707,0.1391,-1.125,4.652
20834,0.4299,0.7532,0.7596,0.7699,0.0064,0.0660,0.2309,0.1690,-1.385,5.421
24082,0.2400,0.6362,0.6427,0.6324,0.0064,0.0290,0.2159,0.1755,3.281,4.186
15659,0.4364,0.6427,0.6491,0.6787,0.0064,-0.0752,0.1256,0.1225,1.559,3.101
13446,0.6097,0.6671,0.6735,0.6722,0.0064,0.0278,0.1223,0.1054,-1.555,4.012
8093,0.4685,0.6517,0.6581,0.6607,0.0064,-0.0438,0.2277,0.2130,0.398,5.998
16656,0.3173,0.6277,0.6341,0.6444,0.0064,0.0000,0.1494,0.1053,-1.871,2.920
16335,0.5656,0.7240,0.7304,0.7484,0.0064,-0.0289,0.1829,0.1392,-1.288,3.614
3613,0.5363,0.6778,0.6842,0.6431,0.0064,0.0464,0.2878,0.1851,-3.855,4.678
7656,0.2645,0.5443,0.5507,0.5661,0.0064,-0.0012,0.1693,0.1267,3.507,3.368
736,0.5972,0.7433,0.7497,0.7394,0.0064,-0.0138,0.1771,0.1579,0.220,5.504
21616,0.2522,0.5751,0.5815,0.5802,0.0064,-0.0208,0.3563,0.1593,-5.869,3.809
1893,0.2900,0.6457,0.6521,0.6175,0.0064,-0.0035,0.2347,0.2176,-0.427,4.825
7220,0.2926,0.5712,0.5777,0.5648,0.0064,0.0335,0.1905,0.1752,-0.530,5.441
1669,0.5255,0.7214,0.7279,0.7330,0.0064,0.0576,0.2121,0.1209,2.677,4.115
17696,0.4646,0.6808,0.6872,0.6346,0.0064,-0.0127,0.1142,0.1144,1.036,3.548
18214,0.1593,0.7302,0.7357,0.7480,0.0054,0.0466,0.3061,0.1758,-2.900,4.970
24693,0.2784,0.5718,0.5771,0.5481,0.0053,0.0284,0.1613,0.1121,-1.779,2.775
6706,0.3547,0.5795,0.5848,0.5756,0.0053,0.0456,0.3722,0.3209,2.474,7.631
11556,0.2175,0.6247,0.6299,0.5617,0.0052,0.0176,0.4220,0.2391,-4.396,6.200
9706,0.4735,0.6627,0.6680,0.6365,0.0052,0.0048,0.0925,0.0663,2.692,2.357
8668,0.5814,0.8314,0.8366,0.8288,0.0052,0.0023,0.2106,0.0987,3.480,4.512
7825,0.3640,0.6411,0.6463,0.6463,0.0052,-0.0173,0.2804,0.1529,5.607,4.398
7787,0.2362,0.6130,0.6182,0.5455,0.0052,0.0058,0.2216,0.1202,3.476,4.474
313,0.3436,0.5727,0.5779,0.5948,0.0052,0.0785,0.0971,0.0811,-0.606,3.076
23865,0.3812,0.6390,0.6442,0.6130,0.0052,0.0127,0.2594,0.2241,-2.298,5.053
13619,0.4509,0.6127,0.6179,0.6490,0.0052,-0.0080,0.1633,0.0748,3.624,3.203
8673,0.3587,0.6468,0.6520,0.6455,0.0052,0.0384,0.2352,0.1367,4.475,4.922
24288,0.2206,0.5459,0.5511,0.5252,0.0052,-0.0127,0.1590,0.1653,0.374,4.014
6023,0.0539,0.4799,0.4851,0.3687,0.0052,0.1084,0.1561,0.1354,1.955,3.502
13314,0.5513,0.7283,0.7335,0.6727,0.0052,0.0323,0.1663,0.1509,0.531,4.331
12755,0.5502,0.7193,0.7245,0.7309,0.0052,0.0346,0.1671,0.1048,3.409,3.456
7682,0.1505,0.5408,0.5459,0.5446,0.0052,0.0381,0.1949,0.1659,-0.379,4.060
19379,0.4049,0.6455,0.6507,0.6636,0.0052,0.0081,0.1754,0.1104,4.212,2.183
15347,0.1024,0.5607,0.5659,0.5891,0.0052,0.0139,0.1079,0.0987,0.619,2.956
20729,0.1610,0.5685,0.5736,0.6098,0.0052,0.0220,0.1423,0.1381,1.487,5.296
13859,0.2029,0.4813,0.4865,0.5342,0.0052,0.0000,0.2467,0.1507,4.173,4.591
10161,0.2828,0.6013,0.6065,0.5884,0.0052,-0.0426,0.1806,0.1805,0.391,4.114
19381,0.2890,0.5613,0.5665,0.5535,0.0052,0.0403,0.2081,0.1754,-1.322,4.390
1298,0.4979,0.7084,0.7135,0.6955,0.0052,-0.0151,0.2228,0.1620,3.180,4.537
10637,0.4662,0.7097,0.7148,0.6968,0.0052,-0.0323,0.1027,0.0846,-0.762,2.918
11597,0.4050,0.6335,0.6387,0.6077,0.0052,0.0046,0.1406,0.1293,1.764,4.165
23920,0.3141,0.6258,0.6310,0.6374,0.0052,0.0581,0.1389,0.1189,0.052,3.300
4796,0.3284,0.6374,0.6426,0.6271,0.0052,-0.0139,0.1562,0.1752,2.524,4.991
3952,0.3499,0.6675,0.6727,0.6804,0.0052,0.0530,0.1640,0.1657,0.462,4.699
3260,0.4504,0.6418,0.6469,0.6314,0.0052,-0.0082,0.1352,0.1326,-1.594,3.261
18766,0.1818,0.6289,0.6340,0.5825,0.0052,0.0094,0.2605,0.2451,-2.134,6.248
18545,0.4567,0.7487,0.7539,0.7229,0.0052,0.0523,0.2132,0.1576,-1.454,4.785
11544,0.2141,0.6031,0.6082,0.5863,0.0052,0.0520,0.1575,0.1448,0.691,4.015
5788,0.2118,0.5348,0.5399,0.5335,0.0052,-0.0035,0.2158,0.2070,1.684,4.170
15874,0.2422,0.5554,0.5606,0.5825,0.0052,-0.0163,0.1785,0.1656,1.584,3.911
8950,0.5123,0.6384,0.6435,0.6190,0.0051,0.0219,0.2568,0.2070,-2.713,4.690
9415,0.5025,0.7091,0.7143,0.7246,0.0051,0.0415,0.1150,0.1126,1.413,3.804
4444,0.3777,0.5650,0.5701,0.5380,0.0051,0.0382,0.2277,0.2206,3.308,5.394
3581,0.3470,0.6319,0.6371,0.6448,0.0051,0.0451,0.1475,0.1515,0.339,4.423
15406,0.4653,0.6654,0.6705,0.6319,0.0051,0.0507,0.2331,0.2131,0.590,5.970
11135,0.4552,0.5874,0.5925,0.6183,0.0051,-0.0310,0.1892,0.1918,0.542,4.794
4050,0.4587,0.6799,0.6851,0.6748,0.0051,-0.0544,0.1412,0.1263,1.200,3.729
20160,0.3551,0.4974,0.5026,0.5154,0.0051,0.0588,0.2298,0.1254,4.805,4.032
5898,0.3224,0.5784,0.5835,0.5463,0.0051,-0.0081,0.1547,0.1706,1.553,3.782
13203,0.2522,0.5553,0.5604,0.5771,0.0051,0.0058,0.2438,0.2266,2.545,4.624
680,0.4260,0.6954,0.7005,0.6825,0.0051,0.1237,0.3195,0.3074,-1.306,6.201
9378,0.3387,0.7497,0.7548,0.7728,0.0051,-0.0127,0.1789,0.1254,2.517,4.574
23124,0.3921,0.6277,0.6329,0.6329,0.0051,0.0552,0.2341,0.1849,-2.861,4.357
24558,0.3793,0.6521,0.6573,0.6110,0.0051,0.0392,0.3498,0.3192,-0.342,6.886
8620,0.3200,0.6462,0.6513,0.6038,0.0051,0.0197,0.1483,0.1289,-0.961,3.974
18855,0.4379,0.7218,0.7266,0.7027,0.0048,-0.0028,0.3109,0.2143,-4.747,5.446
999,0.2564,0.6084,0.6125,0.5813,0.0041,-0.0242,0.3793,0.0943,-5.852,2.238
23649,0.2373,0.4011,0.4050,0.4622,0.0040,0.1097,0.2791,0.0934,4.791,4.443
18636,0.2685,0.4437,0.4477,0.4543,0.0040,0.0554,0.0794,0.0590,0.214,2.529
14669,0.5202,0.7116,0.7156,0.6402,0.0040,0.0536,0.3427,0.2528,-4.369,6.303
8613,0.2919,0.6029,0.6068,0.5413,0.0039,-0.0481,0.2607,0.0749,6.333,2.626
12936,0.5154,0.6662,0.6702,0.6780,0.0039,-0.0104,0.1777,0.0986,4.241,2.543
17042,0.4169,0.7206,0.7245,0.7115,0.0039,0.0522,0.1635,0.1271,-0.489,4.533
4473,0.3299,0.5541,0.5580,0.5737,0.0039,0.0451,0.2335,0.1160,4.798,3.821
15751,0.1106,0.6107,0.6146,0.6680,0.0039,0.1062,0.2158,0.2024,0.577,4.894
3658,0.5302,0.6156,0.6195,0.5961,0.0039,0.0438,0.2123,0.1927,1.744,5.889
3531,0.5226,0.6796,0.6835,0.6602,0.0039,0.0481,0.3191,0.2986,-2.605,7.648
9167,0.4510,0.6576,0.6615,0.6757,0.0039,0.0650,0.2468,0.1538,4.747,4.824
4232,0.2149,0.5279,0.5318,0.4916,0.0039,0.0706,0.1598,0.1685,2.587,3.525
17236,0.3309,0.6360,0.6399,0.6684,0.0039,0.0104,0.3100,0.1512,-4.695,3.298
13475,0.4948,0.6075,0.6114,0.6010,0.0039,-0.0058,0.1835,0.1400,2.903,3.398
11630,0.4014,0.6468,0.6507,0.6391,0.0039,-0.0116,0.2396,0.1031,6.142,3.179
11883,0.4546,0.7141,0.7180,0.7232,0.0039,0.0219,0.1643,0.1023,3.058,3.012
24270,0.4339,0.7245,0.7283,0.7193,0.0039,0.0496,0.2785,0.1378,-3.519,3.747
5225,0.2558,0.5977,0.6016,0.5485,0.0039,-0.0069,0.2851,0.2634,3.499,5.950
12202,0.3827,0.6869,0.6908,0.6973,0.0039,0.0288,0.1422,0.0841,3.334,2.647
5657,0.3580,0.5951,0.5990,0.6145,0.0039,0.0468,0.2021,0.1559,1.852,4.745
7955,0.2837,0.6261,0.6300,0.6223,0.0039,0.0325,0.1490,0.1096,-1.820,2.923
23519,0.0651,0.4587,0.4625,0.4470,0.0039,0.0231,0.1237,0.1091,1.842,3.306
20263,0.4737,0.5426,0.5465,0.5258,0.0039,-0.0347,0.2059,0.1334,3.685,4.019
10086,0.6111,0.6382,0.6421,0.6667,0.0039,0.0311,0.1598,0.1116,2.767,3.205
11849,0.6669,0.7235,0.7274,0.6680,0.0039,0.0069,0.2409,0.1721,4.375,5.212
14368,0.4428,0.6395,0.6434,0.6499,0.0039,-0.0069,0.0865,0.0959,0.816,2.499
202,0.5228,0.7003,0.7041,0.6822,0.0039,0.0406,0.2417,0.2252,-0.827,6.145
10140,0.7327,0.6899,0.6938,0.6654,0.0039,0.0000,0.1727,0.1316,1.375,4.775
3725,0.4197,0.6413,0.6452,0.6426,0.0039,0.0022,0.2269,0.1911,2.833,5.249
6867,0.1588,0.5871,0.5910,0.5290,0.0039,0.0208,0.3064,0.2592,2.986,5.959
1379,0.3232,0.6361,0.6400,0.6813,0.0039,0.0371,0.1694,0.1265,4.633,3.120
3373,0.4551,0.5961,0.6000,0.6013,0.0039,-0.0231,0.1858,0.1770,0.673,5.380
15589,0.4435,0.6057,0.6095,0.5902,0.0039,-0.0277,0.1024,0.1095,2.875,2.391
314,0.3556,0.5773,0.5812,0.5451,0.0039,0.0346,0.1489,0.1257,-0.112,3.467
21324,0.5098,0.6946,0.6985,0.6572,0.0039,0.0531,0.1229,0.1232,1.693,4.182
935,0.4885,0.6675,0.6714,0.6572,0.0039,0.0219,0.1555,0.1037,-1.620,3.422
21844,0.4308,0.6881,0.6920,0.6611,0.0039,0.0702,0.1730,0.1361,2.676,3.747
19672,0.4462,0.5657,0.5696,0.5760,0.0039,-0.0218,0.1792,0.1974,-0.690,4.449
4850,0.5260,0.6791,0.6830,0.6662,0.0039,-0.0058,0.1309,0.1250,0.919,4.615
13793,0.3313,0.5997,0.6036,0.6062,0.0039,0.0735,0.2190,0.2217,-1.009,5.532
1059,0.2028,0.6203,0.6242,0.5946,0.0039,0.0034,0.1521,0.1522,1.319,5.025
10380,0.4578,0.7465,0.7503,0.7748,0.0039,-0.0011,0.1187,0.1077,1.207,4.207
19367,0.3612,0.6512,0.6551,0.6113,0.0039,0.0069,0.1204,0.1185,1.305,4.011
14571,0.2814,0.5920,0.5959,0.6165,0.0039,0.0069,0.2055,0.2033,1.027,5.135
20114,0.3851,0.5663,0.5701,0.5405,0.0039,0.0058,0.2487,0.1755,-2.597,4.712
4829,0.3474,0.5792,0.5830,0.6062,0.0039,-0.0058,0.1858,0.1882,0.403,5.243
1287,0.4009,0.6139,0.6178,0.6126,0.0039,0.0727,0.2773,0.1822,-2.871,4.281
8263,0.2585,0.5779,0.5817,0.5637,0.0039,0.0046,0.2244,0.2024,3.243,4.735
15470,0.3170,0.6345,0.6384,0.6319,0.0039,0.0415,0.1856,0.1820,0.689,4.741
11412,0.3678,0.6667,0.6705,0.6345,0.0039,0.0621,0.1980,0.1904,2.122,4.729
8926,0.6113,0.6915,0.6954,0.6825,0.0039,0.0474,0.2228,0.1286,-3.568,3.544
24385,0.3470,0.6645,0.6684,0.6517,0.0039,0.0033,0.1375,0.1429,0.324,4.061
4135,0.1997,0.6015,0.6054,0.6118,0.0039,0.0878,0.2281,0.2106,1.035,6.313
6436,0.5786,0.7545,0.7584,0.7339,0.0039,0.0150,0.1224,0.1074,1.346,4.100
10908,0.4304,0.6748,0.6787,0.6812,0.0039,0.0011,0.1877,0.1881,1.808,4.140
2937,0.4611,0.6761,0.6799,0.5964,0.0039,0.0138,0.1567,0.1470,0.898,3.527
17699,0.5786,0.6761,0.6799,0.6530,0.0039,0.0475,0.2259,0.2170,-0.334,6.264
8525,0.6799,0.6954,0.6992,0.6671,0.0039,0.0081,0.1867,0.1614,0.910,5.088
22803,0.5370,0.6735,0.6774,0.6851,0.0039,0.0762,0.2551,0.2556,-1.625,6.265
11042,0.5050,0.7741,0.7779,0.7625,0.0039,0.0173,0.1980,0.1655,2.834,5.466
2538,0.6528,0.7112,0.7150,0.7112,0.0039,0.0080,0.1555,0.1515,0.366,4.904
24014,0.1999,0.6046,0.6085,0.6136,0.0039,0.0396,0.2395,0.2453,-2.614,5.797
4452,0.5620,0.6573,0.6611,0.6329,0.0039,-0.0058,0.1631,0.1542,0.346,4.100
14815,0.4033,0.6110,0.6149,0.6123,0.0039,0.0161,0.1263,0.1013,2.350,3.466
12601,0.3659,0.6624,0.6662,0.5751,0.0039,0.0645,0.1708,0.1506,1.685,4.782
10059,0.3881,0.5507,0.5546,0.5507,0.0039,0.0644,0.1842,0.1201,2.912,4.379
21306,0.6001,0.6996,0.7035,0.6611,0.0039,0.0126,0.1553,0.1490,0.593,4.497
19714,0.1858,0.5117,0.5146,0.5073,0.0029,0.0866,0.1338,0.0937,-1.332,2.444
14310,0.6107,0.6046,0.6073,0.6549,0.0027,0.0081,0.3060,0.0920,6.229,3.950
1579,0.1989,0.5803,0.5830,0.5445,0.0027,0.0011,0.3374,0.0448,7.413,2.292
16803,0.4911,0.5780,0.5807,0.5979,0.0026,0.0602,0.3169,0.0463,7.043,2.665
2752,0.5820,0.7663,0.7689,0.7559,0.0026,-0.0093,0.1296,0.1327,1.353,4.095
3999,0.3043,0.5176,0.5202,0.5124,0.0026,-0.0446,0.4460,0.1641,-7.190,3.558
7142,0.1322,0.5332,0.5358,0.5488,0.0026,0.0174,0.1373,0.1211,2.791,2.896
9524,0.4975,0.6221,0.6247,0.6052,0.0026,0.0221,0.1692,0.1477,-1.452,4.349
21848,0.1481,0.6524,0.6550,0.6226,0.0026,0.0392,0.1923,0.0959,-2.746,3.493
13902,0.6026,0.6913,0.6939,0.6757,0.0026,-0.0564,0.2040,0.1845,1.094,6.543
20067,0.3506,0.6256,0.6282,0.6308,0.0026,0.0289,0.2139,0.1215,5.374,3.371
2101,0.2516,0.5661,0.5687,0.5492,0.0026,0.0536,0.1982,0.1105,-3.467,2.694
8912,0.0258,0.5343,0.5369,0.4916,0.0026,0.0774,0.2312,0.2317,-0.673,5.506
2395,0.4317,0.5990,0.6016,0.5718,0.0026,0.1187,0.1526,0.0727,2.504,3.214
1918,0.3778,0.5977,0.6003,0.6119,0.0026,-0.0185,0.0715,0.0892,1.291,2.106
20104,0.4797,0.6598,0.6624,0.6740,0.0026,-0.0324,0.2225,0.2117,3.355,5.737
17252,0.5944,0.7245,0.7270,0.7076,0.0026,0.0196,0.2108,0.1694,2.497,4.619
3114,0.4394,0.6779,0.6805,0.6210,0.0026,0.0268,0.1335,0.1254,0.550,4.922
15856,0.4801,0.7206,0.7232,0.6507,0.0026,0.0197,0.1530,0.1127,2.909,3.358
22303,0.2373,0.6085,0.6111,0.5904,0.0026,0.0461,0.1232,0.0834,3.507,1.939
12957,0.2795,0.5930,0.5956,0.5181,0.0026,0.0691,0.1534,0.1375,1.573,4.539
3731,0.5819,0.7119,0.7145,0.6899,0.0026,0.0299,0.0966,0.0958,0.615,3.289
15360,0.3274,0.5801,0.5827,0.5943,0.0026,0.0289,0.1466,0.1350,1.733,3.677
5849,0.4240,0.7339,0.7364,0.7442,0.0026,0.0289,0.0732,0.0826,1.010,3.250
16061,0.2160,0.6413,0.6439,0.6452,0.0026,0.0242,0.3596,0.2785,-4.184,6.240
3277,0.5285,0.6697,0.6723,0.6890,0.0026,0.0207,0.1494,0.1334,-0.028,4.577
20559,0.3314,0.6787,0.6813,0.6116,0.0026,-0.0150,0.1597,0.1539,0.080,4.344
17041,0.2813,0.6219,0.6245,0.5755,0.0026,0.0347,0.1786,0.1870,0.258,5.301
9419,0.6670,0.6658,0.6684,0.6258,0.0026,-0.0162,0.1979,0.1471,2.155,4.451
11712,0.4997,0.6761,0.6787,0.6581,0.0026,0.0312,0.1423,0.1357,-1.110,4.015
11694,0.5041,0.6361,0.6387,0.6361,0.0026,0.0185,0.2253,0.1932,1.602,5.399
18481,0.3516,0.6405,0.6430,0.5838,0.0026,0.1042,0.2630,0.2023,-1.783,4.824
24570,0.4433,0.7564,0.7590,0.7268,0.0026,0.0936,0.2018,0.1683,-0.315,4.873
1098,0.5755,0.7242,0.7268,0.7023,0.0026,0.0151,0.1031,0.0849,-0.206,2.603
12431,0.2257,0.5915,0.5941,0.6018,0.0026,0.0598,0.1297,0.1273,2.391,3.287
18253,0.5560,0.7410,0.7436,0.7448,0.0026,0.0358,0.1965,0.1637,-1.090,5.637
20647,0.3701,0.5843,0.5869,0.5187,0.0026,0.0172,0.1683,0.1781,1.447,5.243
9829,0.2860,0.5676,0.5701,0.5586,0.0026,0.0324,0.2944,0.2067,-3.886,5.598
1085,0.3493,0.5547,0.5573,0.5650,0.0026,0.0242,0.1789,0.1749,1.242,4.823
1437,0.5874,0.7465,0.7490,0.7452,0.0026,0.0612,0.1556,0.1339,0.149,4.389
24919,0.5178,0.7194,0.7220,0.6847,0.0026,0.0184,0.1573,0.1448,1.196,4.818
12065,0.5017,0.7181,0.7207,0.7207,0.0026,0.0726,0.1511,0.1463,0.034,4.616
2821,0.3088,0.5977,0.6003,0.5874,0.0026,0.0555,0.1632,0.1270,2.097,3.419
15597,0.4726,0.6748,0.6774,0.6401,0.0026,0.0127,0.2068,0.1654,-1.585,4.588
20743,0.4744,0.6465,0.6491,0.6311,0.0026,-0.0069,0.1216,0.1225,0.053,3.229
5132,0.4162,0.6774,0.6799,0.6465,0.0026,0.0069,0.1789,0.1789,0.633,5.073
7395,0.4120,0.5694,0.5720,0.5617,0.0026,0.0057,0.1934,0.1881,2.127,4.437
14778,0.3058,0.7057,0.7082,0.6889,0.0026,0.0739,0.1390,0.1180,0.199,2.948
1457,0.4744,0.6954,0.6979,0.7031,0.0026,-0.0023,0.1886,0.1794,0.111,4.553
693,0.5360,0.6851,0.6877,0.6607,0.0026,0.0000,0.0997,0.1058,0.658,2.566
14951,0.3109,0.6452,0.6478,0.6311,0.0026,0.0821,0.2825,0.2657,2.164,6.834
8787,0.3096,0.6637,0.6662,0.6187,0.0026,0.0429,0.1652,0.1612,1.985,4.103
13662,0.3008,0.6085,0.6110,0.5725,0.0026,0.0311,0.2364,0.2259,0.669,5.432
2993,0.3038,0.6380,0.6406,0.5918,0.0026,-0.0603,0.2558,0.2572,-2.146,5.059
8169,0.3507,0.6090,0.6115,0.6256,0.0026,-0.0415,0.1627,0.1475,-0.027,4.041
3559,0.3438,0.5872,0.5897,0.5872,0.0026,0.0220,0.2145,0.2114,1.634,6.167
23072,0.3062,0.5497,0.5512,0.6069,0.0015,0.0341,0.3548,0.0853,7.579,4.132
5503,0.2666,0.5827,0.5842,0.5573,0.0014,-0.0315,0.3901,0.2677,4.744,7.435
9982,0.3630,0.3531,0.3544,0.3639,0.0013,0.0248,0.3240,0.1527,5.093,5.329
22693,0.4514,0.6120,0.6133,0.6120,0.0013,-0.0047,0.2157,0.1693,-2.008,4.721
15099,0.2822,0.6124,0.6138,0.5463,0.0013,0.0189,0.3043,0.1445,6.723,4.336
19313,0.3385,0.6294,0.6307,0.6058,0.0013,0.0118,0.2555,0.1333,5.170,4.625
19632,0.2137,0.5320,0.5333,0.5359,0.0013,0.0081,0.3864,0.1736,-4.341,4.981
22654,0.2785,0.5666,0.5679,0.5666,0.0013,-0.0255,0.4163,0.1798,-6.468,4.822
3878,0.4340,0.6081,0.6094,0.5508,0.0013,-0.0023,0.2660,0.1087,5.360,2.914
19277,0.5133,0.7057,0.7070,0.6966,0.0013,-0.0082,0.2290,0.1157,-2.902,3.550
2421,0.1245,0.5352,0.5365,0.5000,0.0013,-0.0139,0.2263,0.2178,1.438,5.369
5489,0.4147,0.7852,0.7865,0.7474,0.0013,0.0406,0.3012,0.0946,-4.785,3.460
6700,0.4692,0.7347,0.7360,0.7386,0.0013,0.0807,0.1435,0.1458,-1.373,4.568
23356,0.1633,0.6424,0.6437,0.6710,0.0013,0.0929,0.1522,0.1242,-0.060,3.140
4888,0.1401,0.5221,0.5234,0.5130,0.0013,0.0665,0.3870,0.3149,-3.023,7.825
286,0.3162,0.6394,0.6407,0.6161,0.0013,0.0623,0.2199,0.2050,3.115,4.384
3396,0.5933,0.6096,0.6109,0.6420,0.0013,0.0347,0.2813,0.1062,4.705,4.686
7180,0.3553,0.6472,0.6485,0.6278,0.0013,-0.0618,0.0731,0.0723,0.796,2.210
15428,0.3636,0.6278,0.6291,0.5863,0.0013,-0.0323,0.1506,0.0986,3.238,3.558
2254,0.4018,0.6930,0.6943,0.6956,0.0013,0.0313,0.2358,0.2113,-0.253,5.195
3973,0.3359,0.6360,0.6373,0.6295,0.0013,0.0303,0.1585,0.0881,3.790,3.051
15127,0.1000,0.4067,0.4080,0.3575,0.0013,0.0689,0.2443,0.1197,5.265,4.283
22403,0.5645,0.6969,0.6982,0.6464,0.0013,0.0381,0.1310,0.1093,-1.234,3.857
9512,0.3063,0.6749,0.6762,0.6658,0.0013,0.0254,0.1534,0.1556,0.350,3.486
9049,0.2398,0.6088,0.6101,0.5803,0.0013,0.0035,0.1940,0.1905,2.581,4.300
23964,0.5025,0.6818,0.6831,0.6598,0.0013,0.0580,0.2256,0.1596,2.986,4.874
19280,0.3715,0.5757,0.5770,0.6223,0.0013,0.0219,0.1236,0.1273,-0.327,2.687
8494,0.5744,0.7025,0.7038,0.6701,0.0013,0.0426,0.1685,0.1498,0.610,4.639
3482,0.5782,0.6442,0.6455,0.6611,0.0013,0.0300,0.1303,0.0997,-1.331,3.731
4139,0.1269,0.5977,0.5990,0.5809,0.0013,0.0290,0.1587,0.1607,2.118,3.689
7952,0.0687,0.4398,0.4411,0.4696,0.0013,0.0704,0.1732,0.1736,-0.031,5.298
15425,0.3381,0.6481,0.6494,0.6417,0.0013,0.0046,0.1403,0.1415,1.302,4.035
10898,0.1500,0.5188,0.5201,0.4476,0.0013,0.0311,0.2488,0.1559,4.064,4.789
5001,0.3191,0.5659,0.5672,0.5685,0.0013,-0.0161,0.1878,0.0912,4.128,3.105
22346,0.5972,0.7145,0.7158,0.6925,0.0013,0.0347,0.2156,0.1655,-2.664,5.392
3375,0.1885,0.5090,0.5103,0.5362,0.0013,0.0091,0.2354,0.1932,-1.934,4.437
24825,0.2588,0.6335,0.6348,0.5948,0.0013,0.0532,0.2154,0.2053,2.345,4.751
20539,0.4654,0.6387,0.6400,0.5600,0.0013,0.0394,0.2419,0.1685,4.171,4.912
16412,0.2758,0.5871,0.5884,0.5845,0.0013,0.0243,0.1680,0.1686,0.954,4.724
15809,0.2187,0.5794,0.5806,0.5368,0.0013,0.0477,0.2446,0.1868,4.187,4.919
24786,0.5987,0.6710,0.6723,0.6568,0.0013,0.0104,0.2187,0.2281,-1.766,6.011
1909,0.3658,0.5979,0.5992,0.5992,0.0013,0.0244,0.1402,0.1366,1.168,3.869
447,0.1411,0.5567,0.5580,0.5515,0.0013,-0.0128,0.2941,0.2609,2.986,5.941
14019,0.2652,0.5284,0.5296,0.4884,0.0013,-0.0012,0.3147,0.3017,-0.316,6.831
4142,0.2305,0.6482,0.6495,0.6559,0.0013,0.0520,0.1708,0.1592,2.013,4.198
14789,0.2601,0.5747,0.5760,0.5786,0.0013,0.1086,0.2778,0.2177,-2.767,5.674
13891,0.5096,0.7204,0.7216,0.6765,0.0013,0.0313,0.1950,0.1913,1.144,6.245
12494,0.5484,0.6495,0.6508,0.6224,0.0013,-0.0207,0.2489,0.2254,1.383,5.729
10691,0.4435,0.6443,0.6456,0.6314,0.0013,-0.0276,0.1461,0.1375,1.880,4.169
8139,0.3345,0.5966,0.5979,0.5902,0.0013,0.0242,0.1795,0.1254,3.065,3.519
7247,0.3798,0.7130,0.7143,0.6281,0.0013,0.0833,0.2147,0.1753,2.027,4.860
1501,0.5156,0.6126,0.6139,0.6165,0.0013,0.0161,0.1226,0.1285,0.091,4.053
8813,0.1389,0.5380,0.5393,0.5328,0.0013,-0.0439,0.2078,0.2030,-0.386,4.126
5200,0.3433,0.5920,0.5933,0.6448,0.0013,0.0208,0.1243,0.1250,-0.532,3.374
22655,0.2453,0.5470,0.5483,0.5019,0.0013,0.0012,0.1547,0.1539,0.682,3.771
562,0.2064,0.5792,0.5804,0.5006,0.0013,-0.0277,0.2503,0.1535,-3.015,3.926
19556,0.1106,0.4801,0.4813,0.4903,0.0013,0.0246,0.3297,0.2718,3.588,6.265
3896,0.5710,0.6615,0.6628,0.6602,0.0013,0.0278,0.1617,0.1460,0.663,5.041
10785,0.3817,0.6782,0.6795,0.6589,0.0013,0.0173,0.1777,0.1590,1.512,4.422
20754,0.5411,0.7082,0.7095,0.7249,0.0013,0.0853,0.1968,0.1476,2.141,5.236
10055,0.3908,0.6748,0.6761,0.6735,0.0013,0.0336,0.2399,0.2073,-2.743,5.021
90,0.1876,0.5476,0.5488,0.5437,0.0013,0.0518,0.2049,0.1861,2.306,4.826
24047,0.2980,0.5771,0.5784,0.5141,0.0013,-0.0000,0.2209,0.2301,0.190,6.288
20020,0.1219,0.5707,0.5720,0.4910,0.0013,0.0461,0.2098,0.1813,-0.564,4.131
2959,0.4310,0.6465,0.6478,0.6452,0.0013,0.0070,0.1587,0.1610,0.655,4.445
8120,0.5828,0.6928,0.6941,0.7031,0.0013,0.0092,0.1537,0.1299,-1.167,4.058
17251,0.3544,0.6620,0.6632,0.6555,0.0013,0.0221,0.1619,0.1560,1.800,4.109
16268,0.3712,0.6452,0.6465,0.6003,0.0013,-0.0173,0.1750,0.1469,2.856,3.507
18782,0.4148,0.6260,0.6272,0.6221,0.0013,0.0333,0.1534,0.1493,0.294,4.502
22289,0.4049,0.7150,0.7163,0.6868,0.0013,0.1017,0.1782,0.1607,1.353,5.117
6297,0.2407,0.3611,0.3611,0.3625,0.0000,0.0107,0.1998,0.1072,3.421,4.039
10848,0.3250,0.6584,0.6584,0.6104,0.0000,0.0462,0.1286,0.0862,2.915,4.030
20594,0.4340,0.5772,0.5772,0.5901,0.0000,0.0300,0.2967,0.3085,0.074,6.701
4520,0.2010,0.5843,0.5843,0.5676,0.0000,0.0323,0.2455,0.2348,3.268,5.934
9679,0.4593,0.6412,0.6412,0.5868,0.0000,-0.0144,0.2970,0.1774,-5.164,4.436
10837,0.4653,0.6491,0.6491,0.5660,0.0000,0.0201,0.2759,0.1630,5.578,3.953
12810,0.4132,0.6564,0.6564,0.6602,0.0000,0.0046,0.2755,0.2526,0.941,6.998
9137,0.5419,0.6563,0.6563,0.6537,0.0000,0.0209,0.1079,0.0616,2.493,3.180
12040,0.6811,0.6261,0.6261,0.6300,0.0000,-0.0126,0.2537,0.0968,4.806,4.258
17995,0.4366,0.6988,0.6988,0.6319,0.0000,0.0532,0.1989,0.1157,3.262,3.515
21574,0.5049,0.6083,0.6083,0.5875,0.0000,0.0093,0.2687,0.1131,5.095,3.886
230,0.5231,0.6842,0.6842,0.6611,0.0000,0.0127,0.2135,0.2089,0.342,5.574
18825,0.2455,0.5207,0.5207,0.5220,0.0000,-0.0092,0.2520,0.1977,-2.087,4.625
21486,0.4078,0.6571,0.6571,0.6506,0.0000,0.0116,0.1300,0.1330,-0.525,3.180
20633,0.5245,0.6512,0.6512,0.5943,0.0000,-0.0587,0.1759,0.1436,-1.930,3.733
9272,0.5438,0.6641,0.6641,0.5927,0.0000,0.0510,0.2132,0.1794,3.674,5.159
20887,0.3682,0.6362,0.6362,0.6375,0.0000,0.0127,0.1321,0.1379,0.550,3.581
16408,0.4778,0.6551,0.6551,0.6293,0.0000,0.0511,0.1059,0.1052,-0.382,3.180
13624,0.3082,0.6081,0.6081,0.6367,0.0000,0.0577,0.1153,0.0674,2.530,3.408
12773,0.5793,0.7060,0.7060,0.6956,0.0000,0.0394,0.1209,0.1014,2.579,3.362
10748,0.5788,0.7693,0.7693,0.7255,0.0000,0.0440,0.1763,0.1085,2.682,3.575
17055,0.2863,0.5894,0.5894,0.6229,0.0000,0.0129,0.1525,0.1464,-0.021,3.303
4541,0.6229,0.7404,0.7404,0.7031,0.0000,0.0161,0.1906,0.0810,3.954,3.660
4265,0.3985,0.6211,0.6211,0.6276,0.0000,0.0357,0.1627,0.1792,-1.134,4.628
9085,0.3504,0.5505,0.5505,0.5661,0.0000,0.0243,0.2980,0.2704,1.341,6.831
16263,0.4205,0.6538,0.6538,0.6255,0.0000,0.0069,0.1635,0.1565,1.932,3.882
21906,0.2777,0.6418,0.6418,0.6588,0.0000,0.0689,0.1911,0.1794,-1.103,5.286
23801,0.3519,0.6075,0.6075,0.5315,0.0000,-0.0092,0.1869,0.1100,4.460,3.882
8675,0.5091,0.6649,0.6649,0.6402,0.0000,0.0597,0.2821,0.1398,5.036,5.555
15973,0.3551,0.6344,0.6344,0.6240,0.0000,0.0276,0.2566,0.2489,-1.056,5.532
24943,0.1604,0.5845,0.5845,0.6232,0.0000,0.1118,0.3311,0.3208,1.217,7.473
24598,0.3264,0.6825,0.6825,0.6324,0.0000,0.0324,0.1384,0.1219,2.460,4.576
4656,0.1929,0.5557,0.5557,0.4715,0.0000,0.0224,0.2320,0.2049,4.985,4.691
14640,0.2112,0.5303,0.5303,0.5123,0.0000,0.0127,0.2121,0.2050,-0.287,4.214
22275,0.4066,0.6375,0.6375,0.6504,0.0000,0.0380,0.1457,0.1422,0.669,4.720
14004,0.2424,0.7596,0.7596,0.7416,0.0000,0.0380,0.1069,0.1053,1.933,3.536
20323,0.4396,0.6392,0.6392,0.6675,0.0000,-0.0058,0.1707,0.1463,-1.138,3.708
7543,0.3963,0.6736,0.6736,0.6386,0.0000,0.0473,0.1582,0.1679,-0.984,4.385
7650,-0.0709,0.5363,0.5363,0.5609,0.0000,0.0698,0.1938,0.0763,4.922,1.512
16117,0.5179,0.6985,0.6985,0.7191,0.0000,0.0162,0.0998,0.0989,-0.336,3.707
19896,0.5666,0.6865,0.6865,0.6400,0.0000,-0.0011,0.2369,0.2075,2.320,5.420
2278,0.4466,0.6856,0.6856,0.6173,0.0000,-0.0174,0.1720,0.1544,-0.976,4.378
5881,0.6546,0.7035,0.7035,0.7099,0.0000,-0.0242,0.1438,0.1273,1.274,4.961
8873,0.5745,0.6831,0.6831,0.6624,0.0000,-0.0438,0.2505,0.1777,2.804,5.030
14636,0.4868,0.5768,0.5768,0.5471,0.0000,-0.0208,0.2191,0.1307,3.549,3.906
21767,0.5397,0.7198,0.7198,0.6877,0.0000,0.0398,0.1654,0.1476,1.506,3.385
15642,0.3927,0.6268,0.6268,0.6551,0.0000,0.0348,0.1355,0.1487,3.324,3.565
13025,0.4369,0.6113,0.6113,0.5894,0.0000,-0.0322,0.1566,0.1478,0.213,4.251
2477,0.2202,0.5982,0.5982,0.5751,0.0000,0.0162,0.2313,0.1858,-2.308,4.884
22779,0.3488,0.6725,0.6725,0.6793,0.0000,0.0083,0.3284,0.1456,5.841,5.228
16210,0.2918,0.6098,0.6098,0.5956,0.0000,-0.0036,0.3281,0.2635,-2.878,6.088
2253,0.3474,0.6499,0.6499,0.6486,0.0000,0.0301,0.1951,0.1580,-1.194,4.392
4147,0.4076,0.5974,0.5974,0.6232,0.0000,0.0174,0.1255,0.1298,0.452,3.002
21826,0.1929,0.5977,0.5977,0.5360,0.0000,0.0092,0.1855,0.1468,-2.618,3.978
3359,0.2530,0.5465,0.5465,0.5106,0.0000,0.0515,0.3728,0.0424,8.313,1.979
8904,0.4104,0.5885,0.5885,0.5410,0.0000,0.0576,0.1653,0.1429,1.577,4.211
2416,0.6061,0.7150,0.7150,0.7099,0.0000,0.0392,0.1515,0.1093,1.851,4.152
8113,0.5296,0.6248,0.6248,0.6494,0.0000,0.0165,0.1628,0.1115,2.632,3.713
13979,0.4075,0.6240,0.6240,0.5982,0.0000,0.0185,0.2445,0.2382,0.883,5.782
13397,0.5791,0.6774,0.6761,0.6799,-0.0013,-0.0139,0.1511,0.1458,0.209,3.471
16,0.4203,0.7365,0.7352,0.7185,-0.0013,-0.0025,0.1580,0.1348,-0.389,3.805
22671,0.3846,0.6080,0.6067,0.5925,-0.0013,0.0139,0.1556,0.1552,1.184,3.612
17350,0.3611,0.6628,0.6615,0.6358,-0.0013,-0.0208,0.1832,0.1756,0.603,5.280
20390,0.5388,0.6795,0.6782,0.6589,-0.0013,0.0277,0.1577,0.1664,-0.003,4.958
20535,0.5097,0.6628,0.6615,0.6615,-0.0013,-0.0000,0.1431,0.1400,-0.192,4.524
16053,0.4748,0.6538,0.6525,0.6486,-0.0013,-0.0335,0.1076,0.1109,0.534,3.565
20192,0.5123,0.7323,0.7310,0.6731,-0.0013,0.0070,0.1155,0.1131,1.264,3.327
2922,0.5775,0.6731,0.6718,0.6641,-0.0013,0.0370,0.1900,0.1052,3.212,4.554
18291,0.2271,0.6448,0.6435,0.6770,-0.0013,0.0069,0.1396,0.1491,0.251,3.448
16257,0.3064,0.7130,0.7117,0.7529,-0.0013,0.0345,0.1493,0.1382,0.656,3.655
24056,0.4891,0.7465,0.7452,0.7362,-0.0013,-0.0220,0.1489,0.0903,3.273,3.166
21522,0.1454,0.5817,0.5804,0.6036,-0.0013,-0.0010,0.3210,0.1898,-3.963,4.761
7004,0.3597,0.6602,0.6589,0.6667,-0.0013,0.0349,0.1561,0.1427,1.072,4.710
5401,0.3779,0.6409,0.6396,0.6306,-0.0013,0.0381,0.2543,0.2329,0.581,5.485
4733,0.4259,0.6847,0.6834,0.6718,-0.0013,-0.0184,0.1970,0.1720,3.045,4.929
22932,0.5496,0.7113,0.7101,0.6778,-0.0013,0.0566,0.2585,0.2015,-1.393,4.927
17477,0.5484,0.6675,0.6662,0.6353,-0.0013,0.0207,0.2161,0.2089,0.072,6.065
22085,0.4751,0.6430,0.6418,0.6714,-0.0013,0.0448,0.1443,0.1426,0.170,4.092
11279,0.2153,0.5631,0.5619,0.5709,-0.0013,-0.0104,0.1855,0.1812,0.948,5.018
1861,0.3438,0.6598,0.6585,0.6817,-0.0013,0.0383,0.2370,0.1627,3.873,4.497
6711,0.3986,0.6327,0.6314,0.6534,-0.0013,-0.0104,0.2067,0.2104,-0.403,5.180
1978,0.1871,0.6340,0.6327,0.6095,-0.0013,0.0621,0.1734,0.1560,2.042,4.239
16776,0.4692,0.7135,0.7123,0.7123,-0.0013,0.0000,0.1745,0.1531,2.380,4.395
6244,0.2832,0.6026,0.6013,0.5768,-0.0013,0.0819,0.2213,0.1541,3.901,4.012
20718,0.0294,0.4671,0.4658,0.4684,-0.0013,0.0208,0.2929,0.2788,0.308,5.933
4200,0.5501,0.6426,0.6413,0.6284,-0.0013,-0.0138,0.1311,0.1068,1.430,3.972
20882,0.3573,0.5510,0.5497,0.5471,-0.0013,-0.0277,0.2537,0.1905,3.256,5.471
6175,0.1674,0.6163,0.6150,0.6189,-0.0013,0.0461,0.1329,0.1364,1.273,3.027
9514,0.3123,0.6240,0.6227,0.6370,-0.0013,-0.0346,0.1067,0.1081,1.288,3.595
10484,0.4511,0.6714,0.6701,0.6468,-0.0013,-0.0184,0.1794,0.1335,2.669,5.439
24066,0.4580,0.6429,0.6417,0.6248,-0.0013,-0.0035,0.1313,0.1243,0.634,3.538
20512,0.5419,0.7102,0.7089,0.6792,-0.0013,0.0254,0.0770,0.0811,0.261,2.816
8313,0.4634,0.5790,0.5777,0.5687,-0.0013,0.0571,0.1359,0.0522,-2.096,2.097
15592,0.3192,0.6425,0.6412,0.6282,-0.0013,0.0162,0.1950,0.1852,2.304,5.596
9547,0.2056,0.5725,0.5712,0.6179,-0.0013,0.0288,0.1419,0.1218,-0.090,3.313
22707,0.4370,0.6360,0.6347,0.6153,-0.0013,-0.0857,0.0984,0.1055,1.401,2.539
20679,0.6436,0.7332,0.7319,0.7383,-0.0013,0.0476,0.1132,0.1083,-0.397,4.375
7982,0.1717,0.5746,0.5733,0.5694,-0.0013,0.0046,0.3461,0.3384,-1.575,6.756
19645,0.1235,0.5214,0.5201,0.4734,-0.0013,0.0187,0.2761,0.1235,5.602,4.480
1363,0.5800,0.7211,0.7198,0.7354,-0.0013,0.0757,0.1994,0.1009,-2.821,1.831
14227,0.4057,0.5473,0.5460,0.5486,-0.0013,0.0081,0.0813,0.0751,0.262,2.418
7346,0.1460,0.5909,0.5896,0.5455,-0.0013,0.0208,0.2374,0.1418,4.361,4.699
9693,0.6925,0.6987,0.6974,0.6805,-0.0013,0.0245,0.2668,0.1424,4.033,5.806
24809,0.2889,0.6203,0.6190,0.6021,-0.0013,0.0233,0.1524,0.1017,3.611,2.388
17464,0.2197,0.5358,0.5345,0.5618,-0.0013,0.0572,0.3041,0.1856,4.975,5.225
23301,0.3325,0.6110,0.6097,0.5679,-0.0013,-0.0047,0.0617,0.0899,0.534,2.030
12890,0.4605,0.5026,0.5013,0.5313,-0.0013,-0.0079,0.3081,0.2160,4.129,6.256
15799,0.3015,0.5961,0.5948,0.6118,-0.0013,0.0002,0.1454,0.1131,2.581,3.731
1389,0.4947,0.6505,0.6492,0.5995,-0.0013,-0.0374,0.2524,0.1672,3.606,4.799
19051,0.5074,0.6087,0.6074,0.5982,-0.0013,-0.0234,0.2941,0.1641,4.158,6.668
8827,0.1810,0.6702,0.6689,0.5989,-0.0013,0.0971,0.2902,0.1134,6.286,4.929
1402,0.1096,0.6343,0.6330,0.6263,-0.0013,0.0143,0.3660,0.1347,6.938,4.157
13367,0.3433,0.5279,0.5266,0.5705,-0.0013,0.0850,0.3537,0.1485,5.666,5.158
9918,0.2912,0.6774,0.6761,0.6210,-0.0013,0.0802,0.4363,0.1211,-7.264,3.832
17924,0.5101,0.6320,0.6306,0.6484,-0.0015,0.0103,0.1179,0.1107,2.039,3.159
18543,0.5027,0.6962,0.6936,0.6615,-0.0026,-0.0162,0.2815,0.1895,-4.319,4.960
12328,0.2881,0.6021,0.5995,0.6393,-0.0026,-0.0151,0.1207,0.1125,-0.158,2.379
13227,0.3203,0.6290,0.6264,0.6598,-0.0026,0.0023,0.2248,0.1879,2.416,5.723
996,0.3709,0.7510,0.7484,0.7741,-0.0026,0.0783,0.1781,0.1059,-1.266,3.586
15781,0.3178,0.6598,0.6573,0.6650,-0.0026,0.0495,0.2478,0.2312,-0.043,5.279
7524,0.3289,0.6260,0.6234,0.6298,-0.0026,-0.0163,0.1219,0.1253,0.546,2.749
6453,0.5441,0.7198,0.7172,0.7519,-0.0026,0.0455,0.0855,0.0820,1.897,2.312
24359,0.2646,0.5784,0.5758,0.5771,-0.0026,0.0600,0.2207,0.2000,-1.442,4.806
19476,0.5468,0.7802,0.7776,0.7712,-0.0026,0.0115,0.1090,0.0856,0.799,2.868
19380,0.3762,0.6260,0.6234,0.5771,-0.0026,-0.0264,0.1832,0.1540,2.908,3.700
20898,0.3944,0.6838,0.6812,0.6221,-0.0026,-0.0313,0.0874,0.0938,1.216,2.479
7269,0.5391,0.6684,0.6658,0.6324,-0.0026,0.0000,0.1826,0.1764,-0.162,5.425
21945,0.3733,0.6671,0.6645,0.6620,-0.0026,-0.0197,0.1581,0.1572,-1.001,4.087
6012,0.5163,0.6795,0.6770,0.6126,-0.0026,0.0417,0.1590,0.1160,3.036,3.907
8643,0.2776,0.6384,0.6358,0.6010,-0.0026,-0.0196,0.2063,0.1472,3.322,4.049
5636,0.3791,0.6435,0.6409,0.6384,-0.0026,0.0001,0.1302,0.1249,0.055,3.205
196,0.5074,0.6795,0.6770,0.6834,-0.0026,0.0035,0.1315,0.1036,2.225,2.668
8979,0.6318,0.7091,0.7066,0.7233,-0.0026,-0.0000,0.1776,0.1536,-0.224,4.692
24875,0.4432,0.6152,0.6126,0.6049,-0.0026,0.0150,0.2335,0.1945,3.350,4.595
8318,0.4773,0.6152,0.6126,0.5997,-0.0026,0.0566,0.1434,0.1317,0.747,4.276
11123,0.5503,0.6950,0.6924,0.6757,-0.0026,0.0254,0.2122,0.1864,1.596,4.865
8227,0.1919,0.5405,0.5380,0.5341,-0.0026,0.0103,0.3133,0.3070,-0.024,6.301
9354,0.3966,0.6675,0.6649,0.6443,-0.0026,0.0161,0.2132,0.1301,3.377,4.285
24342,0.3590,0.6521,0.6495,0.6353,-0.0026,-0.0208,0.1390,0.1482,2.600,4.238
11046,0.4480,0.6469,0.6443,0.6559,-0.0026,0.0081,0.2058,0.1869,0.405,6.331
24113,0.2462,0.6495,0.6469,0.6430,-0.0026,0.0438,0.1673,0.0982,-1.513,2.389
18450,0.1146,0.5116,0.5090,0.5503,-0.0026,0.0000,0.1922,0.1633,-1.587,3.572
9138,0.3047,0.6727,0.6701,0.6675,-0.0026,0.0080,0.1105,0.0976,0.181,2.153
2258,0.1397,0.6108,0.6082,0.5606,-0.0026,0.1348,0.1747,0.1727,0.089,3.861
16382,0.1226,0.5948,0.5923,0.5639,-0.0026,-0.0371,0.2966,0.2776,1.638,5.789
5798,0.2865,0.6000,0.5974,0.5806,-0.0026,-0.0323,0.0924,0.1076,0.886,2.476
1276,0.1416,0.5084,0.5058,0.4503,-0.0026,-0.0837,0.3917,0.2847,-2.585,7.220
24292,0.2806,0.5948,0.5923,0.5910,-0.0026,0.0231,0.0987,0.0989,0.772,3.241
7253,0.3143,0.7006,0.6981,0.7613,-0.0026,-0.0115,0.1580,0.1614,-1.327,3.976
13948,0.2718,0.5213,0.5187,0.5561,-0.0026,0.0311,0.2545,0.1102,5.238,4.235
21470,0.5254,0.6735,0.6710,0.6735,-0.0026,0.0313,0.1526,0.1417,-1.156,4.573
14865,0.5918,0.7600,0.7574,0.7574,-0.0026,0.0220,0.2687,0.2481,-1.450,6.918
19573,0.6431,0.7071,0.7045,0.6916,-0.0026,0.0402,0.1964,0.1557,1.309,4.611
8411,0.3330,0.6318,0.6292,0.6447,-0.0026,-0.0185,0.0970,0.0882,1.343,2.553
2402,0.1922,0.5853,0.5827,0.5336,-0.0026,0.0619,0.0883,0.0938,0.538,2.564
12634,0.4216,0.7171,0.7145,0.6951,-0.0026,-0.0254,0.2247,0.2044,-1.990,5.437
20214,0.4089,0.6960,0.6934,0.6585,-0.0026,0.0000,0.3236,0.1796,-3.918,5.081
12507,0.4646,0.6494,0.6468,0.6546,-0.0026,0.0289,0.2292,0.1837,-3.665,4.542
9195,0.4360,0.6326,0.6300,0.6326,-0.0026,-0.0244,0.2209,0.2147,-0.135,5.026
21402,0.3338,0.6835,0.6809,0.6835,-0.0026,0.0473,0.2712,0.2201,-3.949,5.662
13229,0.5048,0.6445,0.6419,0.6289,-0.0026,-0.0577,0.3356,0.2466,-3.409,5.829
19306,0.6909,0.7201,0.7174,0.7357,-0.0026,0.0566,0.1604,0.0995,1.999,4.703
22233,0.3692,0.6728,0.6701,0.6701,-0.0026,0.0467,0.2511,0.1922,3.168,5.891
2729,0.6141,0.7167,0.7141,0.6762,-0.0026,0.0616,0.2326,0.1230,4.832,4.204
766,0.3359,0.6229,0.6202,0.6728,-0.0026,0.0798,0.2854,0.2692,3.153,5.664
12417,0.1961,0.5212,0.5185,0.5489,-0.0026,0.0094,0.2743,0.0787,5.364,3.498
1933,0.3346,0.6426,0.6398,0.6385,-0.0027,0.0694,0.3378,0.3164,1.721,7.646
14548,0.6218,0.7604,0.7576,0.7355,-0.0028,0.0395,0.0944,0.0739,1.432,3.493
7050,0.2349,0.6346,0.6308,0.6295,-0.0038,0.1642,0.1834,0.1721,0.250,4.063
6869,0.4515,0.6868,0.6829,0.6932,-0.0039,0.0150,0.1350,0.1424,2.380,4.570
14207,0.5612,0.7112,0.7073,0.6970,-0.0039,0.0036,0.1938,0.1693,1.548,4.944
20379,0.5013,0.6521,0.6483,0.6688,-0.0039,-0.0104,0.1634,0.1558,0.378,5.272
15512,0.3854,0.6791,0.6752,0.6650,-0.0039,0.0299,0.1725,0.1587,1.555,5.405
1975,0.3683,0.5879,0.5841,0.5764,-0.0039,0.0127,0.1929,0.2032,0.246,4.874
13294,0.4871,0.6585,0.6547,0.6341,-0.0039,0.0403,0.1418,0.1448,1.957,4.340
9975,0.1501,0.6354,0.6316,0.6380,-0.0039,-0.0011,0.1854,0.1783,1.553,4.855
16248,0.3606,0.6311,0.6272,0.6658,-0.0039,-0.0288,0.1783,0.1696,-1.284,4.465
1355,0.3051,0.6003,0.5964,0.6118,-0.0039,0.0568,0.1637,0.1676,0.872,3.352
9015,0.4542,0.6658,0.6620,0.5514,-0.0039,0.0059,0.1823,0.1414,4.220,3.755
19284,0.3933,0.6902,0.6864,0.6992,-0.0039,-0.0628,0.1520,0.1235,-0.809,3.407
5792,0.4300,0.6684,0.6645,0.6645,-0.0039,0.0023,0.1485,0.1321,2.175,3.358
4653,0.1070,0.5045,0.5006,0.4903,-0.0039,0.1174,0.2229,0.1845,-0.719,4.823
14715,0.4672,0.5354,0.5315,0.5560,-0.0039,0.0174,0.2248,0.2280,-0.048,6.325
10197,0.5509,0.7272,0.7233,0.7156,-0.0039,0.0462,0.2303,0.2034,-0.226,5.797
1721,0.2208,0.5573,0.5534,0.5225,-0.0039,-0.0358,0.2475,0.2441,1.240,4.982
1568,0.4284,0.7091,0.7053,0.6860,-0.0039,0.0543,0.0981,0.1056,1.038,3.169
5932,0.4484,0.6268,0.6229,0.6628,-0.0039,0.0421,0.2419,0.1682,-3.582,4.170
15562,0.3936,0.6396,0.6358,0.6808,-0.0039,-0.0428,0.1594,0.1470,0.239,3.982
22909,0.4617,0.6242,0.6203,0.6190,-0.0039,-0.0104,0.2072,0.1960,-0.425,4.380
18927,0.3773,0.6173,0.6134,0.5915,-0.0039,0.0291,0.1705,0.1399,3.055,3.536
3807,0.4109,0.6353,0.6314,0.6456,-0.0039,0.0531,0.2540,0.1764,-3.084,5.225
2534,0.1683,0.5928,0.5889,0.6186,-0.0039,-0.0150,0.2494,0.2416,1.977,5.508
883,0.2763,0.5825,0.5786,0.5477,-0.0039,0.0266,0.1601,0.1126,-1.240,2.041
11034,0.3656,0.5309,0.5271,0.5245,-0.0039,-0.0068,0.2648,0.0947,6.223,4.087
22899,0.6250,0.6031,0.5992,0.6108,-0.0039,0.0359,0.1535,0.1253,1.230,4.232
20787,0.3055,0.6830,0.6791,0.6559,-0.0039,0.0556,0.1400,0.1478,-1.082,3.850
5214,0.5615,0.6232,0.6194,0.6361,-0.0039,0.0115,0.1631,0.1584,0.468,5.444
9698,0.4206,0.5961,0.5923,0.5948,-0.0039,0.0034,0.1498,0.0722,3.915,2.888
4090,0.4459,0.6413,0.6374,0.6503,-0.0039,0.0440,0.1540,0.1250,2.314,3.470
4986,0.6535,0.6761,0.6723,0.6981,-0.0039,0.0346,0.1150,0.1210,-0.363,4.764
8419,0.5946,0.7829,0.7791,0.7209,-0.0039,0.0266,0.3542,0.1913,-4.176,5.897
15292,0.4441,0.6796,0.6757,0.6654,-0.0039,0.0359,0.2133,0.1007,4.543,3.446
6662,0.2289,0.5504,0.5465,0.5349,-0.0039,0.0440,0.2420,0.2363,0.320,5.673
6310,0.4268,0.6318,0.6279,0.5904,-0.0039,0.0139,0.1704,0.1358,1.723,3.979
19862,0.5170,0.6313,0.6274,0.6261,-0.0039,-0.0427,0.1119,0.1013,1.107,3.157
16813,0.4141,0.6882,0.6843,0.6934,-0.0039,0.0434,0.1731,0.1300,-1.495,3.964
12126,0.5142,0.6274,0.6235,0.6261,-0.0039,0.0232,0.0798,0.0601,2.049,2.033
941,0.4897,0.6869,0.6831,0.6494,-0.0039,-0.0255,0.2536,0.1024,6.002,3.710
22321,0.4871,0.5816,0.5777,0.5777,-0.0039,-0.0115,0.1816,0.1852,0.732,5.315
10246,0.4342,0.7461,0.7422,0.6878,-0.0039,-0.0231,0.1377,0.0958,2.427,3.440
24916,0.3606,0.6930,0.6891,0.6762,-0.0039,0.0616,0.1519,0.0574,3.539,1.983
527,0.4135,0.7137,0.7098,0.6645,-0.0039,0.0243,0.1740,0.1652,3.046,4.352
7081,0.1913,0.5720,0.5681,0.5966,-0.0039,0.0624,0.1217,0.1094,-0.576,3.135
10327,0.5846,0.5655,0.5616,0.5629,-0.0039,0.0115,0.0963,0.1111,0.868,3.463
3127,0.2381,0.5774,0.5735,0.5800,-0.0039,0.0161,0.4267,0.2356,-4.654,6.226
8532,0.6036,0.6983,0.6944,0.6775,-0.0039,0.0197,0.0553,0.0926,0.863,1.411
6030,0.4576,0.6177,0.6138,0.6398,-0.0039,0.0554,0.1795,0.0850,3.246,3.645
334,0.1618,0.5196,0.5157,0.4332,-0.0039,0.0739,0.2006,0.1819,1.560,4.701
18602,0.4963,0.6029,0.5990,0.6317,-0.0039,0.0154,0.2950,0.2242,-3.392,5.133
16356,0.4414,0.6754,0.6715,0.6018,-0.0039,0.0212,0.3117,0.1713,4.167,6.300
8306,0.3417,0.6382,0.6342,0.6566,-0.0039,0.0646,0.2126,0.1052,3.847,4.026
22798,0.3084,0.7115,0.7075,0.6509,-0.0040,-0.0289,0.1437,0.1298,-2.231,3.306
23448,0.2111,0.5280,0.5239,0.5034,-0.0041,0.0984,0.2781,0.0472,6.181,2.797
2733,0.4959,0.6167,0.6115,0.6192,-0.0051,-0.0173,0.2373,0.1694,-2.650,4.223
24896,0.2254,0.5910,0.5859,0.5962,-0.0051,0.0726,0.1953,0.1817,1.457,5.438
10042,0.6432,0.7163,0.7112,0.7035,-0.0051,0.0127,0.1496,0.1445,1.194,4.926
14188,0.3390,0.5982,0.5931,0.6059,-0.0051,0.0346,0.2189,0.2156,0.849,4.788
3717,0.4885,0.7317,0.7266,0.7574,-0.0051,0.0196,0.1775,0.1776,-0.545,4.758
3582,0.3033,0.6149,0.6098,0.5982,-0.0051,0.0530,0.2074,0.1694,-1.028,4.559
4730,0.6122,0.7147,0.7095,0.6478,-0.0051,0.0023,0.2186,0.2159,-2.412,6.346
4398,0.3699,0.5874,0.5823,0.6350,-0.0051,0.0524,0.2981,0.1162,-4.479,2.985
12823,0.4030,0.6774,0.6722,0.6517,-0.0051,-0.0139,0.1090,0.1173,0.863,3.917
19904,0.4879,0.6838,0.6787,0.6967,-0.0051,-0.0230,0.1731,0.1603,0.541,5.360
20717,-0.0194,0.3560,0.3509,0.3393,-0.0051,0.0268,0.2279,0.1248,3.801,4.262
12211,0.5989,0.6452,0.6401,0.6542,-0.0051,0.0000,0.1923,0.1531,1.970,4.736
16730,0.5255,0.5959,0.5907,0.5779,-0.0051,-0.0173,0.1154,0.1178,-0.989,4.207
3960,0.2815,0.4762,0.4710,0.5148,-0.0051,0.0325,0.1514,0.1402,0.258,3.433
9539,0.5876,0.6692,0.6641,0.6461,-0.0051,-0.0186,0.0945,0.1074,1.341,2.769
19776,0.2234,0.5560,0.5508,0.5431,-0.0051,0.0150,0.1846,0.1799,-0.513,4.978
12610,0.4917,0.6422,0.6371,0.6435,-0.0051,-0.0104,0.1934,0.1866,-0.368,4.871
21117,0.3023,0.6885,0.6834,0.7284,-0.0051,0.0289,0.2298,0.2278,1.647,5.737
10121,0.5326,0.6602,0.6551,0.6358,-0.0051,-0.0057,0.2256,0.1370,-2.648,4.129
13651,0.4277,0.5972,0.5920,0.5894,-0.0051,-0.0046,0.2037,0.1559,3.737,4.112
2382,0.1468,0.5225,0.5174,0.5045,-0.0051,0.1288,0.2509,0.1831,3.508,4.161
2554,0.3207,0.5580,0.5528,0.5619,-0.0052,-0.0288,0.1905,0.1549,3.393,3.931
13020,0.3417,0.6392,0.6340,0.6443,-0.0052,0.0380,0.1447,0.1436,-0.572,4.142
22338,0.3468,0.6186,0.6134,0.6134,-0.0052,-0.0369,0.2085,0.1670,-1.837,4.479
20557,0.4039,0.5709,0.5657,0.5361,-0.0052,0.0012,0.2401,0.2137,1.713,5.612
23810,0.3593,0.6224,0.6173,0.6340,-0.0052,0.0140,0.1767,0.1105,3.841,3.225
18875,0.5252,0.6534,0.6482,0.6366,-0.0052,0.0693,0.1697,0.1570,1.429,4.323
12025,0.3324,0.6418,0.6366,0.6637,-0.0052,-0.0080,0.2676,0.2311,2.686,5.459
6937,0.5868,0.6942,0.6890,0.6761,-0.0052,0.0173,0.2681,0.1615,3.578,4.888
11147,0.5964,0.6916,0.6865,0.6748,-0.0052,-0.0325,0.0791,0.0921,2.095,2.183
16435,0.3195,0.5504,0.5452,0.5220,-0.0052,0.0058,0.1160,0.0822,2.412,2.417
17896,0.5864,0.7649,0.7597,0.7984,-0.0052,0.0755,0.2024,0.1649,-2.094,4.790
7663,0.4047,0.6822,0.6770,0.6550,-0.0052,0.0127,0.1748,0.1735,2.314,4.820
12488,0.5244,0.5995,0.5943,0.6176,-0.0052,-0.0104,0.2083,0.1313,2.743,4.407
24254,0.3578,0.7132,0.7080,0.7041,-0.0052,0.0693,0.3170,0.0991,-4.644,3.910
22409,0.5630,0.7080,0.7028,0.6783,-0.0052,-0.0011,0.2174,0.1881,2.948,5.015
17617,0.2106,0.6395,0.6344,0.6705,-0.0052,0.1303,0.1415,0.1398,2.700,4.387
24011,0.4523,0.7455,0.7403,0.7339,-0.0052,0.0785,0.1094,0.1016,1.424,3.478
17547,0.3250,0.6391,0.6339,0.6572,-0.0052,0.0244,0.1157,0.0955,-0.736,2.112
23983,0.5310,0.6192,0.6140,0.6244,-0.0052,0.0140,0.3124,0.2909,0.167,7.625
19874,0.3688,0.7085,0.7034,0.6852,-0.0052,0.0579,0.1566,0.1239,-1.113,3.167
2861,0.0157,0.5311,0.5259,0.5181,-0.0052,0.0695,0.3212,0.1443,-3.531,3.496
13339,0.4230,0.6295,0.6244,0.6179,-0.0052,0.0116,0.0953,0.0882,-0.140,2.843
8057,0.4003,0.6835,0.6783,0.6874,-0.0052,0.0256,0.2907,0.2448,-1.420,5.744
9980,0.4743,0.6031,0.5979,0.5720,-0.0052,-0.0232,0.2911,0.1526,4.624,5.046
934,0.3951,0.6757,0.6706,0.6744,-0.0052,-0.0289,0.1180,0.1212,0.986,3.460
19167,0.5996,0.7403,0.7351,0.7286,-0.0052,0.0163,0.1668,0.1570,0.594,4.693
8599,0.2738,0.6442,0.6390,0.6468,-0.0052,-0.0048,0.1277,0.1328,1.073,3.033
6678,0.1521,0.4974,0.4922,0.4544,-0.0052,-0.0232,0.3188,0.1763,4.877,5.658
18380,0.1297,0.4948,0.4896,0.5183,-0.0052,-0.0465,0.3186,0.2410,3.611,5.563
9268,0.4640,0.5653,0.5601,0.5666,-0.0052,-0.0081,0.1551,0.1193,-2.212,2.600
11225,0.2108,0.5099,0.5046,0.4744,-0.0053,0.0392,0.3020,0.0957,7.571,1.066
5662,0.4696,0.6203,0.6146,0.5879,-0.0056,0.0059,0.2277,0.1330,3.621,4.137
23338,0.4694,0.7434,0.7375,0.7581,-0.0059,0.0657,0.3202,0.1397,-5.363,4.046
14569,0.6165,0.7205,0.7141,0.6359,-0.0064,-0.0338,0.2120,0.1714,3.341,5.544
1233,0.4678,0.6906,0.6842,0.6791,-0.0064,0.0161,0.1339,0.1233,0.007,4.676
13163,0.2861,0.5815,0.5751,0.5610,-0.0064,-0.0069,0.1667,0.1576,2.183,3.457
6952,0.4960,0.6842,0.6778,0.6919,-0.0064,0.0127,0.1991,0.1621,-1.643,4.197
6351,0.3816,0.6015,0.5951,0.5668,-0.0064,-0.0058,0.1952,0.1933,0.311,4.931
11932,0.4281,0.5925,0.5861,0.5925,-0.0064,-0.0393,0.1646,0.1538,-0.344,4.261
5812,0.5454,0.6825,0.6761,0.6774,-0.0064,-0.0288,0.1573,0.1493,0.567,4.758
20700,0.1884,0.5797,0.5733,0.5411,-0.0064,0.0760,0.1999,0.1988,0.835,5.343
17611,0.2722,0.5656,0.5591,0.5784,-0.0064,0.0381,0.1644,0.1643,1.500,4.563
23980,0.2189,0.6298,0.6234,0.6247,-0.0064,0.1240,0.1096,0.1144,0.199,3.318
10394,0.3614,0.6877,0.6812,0.6452,-0.0064,0.0600,0.1911,0.1653,-0.586,5.341
23874,0.5319,0.6718,0.6654,0.6486,-0.0064,-0.0023,0.1683,0.1498,-1.125,4.576
20548,0.5281,0.7001,0.6937,0.6731,-0.0064,-0.0081,0.2660,0.1873,4.162,5.453
16155,0.2517,0.5714,0.5650,0.6023,-0.0064,-0.0138,0.1289,0.1354,0.665,3.809
749,0.2126,0.5753,0.5689,0.5367,-0.0064,0.0370,0.1684,0.1751,0.063,4.663
20416,0.4483,0.6667,0.6602,0.6525,-0.0064,-0.0231,0.1345,0.1280,2.197,3.411
83,0.2015,0.6165,0.6100,0.5869,-0.0064,0.0358,0.2924,0.2825,-0.933,7.107
17013,0.5561,0.6538,0.6474,0.6268,-0.0064,0.0208,0.1696,0.1600,2.389,4.844
24922,0.5072,0.6963,0.6898,0.6396,-0.0064,0.0380,0.1814,0.1690,-0.241,5.885
11397,0.5205,0.6495,0.6430,0.6482,-0.0064,-0.0058,0.0834,0.0883,0.465,2.431
16193,0.3967,0.6379,0.6314,0.6572,-0.0064,-0.0222,0.1630,0.1331,-2.252,4.198
5479,0.5341,0.7397,0.7332,0.7191,-0.0064,0.0335,0.1771,0.1228,-1.890,4.295
17838,0.4093,0.6469,0.6405,0.6559,-0.0064,0.0115,0.2486,0.2381,0.473,5.373
15153,0.4236,0.6606,0.6542,0.6774,-0.0065,0.0543,0.2117,0.2055,0.591,4.985
19978,0.5080,0.6890,0.6826,0.7084,-0.0065,0.0277,0.2311,0.2115,1.378,6.118
6153,0.5434,0.6748,0.6684,0.6374,-0.0065,-0.0125,0.2176,0.0953,5.020,3.118
2918,0.2681,0.4465,0.4400,0.4439,-0.0065,0.0336,0.2964,0.2457,2.852,6.539
15482,0.3179,0.6000,0.5935,0.6103,-0.0065,0.0173,0.2123,0.2283,-0.292,5.766
10291,0.6829,0.7597,0.7532,0.7997,-0.0065,0.0127,0.0760,0.0536,-0.804,1.745
21554,0.5272,0.7339,0.7274,0.7351,-0.0065,0.0497,0.2661,0.2506,0.043,7.101
9705,0.4588,0.6740,0.6675,0.6960,-0.0065,0.0625,0.1403,0.1238,1.183,3.892
6824,0.4876,0.6649,0.6585,0.6559,-0.0065,0.0162,0.1060,0.1002,-0.527,3.361
21237,0.2375,0.5356,0.5291,0.5278,-0.0065,0.0069,0.2391,0.2478,4.670,4.735
10204,0.1877,0.6442,0.6378,0.6274,-0.0065,0.0312,0.3566,0.2439,-2.414,5.960
17059,0.4358,0.5873,0.5809,0.6003,-0.0065,0.0497,0.2040,0.1965,1.155,5.333
9940,0.4024,0.7025,0.6960,0.6792,-0.0065,0.0440,0.2165,0.1632,-1.012,4.475
14384,0.5196,0.7117,0.7052,0.6727,-0.0065,0.0349,0.0559,0.0707,0.462,1.238
9012,0.3626,0.5675,0.5610,0.5623,-0.0065,-0.0069,0.2678,0.2073,2.867,6.126
8447,0.4010,0.6143,0.6078,0.5688,-0.0065,0.0218,0.2744,0.0858,5.755,3.983
22637,0.0054,0.5545,0.5481,0.5610,-0.0065,0.0590,0.1355,0.1149,2.396,2.475
21582,0.0983,0.6437,0.6372,0.6229,-0.0065,0.0559,0.2254,0.1921,-0.867,5.024
23642,0.2806,0.4727,0.4661,0.5065,-0.0065,0.0036,0.3078,0.1955,5.656,5.503
7611,0.3406,0.5698,0.5632,0.5776,-0.0065,0.0643,0.2728,0.0600,6.222,2.275
3289,0.2869,0.5750,0.5684,0.5867,-0.0065,-0.0000,0.0901,0.0991,0.186,2.087
3977,0.3648,0.6436,0.6371,0.6397,-0.0065,0.0538,0.2789,0.1184,5.331,3.627
17455,0.2151,0.6301,0.6235,0.6118,-0.0065,0.0023,0.0693,0.0948,0.680,1.619
8987,0.2174,0.6562,0.6497,0.5399,-0.0065,0.0023,0.2599,0.0813,6.373,2.571
918,0.2940,0.6401,0.6335,0.6348,-0.0065,0.0352,0.3583,0.1549,-5.310,3.735
242,0.0853,0.4894,0.4828,0.4987,-0.0066,0.0050,0.2732,0.0455,6.606,1.939
1406,0.3692,0.4721,0.4654,0.4973,-0.0066,-0.0046,0.2886,0.1305,5.836,3.857
22119,0.4879,0.6455,0.6388,0.6438,-0.0067,0.0088,0.3380,0.0826,6.940,4.223
13685,0.3356,0.7019,0.6951,0.6640,-0.0068,0.0663,0.4514,0.1602,-6.640,4.745
23954,0.2883,0.6886,0.6818,0.7133,-0.0069,0.0304,0.1670,0.0831,-2.070,1.411
17187,0.4335,0.6641,0.6564,0.6244,-0.0077,-0.0139,0.2146,0.2068,2.100,4.302
23678,0.0901,0.5597,0.5520,0.5584,-0.0077,0.1376,0.2479,0.2352,1.568,6.368
16304,0.4452,0.5969,0.5892,0.5879,-0.0077,-0.0185,0.1690,0.1371,3.845,2.574
3225,0.4884,0.6893,0.6816,0.6650,-0.0077,-0.0012,0.2027,0.1985,-0.520,5.424
10805,0.2933,0.5661,0.5584,0.5546,-0.0077,0.0566,0.1942,0.1995,0.547,3.917
15615,0.3525,0.6504,0.6427,0.6517,-0.0077,0.0405,0.1464,0.1309,1.706,4.918
6475,0.5204,0.6530,0.6452,0.6491,-0.0077,0.0219,0.1663,0.1590,0.091,5.503
21911,0.2915,0.5733,0.5656,0.4987,-0.0077,0.0404,0.2784,0.2765,1.716,6.864
798,0.3134,0.6517,0.6440,0.6710,-0.0077,-0.0242,0.1631,0.1595,0.070,4.724
1226,0.4971,0.6889,0.6812,0.6915,-0.0077,-0.0093,0.1678,0.1657,-2.271,4.302
14170,0.5826,0.6285,0.6208,0.6350,-0.0077,-0.0288,0.1728,0.1361,1.503,4.875
14932,0.3646,0.6427,0.6350,0.6131,-0.0077,-0.0023,0.2077,0.1968,-0.575,5.186
8695,0.4767,0.6851,0.6774,0.6697,-0.0077,0.0162,0.2097,0.1905,-0.797,4.935
3528,0.3352,0.6512,0.6435,0.6667,-0.0077,0.0488,0.1869,0.1659,-0.071,3.887
11790,0.4712,0.6911,0.6834,0.6782,-0.0077,0.0859,0.1107,0.1116,-0.127,4.058
15026,0.5296,0.7503,0.7426,0.7259,-0.0077,0.0530,0.2133,0.1407,-2.036,4.790
18504,0.1269,0.6203,0.6126,0.5264,-0.0077,0.1330,0.1763,0.1753,1.443,4.369
1011,0.0465,0.5174,0.5097,0.5753,-0.0077,0.0534,0.1337,0.1275,0.209,2.657
7500,0.2475,0.5766,0.5689,0.5714,-0.0077,-0.0034,0.1162,0.1114,1.038,2.750
22552,0.2619,0.5290,0.5212,0.5135,-0.0077,-0.0139,0.2272,0.1832,-1.986,3.817
21231,0.4315,0.6701,0.6624,0.6430,-0.0077,0.0311,0.0808,0.0825,0.175,2.538
13913,0.3587,0.6546,0.6469,0.6418,-0.0077,0.0347,0.1110,0.1075,2.495,2.963
20931,0.2138,0.5464,0.5387,0.5142,-0.0077,0.0588,0.2018,0.1940,3.160,3.766
24234,0.0447,0.5722,0.5644,0.5361,-0.0077,-0.0023,0.1949,0.1262,4.354,4.297
748,0.3748,0.5961,0.5884,0.6206,-0.0077,-0.0588,0.2097,0.1930,2.099,5.801
9198,0.5749,0.6680,0.6602,0.6938,-0.0078,-0.0092,0.0877,0.1105,-0.048,2.454
9950,0.3294,0.5401,0.5323,0.5439,-0.0078,0.0081,0.1647,0.0783,3.408,2.231
3585,0.5306,0.7183,0.7106,0.7106,-0.0078,0.0232,0.2334,0.1980,1.901,5.942
2728,0.4330,0.6072,0.5995,0.6266,-0.0078,0.0426,0.1329,0.1451,0.836,3.328
3261,0.3267,0.5369,0.5291,0.5291,-0.0078,-0.0726,0.1601,0.1505,-1.124,4.120
233,0.3487,0.6261,0.6184,0.5990,-0.0078,0.0428,0.2164,0.1101,4.005,3.687
11709,0.3256,0.5614,0.5537,0.5175,-0.0078,0.0093,0.1999,0.1240,2.836,4.062
8428,0.5031,0.7348,0.7270,0.6805,-0.0078,0.0462,0.1282,0.1281,-0.175,3.791
9729,0.3039,0.6205,0.6127,0.6179,-0.0078,0.0011,0.1958,0.1637,3.848,4.355
702,0.4081,0.5674,0.5596,0.5337,-0.0078,0.0219,0.1233,0.1216,1.336,4.426
3050,0.5889,0.6839,0.6762,0.6412,-0.0078,0.0127,0.2107,0.1961,0.903,5.992
18813,0.5561,0.6930,0.6852,0.6904,-0.0078,-0.0128,0.1134,0.1099,1.924,3.317
22491,0.5546,0.6719,0.6641,0.6783,-0.0078,0.0427,0.2361,0.1164,5.647,3.981
7257,0.4147,0.7519,0.7442,0.7597,-0.0078,0.0880,0.1488,0.1268,1.110,4.296
12219,0.4038,0.6143,0.6065,0.5792,-0.0078,0.0877,0.0976,0.0960,-0.183,3.378
7854,0.6462,0.7027,0.6949,0.6754,-0.0078,-0.0058,0.1120,0.0849,2.388,2.152
4863,0.2481,0.5966,0.5888,0.5313,-0.0078,-0.0694,0.1736,0.1229,3.704,4.173
292,0.5107,0.6501,0.6423,0.6632,-0.0078,0.0421,0.1639,0.0579,3.147,3.106
22719,0.3088,0.6086,0.6008,0.5589,-0.0079,0.0553,0.2897,0.2384,4.332,6.636
8945,0.4348,0.6356,0.6278,0.6081,-0.0079,0.0433,0.1664,0.0746,3.631,3.251
6408,0.6171,0.7201,0.7122,0.6662,-0.0079,-0.0163,0.2985,0.0695,6.977,2.785
15417,0.2796,0.6899,0.6820,0.6281,-0.0079,0.0274,0.3202,0.1630,5.266,5.352
3683,0.5680,0.7256,0.7167,0.7154,-0.0090,0.0255,0.2148,0.1889,-0.395,5.471
8022,0.4978,0.7625,0.7535,0.7766,-0.0090,0.0416,0.1808,0.1596,0.464,4.336
13698,0.3984,0.5674,0.5584,0.5584,-0.0090,-0.0058,0.1915,0.1635,1.702,4.683
16970,0.3749,0.5802,0.5712,0.5725,-0.0090,-0.0058,0.1642,0.1633,0.487,4.488
14373,0.4334,0.6889,0.6799,0.6504,-0.0090,0.0359,0.2066,0.1753,-0.324,5.321
2995,0.0906,0.5231,0.5141,0.5193,-0.0090,-0.0207,0.2534,0.2313,3.386,5.582
15838,0.4999,0.6954,0.6864,0.6607,-0.0090,0.0150,0.2418,0.1857,-1.859,5.172
15564,0.1486,0.5463,0.5373,0.5707,-0.0090,0.0495,0.2274,0.2363,-1.149,5.955
4331,0.6580,0.7751,0.7661,0.7249,-0.0090,0.0115,0.1742,0.1608,-1.003,5.314
12911,0.2930,0.6157,0.6067,0.6144,-0.0090,0.0081,0.1062,0.1126,-0.227,3.595
14116,0.1471,0.5804,0.5714,0.5199,-0.0090,0.0588,0.2421,0.1458,-2.337,3.787
1511,0.3360,0.6379,0.6289,0.6405,-0.0090,-0.0658,0.1936,0.1862,0.408,5.305
6484,0.4945,0.7229,0.7139,0.7113,-0.0090,0.0592,0.1055,0.1071,0.593,2.789
24562,0.6697,0.7758,0.7668,0.7088,-0.0090,-0.0288,0.2121,0.1495,2.475,4.867
9410,0.5221,0.6559,0.6469,0.6649,-0.0090,0.0821,0.1945,0.1029,3.623,3.715
20775,0.1369,0.6031,0.5941,0.5954,-0.0090,0.0129,0.0950,0.0899,0.377,1.842
22760,0.2821,0.7075,0.6985,0.6173,-0.0090,0.0487,0.2052,0.1867,2.648,5.105
16463,0.4095,0.5863,0.5773,0.5619,-0.0090,-0.0324,0.1152,0.1207,-0.145,3.377
20476,0.3301,0.5819,0.5729,0.5471,-0.0090,0.0663,0.0839,0.0844,0.704,1.790
13112,0.4442,0.6671,0.6581,0.6426,-0.0090,0.0035,0.1374,0.1446,0.512,4.088
11024,0.0543,0.5303,0.5213,0.5123,-0.0090,0.0393,0.3476,0.3379,2.973,6.010
14168,0.5419,0.7416,0.7326,0.7494,-0.0090,0.0300,0.1328,0.1236,1.269,2.843
9841,0.5098,0.7016,0.6925,0.6809,-0.0090,-0.0093,0.2639,0.2317,2.540,6.271
9617,0.1441,0.6106,0.6016,0.6313,-0.0091,0.0681,0.1243,0.1181,1.112,3.176
18550,0.6891,0.7076,0.6986,0.6921,-0.0091,0.0279,0.1428,0.1017,-1.717,3.439
21838,0.1842,0.5738,0.5648,0.5751,-0.0091,0.0012,0.2059,0.1211,3.618,3.348
23882,0.3672,0.6205,0.6114,0.6075,-0.0091,0.0255,0.1302,0.1082,3.218,4.302
15481,0.3857,0.6498,0.6407,0.6693,-0.0091,-0.0081,0.0976,0.1126,2.433,2.580
21684,0.3728,0.6342,0.6252,0.6083,-0.0091,0.0407,0.2698,0.2799,-0.961,5.843
10963,0.2070,0.6096,0.6005,0.4799,-0.0091,0.0316,0.3315,0.2676,3.356,6.719
8879,0.4235,0.7555,0.7464,0.7282,-0.0091,-0.0245,0.0941,0.0799,-0.857,2.885
10554,0.2193,0.5740,0.5649,0.5924,-0.0092,0.0209,0.3448,0.2530,4.031,6.030
13418,0.2490,0.5675,0.5583,0.5242,-0.0092,0.0153,0.0729,0.0503,0.433,1.393
13290,0.2008,0.5066,0.4974,0.5395,-0.0092,0.0127,0.2464,0.1548,4.030,4.115
13079,0.4461,0.5053,0.4960,0.4631,-0.0092,-0.0259,0.2963,0.1173,6.483,4.172
4880,0.4761,0.6582,0.6489,0.6395,-0.0093,0.0335,0.1293,0.0933,-1.495,2.695
1336,0.1391,0.5022,0.4920,0.4964,-0.0102,0.0422,0.1010,0.0790,-0.383,0.254
24903,0.4736,0.6667,0.6564,0.7090,-0.0103,0.0450,0.1851,0.1536,-1.097,3.752
18605,0.2126,0.5969,0.5866,0.5879,-0.0103,-0.0325,0.0983,0.1047,0.995,2.210
22175,0.5372,0.7240,0.7137,0.7137,-0.0103,0.0103,0.1872,0.1605,1.762,5.612
3102,0.3972,0.7150,0.7047,0.6431,-0.0103,0.1170,0.1242,0.1069,-0.826,3.072
4308,0.2571,0.6028,0.5925,0.5951,-0.0103,0.0716,0.1460,0.1346,-0.595,3.444
24096,0.4639,0.7314,0.7211,0.6889,-0.0103,0.0486,0.2402,0.1228,-4.298,3.116
19179,0.3940,0.6010,0.5907,0.5399,-0.0103,0.0094,0.2050,0.0969,4.387,2.528
20805,0.2584,0.5418,0.5315,0.5444,-0.0103,0.0058,0.1669,0.1422,1.922,3.879
7207,0.5385,0.6744,0.6641,0.6795,-0.0103,0.0115,0.1142,0.1067,0.044,2.593
23365,0.4906,0.6499,0.6396,0.6486,-0.0103,-0.0081,0.1534,0.1411,1.600,3.368
1855,0.3923,0.5869,0.5766,0.5856,-0.0103,0.0057,0.1100,0.1218,2.035,2.391
19732,0.5503,0.6023,0.5920,0.6422,-0.0103,-0.0150,0.1518,0.1405,2.004,4.361
1919,0.3820,0.5894,0.5792,0.5946,-0.0103,0.0426,0.1709,0.1522,1.492,4.872
10921,0.4085,0.6602,0.6499,0.6396,-0.0103,-0.0438,0.1804,0.1805,0.168,4.949
13801,0.2133,0.5894,0.5792,0.6113,-0.0103,-0.0058,0.1899,0.1742,2.333,5.038
4678,0.1550,0.5683,0.5580,0.5644,-0.0103,0.0358,0.3592,0.2520,-2.739,6.181
2324,0.1102,0.5387,0.5284,0.5271,-0.0103,0.0534,0.1479,0.1185,-1.482,2.362
17164,0.2605,0.6302,0.6198,0.6482,-0.0103,0.0231,0.1101,0.1141,1.353,2.461
10134,0.1860,0.5271,0.5168,0.5335,-0.0103,0.0184,0.1613,0.1511,-0.200,3.191
10128,0.5524,0.6817,0.6714,0.6933,-0.0103,0.0461,0.1589,0.1211,-2.125,4.062
16089,0.5885,0.6778,0.6675,0.6753,-0.0103,0.0475,0.0908,0.0949,-0.585,3.771
12599,0.6486,0.7088,0.6985,0.6972,-0.0103,-0.0335,0.1389,0.1268,-1.118,3.826
11732,0.3679,0.6658,0.6555,0.6129,-0.0103,0.0104,0.1681,0.1133,4.104,3.400
2028,0.3706,0.6129,0.6026,0.6103,-0.0103,-0.0069,0.1726,0.1523,-1.333,3.720
4372,0.6173,0.6310,0.6206,0.5832,-0.0103,-0.0161,0.1634,0.1299,1.599,5.208
22472,0.4103,0.6671,0.6568,0.6490,-0.0103,-0.0092,0.1223,0.1225,0.726,3.614
5795,0.3885,0.6697,0.6594,0.6335,-0.0103,0.0519,0.2457,0.1511,-2.806,4.060
17129,0.2893,0.6486,0.6382,0.6370,-0.0103,-0.0230,0.2156,0.2101,1.166,4.901
24200,0.2530,0.5284,0.5181,0.4974,-0.0103,-0.0636,0.2920,0.1861,-4.686,4.163
7485,0.3655,0.5840,0.5736,0.5827,-0.0103,0.0173,0.1873,0.1524,-0.952,3.508
16177,0.2479,0.6305,0.6202,0.6214,-0.0103,0.0439,0.2594,0.2333,-0.483,5.547
17874,0.3474,0.6318,0.6214,0.5956,-0.0103,0.0361,0.1531,0.0945,3.080,2.755
10977,0.3507,0.5504,0.5401,0.5439,-0.0103,0.0289,0.2958,0.1963,3.091,6.562
946,0.1614,0.5711,0.5607,0.5452,-0.0103,-0.0035,0.1257,0.1301,1.306,4.142
4928,0.4534,0.6507,0.6404,0.6831,-0.0103,-0.0289,0.3114,0.3104,-1.899,7.099
24859,0.3574,0.6235,0.6132,0.5912,-0.0103,0.0244,0.3720,0.2185,-4.969,5.026
22499,0.3759,0.6813,0.6710,0.6645,-0.0104,0.0535,0.1787,0.1549,-2.228,4.015
23858,0.4050,0.5026,0.4922,0.5259,-0.0104,-0.0138,0.1135,0.1040,1.234,4.395
21224,0.3307,0.5966,0.5863,0.5850,-0.0104,0.0093,0.1668,0.1464,-1.102,3.804
23469,0.6143,0.7240,0.7135,0.7070,-0.0104,0.0442,0.2479,0.1707,3.717,4.910
4100,0.4986,0.6745,0.6641,0.6680,-0.0105,-0.0443,0.0852,0.0787,0.068,2.150
13069,0.2759,0.5608,0.5503,0.5291,-0.0106,0.0197,0.2868,0.1396,5.788,3.735
3602,0.0930,0.5911,0.5800,0.5939,-0.0111,0.0277,0.3056,0.2167,-3.668,5.337
3267,0.0499,0.6017,0.5905,0.5470,-0.0112,0.0196,0.3523,0.0681,6.961,3.713
13909,0.4878,0.6769,0.6654,0.6526,-0.0115,-0.0069,0.2662,0.2443,2.337,6.340
21832,0.4498,0.6410,0.6295,0.6551,-0.0115,0.0080,0.1676,0.1665,-0.024,4.161
9910,0.3928,0.5199,0.5083,0.5212,-0.0116,0.0128,0.1890,0.2049,-0.638,5.233
753,0.3894,0.6675,0.6560,0.5995,-0.0116,0.0600,0.2022,0.1860,0.895,4.884
3226,0.1252,0.5841,0.5725,0.5661,-0.0116,-0.0070,0.1320,0.1197,3.117,3.579
11379,0.5283,0.6804,0.6688,0.6470,-0.0116,-0.0011,0.1896,0.1382,3.641,3.919
2890,0.5903,0.7545,0.7429,0.7095,-0.0116,-0.0264,0.1677,0.1560,0.521,4.404
7975,0.2835,0.6504,0.6388,0.6517,-0.0116,0.0091,0.2622,0.2478,0.365,5.225
17783,0.3958,0.6504,0.6388,0.6530,-0.0116,0.0647,0.1919,0.1795,-0.918,4.320
4281,0.2404,0.6260,0.6144,0.6144,-0.0116,0.0069,0.1354,0.1296,1.489,3.406
1725,0.1697,0.5656,0.5540,0.5476,-0.0116,0.0012,0.1849,0.1683,-0.068,3.950
3711,0.4463,0.6787,0.6671,0.6620,-0.0116,0.0497,0.1457,0.1350,0.557,4.422
16278,0.3841,0.5630,0.5514,0.5797,-0.0116,-0.0115,0.1855,0.1949,-0.255,4.644
24840,0.2732,0.6152,0.6036,0.6203,-0.0116,-0.0010,0.1354,0.1059,3.587,3.701
8079,0.4452,0.6461,0.6345,0.6564,-0.0116,0.0092,0.1298,0.1293,1.355,3.098
15483,0.1899,0.5856,0.5740,0.5727,-0.0116,0.0128,0.3506,0.2616,-2.666,5.914
97,0.3168,0.6229,0.6113,0.6770,-0.0116,-0.0463,0.2098,0.2092,1.414,5.266
9598,0.4237,0.6628,0.6512,0.6628,-0.0116,0.0244,0.1506,0.1332,2.428,4.442
7188,0.2834,0.4620,0.4505,0.4723,-0.0116,0.0069,0.1431,0.0837,3.954,1.851
7041,0.5260,0.6937,0.6821,0.6641,-0.0116,0.0497,0.1207,0.1185,-0.256,3.203
18418,0.4789,0.6873,0.6757,0.6808,-0.0116,-0.0196,0.1721,0.1647,1.764,4.832
1878,0.1713,0.6345,0.6229,0.6589,-0.0116,0.0473,0.1717,0.1378,-1.688,3.704
1677,0.1254,0.5071,0.4955,0.4929,-0.0116,0.0115,0.2525,0.2407,2.015,5.324
11437,0.2773,0.6577,0.6461,0.6924,-0.0116,0.0623,0.1700,0.1603,0.694,4.561
16935,0.5210,0.6950,0.6834,0.7066,-0.0116,0.0186,0.1785,0.1582,1.903,4.835
22984,0.3734,0.6546,0.6430,0.6134,-0.0116,0.0128,0.3049,0.2919,0.917,6.758
17796,0.4099,0.5966,0.5851,0.5838,-0.0116,0.0392,0.1933,0.2011,0.322,5.457
16510,0.1969,0.5412,0.5296,0.5271,-0.0116,0.0499,0.2873,0.2894,-0.461,6.859
8121,0.4278,0.6920,0.6804,0.6534,-0.0116,-0.0061,0.2352,0.1535,-1.610,4.656
20300,0.1945,0.6611,0.6495,0.6598,-0.0116,0.0821,0.3057,0.2565,-1.664,6.088
11812,0.3248,0.5954,0.5838,0.5735,-0.0116,-0.0034,0.1505,0.1208,2.593,3.104
1611,0.5685,0.6907,0.6791,0.6856,-0.0116,0.0207,0.1607,0.1519,-1.372,5.683
12716,0.2326,0.6366,0.6250,0.6546,-0.0116,0.0116,0.2553,0.2567,1.467,6.874
2271,0.3804,0.6791,0.6675,0.6688,-0.0116,-0.0138,0.1477,0.1467,0.521,4.334
7702,0.3872,0.6173,0.6057,0.6121,-0.0116,0.0451,0.1562,0.1231,-1.792,3.888
8754,0.5618,0.7049,0.6933,0.6791,-0.0116,0.0081,0.2597,0.2375,-1.118,6.815
16349,0.4025,0.6765,0.6649,0.6649,-0.0116,0.0150,0.2087,0.1691,2.742,5.617
21525,0.1663,0.6194,0.6077,0.5845,-0.0116,0.0266,0.2694,0.2121,-3.385,4.781
8248,0.3990,0.6671,0.6555,0.5897,-0.0116,0.0185,0.1410,0.0944,2.117,3.035
9116,0.4572,0.6981,0.6865,0.7019,-0.0116,0.0188,0.1193,0.1019,-0.089,2.397
22715,0.3642,0.7158,0.7041,0.6964,-0.0116,0.0522,0.1006,0.0854,0.424,2.829
995,0.3859,0.6085,0.5969,0.5336,-0.0116,-0.0337,0.1746,0.1177,3.886,3.700
6924,0.6172,0.7739,0.7623,0.7364,-0.0116,0.0346,0.1572,0.1154,1.537,4.875
2802,0.3863,0.6960,0.6843,0.6041,-0.0116,-0.0175,0.1381,0.1069,2.501,2.782
10033,0.4336,0.6831,0.6714,0.6714,-0.0116,-0.0324,0.1066,0.0985,-0.645,2.345
13834,0.4215,0.7283,0.7167,0.6986,-0.0116,0.0150,0.2356,0.1955,-0.936,5.489
13821,0.5187,0.6826,0.6710,0.5907,-0.0117,0.0394,0.2342,0.1783,3.383,5.511
7230,0.3463,0.6839,0.6723,0.6554,-0.0117,0.0474,0.1833,0.1714,1.952,6.416
24266,0.5875,0.6995,0.6878,0.7073,-0.0117,0.0290,0.1162,0.1195,0.757,3.664
15156,0.1249,0.5337,0.5220,0.6075,-0.0117,-0.0407,0.2774,0.2301,4.467,4.916
5334,0.0232,0.4838,0.4721,0.4942,-0.0117,0.0013,0.2607,0.0928,6.490,1.268
7112,0.4501,0.6260,0.6143,0.5948,-0.0117,-0.0046,0.1695,0.1116,3.136,3.428
6506,0.5729,0.6234,0.6117,0.6156,-0.0117,-0.0012,0.2783,0.1234,6.016,3.139
3761,0.4427,0.6099,0.5982,0.6138,-0.0117,0.0070,0.0597,0.0717,0.665,1.261
5544,0.3377,0.5742,0.5625,0.5872,-0.0117,-0.0291,0.1398,0.1208,-0.917,3.507
15626,0.6962,0.7817,0.7699,0.7660,-0.0118,-0.0141,0.1416,0.0842,2.338,3.418
12424,0.4071,0.5393,0.5275,0.5262,-0.0118,0.0665,0.2725,0.0426,5.320,3.170
21075,0.4359,0.6719,0.6601,0.6601,-0.0119,0.0083,0.3014,0.1105,5.661,4.396
3027,0.4058,0.5950,0.5831,0.5646,-0.0119,0.0255,0.2966,0.2929,0.607,6.843
19029,-0.0392,0.4265,0.4146,0.4583,-0.0119,0.0478,0.1669,0.1467,1.503,3.845
14761,0.3783,0.6102,0.5981,0.5954,-0.0121,0.0153,0.2862,0.2113,3.227,6.478
17245,0.3435,0.4918,0.4796,0.4647,-0.0122,-0.0177,0.1186,0.1120,0.650,2.952
5637,0.5444,0.6915,0.6787,0.6915,-0.0129,-0.0000,0.1326,0.1310,-0.525,4.214
21150,0.5912,0.7108,0.6979,0.7031,-0.0129,-0.0333,0.2075,0.2001,0.332,5.662
12991,0.4069,0.5951,0.5823,0.5848,-0.0129,0.0439,0.1875,0.1938,0.871,5.352
19208,0.3514,0.6298,0.6170,0.5861,-0.0129,0.0449,0.2849,0.2840,-0.011,6.973
22640,0.4512,0.6375,0.6247,0.6285,-0.0129,0.0092,0.2623,0.2148,3.269,5.361
3976,0.6251,0.7044,0.6915,0.6735,-0.0129,0.0150,0.1457,0.1338,1.322,4.844
3992,0.2781,0.6761,0.6632,0.6491,-0.0129,0.0971,0.2756,0.2174,-1.543,4.895
18232,0.5112,0.7262,0.7134,0.7018,-0.0129,0.0196,0.1338,0.1262,0.099,4.277
4866,0.4159,0.6530,0.6401,0.6478,-0.0129,0.0464,0.1318,0.1305,-0.830,3.480
3649,0.4798,0.6491,0.6362,0.6105,-0.0129,-0.0151,0.1587,0.1734,1.256,4.017
22531,0.4791,0.6963,0.6834,0.7272,-0.0129,-0.0139,0.1204,0.1076,-1.208,3.873
12762,0.2382,0.6551,0.6422,0.6602,-0.0129,0.0207,0.1588,0.1639,2.698,4.347
18381,0.3206,0.6126,0.5997,0.5830,-0.0129,0.0759,0.3192,0.1931,-3.901,4.854
15550,0.3777,0.6731,0.6602,0.6692,-0.0129,0.0115,0.1847,0.1784,-0.051,4.832
18758,0.3994,0.6976,0.6847,0.6422,-0.0129,-0.0011,0.2014,0.1534,4.198,4.423
15737,0.3794,0.6100,0.5972,0.6049,-0.0129,-0.0300,0.1846,0.1741,-0.996,3.977
7025,0.4211,0.6358,0.6229,0.6499,-0.0129,0.0092,0.1908,0.1954,0.534,4.191
547,0.3792,0.6010,0.5882,0.5598,-0.0129,0.0070,0.3182,0.2964,1.758,7.608
6414,0.3509,0.6023,0.5894,0.5547,-0.0129,-0.0080,0.1787,0.1337,4.285,3.246
17845,0.4550,0.6512,0.6384,0.6409,-0.0129,-0.0000,0.1926,0.1976,2.052,3.746
15870,0.3300,0.7349,0.7220,0.7001,-0.0129,0.0717,0.1649,0.1601,1.118,4.701
21115,0.4848,0.5959,0.5830,0.6062,-0.0129,0.0392,0.1382,0.1367,0.302,4.546
15843,0.2062,0.5696,0.5567,0.5851,-0.0129,-0.0231,0.2102,0.2017,0.332,5.305
24599,0.5209,0.6714,0.6585,0.6379,-0.0129,0.0196,0.2517,0.2403,0.925,6.187
11695,0.4819,0.6997,0.6869,0.7165,-0.0129,-0.0600,0.0960,0.0886,0.573,3.095
14671,0.6649,0.6907,0.6778,0.6637,-0.0129,-0.0139,0.1446,0.1363,1.125,4.284
2859,0.4604,0.7101,0.6972,0.7165,-0.0129,0.0069,0.2126,0.1578,-1.510,5.343
13566,0.4750,0.6508,0.6379,0.6186,-0.0129,0.0232,0.2160,0.1447,4.064,4.751
16774,0.3574,0.6778,0.6649,0.6598,-0.0129,0.0334,0.1692,0.1553,0.090,4.486
3329,0.5381,0.7668,0.7539,0.7500,-0.0129,0.0149,0.1497,0.1309,1.517,4.370
5581,0.3991,0.7088,0.6959,0.6907,-0.0129,0.0634,0.2670,0.2223,-2.435,5.737
119,0.3743,0.6778,0.6649,0.6624,-0.0129,0.0673,0.2687,0.2332,1.797,6.660
18334,0.5448,0.7290,0.7161,0.6955,-0.0129,0.0334,0.1769,0.1585,-1.292,5.147
17543,0.4119,0.6077,0.5948,0.5432,-0.0129,0.0578,0.2158,0.0913,4.725,2.564
15826,0.2614,0.6408,0.6279,0.5982,-0.0129,-0.0162,0.2799,0.2173,-2.969,4.483
12355,0.5655,0.6731,0.6602,0.6667,-0.0129,0.0127,0.1761,0.1669,0.313,5.482
9666,0.4535,0.6331,0.6202,0.6124,-0.0129,0.0565,0.1676,0.1622,0.449,4.030
19325,0.2439,0.6576,0.6447,0.6085,-0.0129,-0.0289,0.1435,0.1210,-0.911,2.794
1992,0.2168,0.5633,0.5504,0.5478,-0.0129,0.0568,0.1122,0.1065,0.509,3.933
3266,0.3978,0.5925,0.5796,0.5537,-0.0129,-0.0162,0.1216,0.1046,-0.879,2.719
21069,0.4044,0.6352,0.6223,0.6300,-0.0129,-0.0150,0.0789,0.0891,1.572,2.287
21439,0.4460,0.6969,0.6839,0.6736,-0.0130,0.0864,0.1801,0.1285,-1.353,4.544
4299,0.5234,0.7061,0.6931,0.7139,-0.0130,0.0607,0.1793,0.1411,-2.075,4.306
12259,0.1173,0.5787,0.5657,0.5553,-0.0130,0.0174,0.3409,0.0874,7.587,2.101
8150,0.4234,0.6912,0.6781,0.6557,-0.0131,-0.0129,0.1382,0.1014,-1.288,2.962
2780,0.3127,0.6197,0.6066,0.6342,-0.0132,0.0621,0.3815,0.2227,-6.046,4.501
3477,0.3545,0.5987,0.5855,0.5658,-0.0132,0.0093,0.1141,0.0887,2.126,2.323
21845,0.5634,0.7077,0.6942,0.7064,-0.0135,-0.0048,0.2516,0.2248,-1.131,6.046
2142,0.6877,0.7026,0.6888,0.7386,-0.0138,0.0260,0.2656,0.0459,5.197,2.957
18082,0.4204,0.6239,0.6098,0.5879,-0.0141,-0.0058,0.2559,0.2334,2.985,6.373
9813,0.1206,0.5141,0.5000,0.5308,-0.0141,0.0150,0.2865,0.3228,-1.646,6.536
18235,0.5253,0.7262,0.7121,0.7532,-0.0141,-0.0208,0.1559,0.1557,0.553,4.733
6053,0.4722,0.7275,0.7134,0.6877,-0.0141,0.0140,0.1862,0.1389,3.719,4.183
14574,0.5178,0.6195,0.6054,0.6195,-0.0141,0.0230,0.1782,0.1646,2.016,4.044
24780,0.2105,0.5913,0.5771,0.5900,-0.0141,0.0565,0.1523,0.1505,-0.669,3.861
5783,0.4486,0.6088,0.5946,0.6075,-0.0142,-0.0115,0.1297,0.1004,2.515,2.788
21274,0.5754,0.7001,0.6860,0.6744,-0.0142,0.0359,0.2724,0.1966,-3.788,5.058
21909,0.4403,0.6718,0.6577,0.6795,-0.0142,-0.0035,0.2349,0.2224,1.354,5.618
16682,0.1417,0.4865,0.4723,0.4646,-0.0142,0.0034,0.2511,0.2598,0.710,5.210
2511,0.4047,0.6654,0.6512,0.6577,-0.0142,-0.0081,0.1900,0.1737,-0.199,4.408
23582,0.1457,0.5387,0.5245,0.5567,-0.0142,-0.0056,0.1537,0.1291,-1.788,3.570
1489,0.5457,0.6263,0.6121,0.6392,-0.0142,-0.0057,0.1874,0.1589,-1.548,4.849
24791,0.2208,0.5580,0.5438,0.5361,-0.0142,0.0127,0.1790,0.1752,-0.515,3.887
6213,0.3199,0.6456,0.6314,0.6134,-0.0142,0.0336,0.1693,0.1338,4.164,4.568
6163,0.3782,0.7019,0.6877,0.6684,-0.0142,0.0210,0.2739,0.1588,4.932,5.858
14278,0.3113,0.5923,0.5781,0.5755,-0.0142,-0.0484,0.1403,0.1452,2.011,3.834
6764,0.1648,0.5135,0.4994,0.4955,-0.0142,0.0173,0.2183,0.1967,-0.543,5.855
3805,0.2622,0.5265,0.5123,0.5419,-0.0142,0.0496,0.1746,0.1620,2.196,3.883
4855,0.3541,0.6912,0.6770,0.6305,-0.0142,0.0463,0.1521,0.1286,3.332,4.110
24928,0.4040,0.6563,0.6421,0.6486,-0.0142,0.0115,0.3360,0.2752,-1.140,6.384
18388,0.0951,0.4470,0.4328,0.4225,-0.0142,0.0220,0.1842,0.1508,2.960,3.830
8891,0.3020,0.6008,0.5866,0.6111,-0.0142,-0.0427,0.1709,0.0836,-1.921,1.732
5974,0.5746,0.6525,0.6382,0.6693,-0.0142,0.0093,0.0788,0.0968,0.281,1.777
19773,0.4094,0.6693,0.6550,0.6615,-0.0142,0.1038,0.1690,0.1284,2.433,3.968
17941,0.4892,0.6292,0.6150,0.6499,-0.0142,0.0717,0.1273,0.0614,3.508,2.261
12672,0.6514,0.6951,0.6809,0.6964,-0.0142,-0.0127,0.1853,0.1553,2.296,4.733
9578,0.3144,0.6649,0.6507,0.6417,-0.0142,0.0127,0.1340,0.1194,-0.286,2.539
9504,0.3350,0.6796,0.6654,0.6770,-0.0143,0.0647,0.3285,0.2741,-0.960,6.686
20688,0.0843,0.5584,0.5442,0.5104,-0.0143,0.0267,0.1254,0.0716,2.157,2.843
8287,0.5881,0.6372,0.6229,0.6099,-0.0143,-0.0138,0.2014,0.1993,-0.900,5.116
24182,0.4488,0.6406,0.6263,0.6562,-0.0143,0.0740,0.2768,0.0757,5.048,3.353
23641,0.5914,0.6934,0.6789,0.6974,-0.0145,0.0070,0.3050,0.1341,5.879,4.206
17583,0.1354,0.6013,0.5859,0.5795,-0.0154,0.0667,0.1616,0.1695,-1.633,4.502
2349,0.4102,0.6077,0.5923,0.6141,-0.0154,-0.0381,0.1789,0.1793,-0.050,5.147
12552,0.3413,0.6059,0.5905,0.5854,-0.0154,0.0070,0.2261,0.1504,2.855,5.842
9236,0.6901,0.7815,0.7661,0.7828,-0.0154,0.0069,0.1727,0.1510,0.141,5.101
20965,0.3271,0.6671,0.6517,0.6465,-0.0154,0.0498,0.2632,0.2546,0.646,6.286
16154,0.6113,0.6864,0.6710,0.6748,-0.0154,0.0253,0.1195,0.1114,-0.372,4.983
2069,0.2916,0.5959,0.5804,0.6062,-0.0154,0.0392,0.1716,0.1357,2.981,4.047
14717,0.1648,0.5560,0.5405,0.5598,-0.0154,0.0081,0.0897,0.0677,1.532,2.211
13593,0.5099,0.6744,0.6589,0.6512,-0.0154,0.0441,0.1519,0.1514,-0.493,3.796
5969,0.4624,0.6538,0.6384,0.6821,-0.0154,0.0392,0.2805,0.1825,-3.338,4.175
7011,0.4992,0.6512,0.6358,0.6461,-0.0154,0.0172,0.1751,0.1531,-1.004,4.051
15966,0.4488,0.6396,0.6242,0.6821,-0.0154,0.0220,0.1724,0.1311,3.022,4.283
7890,0.3318,0.6023,0.5869,0.6036,-0.0154,0.0489,0.2171,0.1557,-3.057,4.302
1932,0.3170,0.6216,0.6062,0.6371,-0.0154,-0.0219,0.1102,0.1168,2.155,2.941
12032,0.3060,0.6396,0.6242,0.6075,-0.0154,0.0348,0.2396,0.1760,-2.588,4.191
9723,0.4010,0.5869,0.5714,0.5573,-0.0154,-0.0464,0.1818,0.1513,3.151,4.021
17326,0.6474,0.7362,0.7207,0.7027,-0.0154,0.0334,0.2094,0.1833,0.092,5.535
24383,0.5744,0.6057,0.5902,0.6147,-0.0155,0.0451,0.1542,0.1459,-0.728,4.923
15334,0.4813,0.6662,0.6508,0.6791,-0.0155,0.0519,0.1151,0.1223,-0.922,3.880
953,0.5236,0.7358,0.7204,0.7062,-0.0155,-0.0173,0.1680,0.1569,0.059,4.903
21116,0.2438,0.5515,0.5361,0.5747,-0.0155,0.0068,0.1586,0.1721,-0.439,3.597
11692,0.5769,0.7290,0.7135,0.6877,-0.0155,0.0415,0.1524,0.1366,1.310,4.568
12807,0.4466,0.6284,0.6129,0.6077,-0.0155,0.0069,0.1210,0.1223,1.200,4.557
4800,0.3125,0.7277,0.7123,0.6735,-0.0155,0.0334,0.1815,0.1828,-0.586,4.162
17296,0.6153,0.7432,0.7277,0.7561,-0.0155,-0.0254,0.1641,0.1164,-2.221,3.230
9428,0.4257,0.6365,0.6210,0.6132,-0.0155,0.0209,0.0698,0.0786,1.515,1.510
11564,0.5019,0.6762,0.6606,0.6205,-0.0155,0.0197,0.2706,0.2514,-0.189,6.328
4089,0.2414,0.6321,0.6166,0.6101,-0.0155,0.0139,0.2956,0.2195,3.407,6.582
21251,0.5298,0.7202,0.7047,0.6878,-0.0155,0.0288,0.1184,0.1025,1.584,3.660
5244,0.5920,0.6329,0.6174,0.6005,-0.0156,-0.0048,0.2620,0.1035,5.457,3.979
17608,0.2711,0.6796,0.6641,0.6706,-0.0156,-0.0136,0.3244,0.1466,-5.065,3.196
19814,0.3198,0.5333,0.5176,0.4732,-0.0157,0.0578,0.2423,0.1286,3.844,4.220
1282,0.4172,0.6852,0.6693,0.6971,-0.0159,-0.0138,0.2921,0.0882,6.366,3.443
20672,0.4669,0.6738,0.6578,0.6778,-0.0160,-0.0047,0.2930,0.1158,5.318,4.037
19907,0.4343,0.7442,0.7281,0.7003,-0.0161,-0.0321,0.2067,0.1672,-1.641,5.012
6234,0.2878,0.6470,0.6309,0.6268,-0.0161,0.0047,0.3355,0.0697,7.488,3.561
616,0.1509,0.6342,0.6178,0.5616,-0.0164,0.0522,0.3265,0.1044,7.581,3.275
19587,0.3578,0.6763,0.6598,0.6335,-0.0166,-0.0632,0.3172,0.0815,7.349,3.481
10211,0.5609,0.6667,0.6500,0.6782,-0.0167,-0.0150,0.1834,0.1850,0.047,5.074
18255,0.0048,0.5474,0.5308,0.5269,-0.0167,0.1180,0.2391,0.2409,0.752,5.210
14607,0.4637,0.6085,0.5918,0.5995,-0.0167,-0.0081,0.2219,0.1715,2.494,5.424
18326,0.5044,0.6187,0.6021,0.6162,-0.0167,-0.0104,0.1255,0.1294,1.394,3.618
24141,0.4086,0.6213,0.6046,0.5969,-0.0167,0.0219,0.1998,0.1823,1.824,5.139
15624,0.2850,0.5854,0.5687,0.6021,-0.0167,0.0034,0.2845,0.2593,-2.681,5.866
2762,0.3665,0.6247,0.6080,0.6183,-0.0167,0.0368,0.1978,0.1989,1.324,4.997
17264,0.2720,0.6131,0.5964,0.5411,-0.0167,-0.0289,0.2165,0.2178,1.022,5.083
15807,0.3550,0.6131,0.5964,0.5771,-0.0167,-0.0495,0.2298,0.2341,0.874,6.300
1293,0.3535,0.6298,0.6131,0.6607,-0.0167,-0.0012,0.2914,0.2920,-1.582,6.368
24708,0.3512,0.6954,0.6787,0.6928,-0.0167,0.1295,0.2418,0.2168,-0.649,5.783
23040,0.3530,0.6555,0.6388,0.6902,-0.0167,0.0220,0.2456,0.2343,0.099,4.904
16026,0.5129,0.7220,0.7053,0.6976,-0.0167,0.0231,0.1559,0.1556,0.469,4.364
8397,0.2924,0.6327,0.6160,0.6430,-0.0168,0.0266,0.1794,0.1885,1.265,4.977
22421,0.2623,0.5799,0.5631,0.5619,-0.0168,0.0208,0.1803,0.1549,2.273,5.235
12367,0.4500,0.6198,0.6031,0.5954,-0.0168,0.0533,0.1835,0.1247,3.878,4.792
20438,0.4191,0.6791,0.6624,0.6585,-0.0168,-0.0012,0.0903,0.0866,-0.429,2.305
15789,0.2769,0.6108,0.5941,0.6070,-0.0168,-0.0046,0.2312,0.2214,1.362,5.471
23003,0.3910,0.6516,0.6348,0.6258,-0.0168,0.0427,0.2477,0.1782,-2.534,5.404
15790,0.0390,0.5019,0.4852,0.5019,-0.0168,0.0395,0.1405,0.1449,1.530,2.734
8481,0.4690,0.6619,0.6452,0.6516,-0.0168,-0.0023,0.2300,0.2124,1.895,5.159
9724,0.2164,0.5381,0.5213,0.5368,-0.0168,0.0105,0.0966,0.1077,0.318,1.948
17431,0.5344,0.6219,0.6052,0.5471,-0.0168,0.0151,0.1392,0.0838,2.183,3.317
4208,0.2625,0.7623,0.7455,0.7351,-0.0168,0.1496,0.1465,0.0837,-1.370,2.830
17607,0.2829,0.7183,0.7016,0.7481,-0.0168,0.0557,0.1693,0.0974,-1.852,2.989
23531,0.2475,0.6525,0.6357,0.6034,-0.0168,-0.0337,0.3501,0.2387,-3.046,5.890
20053,0.4784,0.6344,0.6176,0.6227,-0.0168,0.0023,0.0976,0.1063,1.283,2.665
17113,0.4851,0.6843,0.6675,0.6468,-0.0168,0.0231,0.0771,0.0897,1.910,2.759
2524,0.3731,0.6093,0.5925,0.6274,-0.0168,0.0057,0.1237,0.1286,1.121,3.638
14737,0.0569,0.6075,0.5907,0.5699,-0.0168,-0.0011,0.2935,0.1421,-2.988,4.184
23493,0.3618,0.6628,0.6459,0.6706,-0.0169,0.0046,0.3135,0.2931,1.081,7.085
2711,0.3331,0.6589,0.6420,0.6239,-0.0169,0.0093,0.0983,0.0917,-0.697,1.988
22947,0.4222,0.6628,0.6459,0.6628,-0.0169,0.0512,0.2632,0.1064,-3.610,1.939
20495,0.2873,0.5104,0.4935,0.4766,-0.0169,0.0255,0.2293,0.1080,5.464,2.743
7562,0.4294,0.6658,0.6489,0.6372,-0.0169,0.0221,0.0656,0.0680,0.462,1.772
4838,0.1540,0.5742,0.5573,0.6589,-0.0169,0.0372,0.2419,0.1704,-3.063,4.531
3975,0.4132,0.6558,0.6389,0.6219,-0.0169,0.0603,0.2389,0.2058,2.337,6.130
20736,0.2756,0.5471,0.5301,0.5366,-0.0170,0.0324,0.2118,0.2143,2.609,4.867
8189,0.5573,0.7631,0.7461,0.6008,-0.0170,0.0706,0.2131,0.1511,2.611,5.884
5170,0.3897,0.6782,0.6603,0.6442,-0.0179,-0.0450,0.1658,0.1498,0.021,4.410
17483,0.2092,0.5327,0.5148,0.4917,-0.0180,0.0058,0.1798,0.1750,1.703,4.744
24680,0.6255,0.7381,0.7202,0.7227,-0.0180,-0.0231,0.1743,0.1496,1.546,4.847
19692,0.4329,0.6478,0.6298,0.6594,-0.0180,0.0208,0.2073,0.1963,1.525,5.191
6796,0.5583,0.6362,0.6183,0.6131,-0.0180,0.0012,0.1654,0.1592,0.759,4.542
8470,0.5602,0.6744,0.6564,0.6808,-0.0180,-0.0001,0.1350,0.1338,-0.618,4.014
20305,0.3698,0.6242,0.6062,0.6564,-0.0180,-0.0139,0.1891,0.1872,0.451,4.420
5961,0.6647,0.7477,0.7297,0.6988,-0.0180,0.0093,0.1670,0.1298,1.722,4.358
4235,0.4276,0.6611,0.6430,0.6302,-0.0180,-0.0393,0.0955,0.1064,1.117,3.090
14305,0.4365,0.6611,0.6430,0.6624,-0.0180,-0.0047,0.2358,0.1776,3.256,4.714
18467,0.5046,0.6791,0.6611,0.6830,-0.0180,0.0046,0.0842,0.0894,0.032,3.059
4698,0.4113,0.6521,0.6340,0.6443,-0.0180,-0.0140,0.2098,0.1984,0.165,4.609
10323,0.4412,0.6232,0.6052,0.6000,-0.0181,0.0438,0.1977,0.1795,1.562,5.719
8054,0.2838,0.6219,0.6039,0.5548,-0.0181,0.0638,0.0913,0.0962,0.780,3.019
15196,0.4339,0.6813,0.6632,0.6310,-0.0181,0.0416,0.1246,0.1250,0.406,3.629
24755,0.2448,0.6163,0.5982,0.6331,-0.0181,0.0711,0.1157,0.1149,0.596,3.294
3090,0.3021,0.6615,0.6434,0.6098,-0.0181,0.0348,0.1340,0.1088,2.809,2.847
2383,0.3238,0.5827,0.5646,0.5530,-0.0181,-0.0548,0.1200,0.1157,2.033,2.885
10517,0.5670,0.6873,0.6693,0.6822,-0.0181,0.0738,0.1228,0.1109,-0.408,4.519
17948,0.3559,0.7270,0.7089,0.6831,-0.0181,0.0462,0.2003,0.1940,-0.354,5.392
4378,0.3543,0.6464,0.6282,0.6516,-0.0181,-0.0116,0.1080,0.1127,1.688,2.554
17225,0.4657,0.6109,0.5927,0.6044,-0.0182,0.0118,0.1159,0.0932,-1.421,2.864
11720,0.5293,0.6783,0.6602,0.6433,-0.0182,0.0161,0.2173,0.1485,2.936,5.184
9607,0.5466,0.6805,0.6623,0.6870,-0.0182,-0.0439,0.2896,0.2828,0.247,7.348
20580,0.3867,0.6463,0.6281,0.6398,-0.0182,0.0499,0.3481,0.3664,-1.860,7.378
8750,0.4601,0.6219,0.6037,0.5411,-0.0183,0.0566,0.1499,0.1122,2.252,2.968
10183,0.4870,0.6500,0.6316,0.6013,-0.0184,-0.0245,0.2016,0.1056,3.682,3.904
14719,0.2231,0.5526,0.5333,0.5487,-0.0192,0.0681,0.1890,0.1837,-0.161,4.233
4977,0.2190,0.6179,0.5987,0.6654,-0.0192,0.0796,0.1957,0.1933,-1.010,4.992
1407,0.4827,0.6560,0.6367,0.6585,-0.0193,0.0312,0.0863,0.0911,1.623,3.348
10561,0.4379,0.5520,0.5327,0.5661,-0.0193,-0.0034,0.1421,0.1552,2.253,3.680
10029,0.3945,0.6765,0.6573,0.6688,-0.0193,-0.0081,0.1533,0.1512,0.005,4.274
14628,0.4880,0.6804,0.6611,0.6611,-0.0193,0.0046,0.0978,0.1004,0.293,3.080
14389,0.0985,0.6437,0.6244,0.6581,-0.0193,0.0136,0.1561,0.1585,1.664,4.035
5251,0.2127,0.6877,0.6684,0.6748,-0.0193,0.1361,0.2478,0.2416,-0.370,6.275
17860,0.5449,0.7275,0.7082,0.6851,-0.0193,0.0438,0.1264,0.1138,-0.765,4.787
3742,0.4552,0.6504,0.6311,0.6183,-0.0193,-0.0058,0.2093,0.2026,0.951,4.577
15890,0.2706,0.6208,0.6015,0.6530,-0.0193,0.0219,0.2296,0.2277,0.147,6.041
4275,0.1937,0.5874,0.5681,0.5848,-0.0193,-0.0231,0.2191,0.1969,-1.053,5.035
4502,0.4788,0.6976,0.6782,0.7014,-0.0193,0.0093,0.1506,0.1402,-0.246,3.992
17594,0.6558,0.7336,0.7143,0.7349,-0.0193,0.0000,0.1480,0.1400,1.450,4.595
16865,0.3860,0.6229,0.6036,0.5830,-0.0193,-0.0046,0.1098,0.1116,0.652,3.379
1842,0.5220,0.6963,0.6770,0.7091,-0.0193,0.0393,0.1556,0.1395,0.115,4.012
17773,0.3494,0.6139,0.5946,0.6190,-0.0193,0.0518,0.2077,0.2132,-0.396,5.517
8151,0.4645,0.7104,0.6911,0.7001,-0.0193,0.0174,0.0771,0.0933,0.626,2.476
4622,0.3648,0.6898,0.6705,0.6602,-0.0193,0.0633,0.1595,0.1468,-0.211,4.428
21387,0.6199,0.6358,0.6165,0.6448,-0.0193,0.0127,0.1842,0.1844,-0.590,4.751
1726,0.5040,0.6525,0.6332,0.6409,-0.0193,0.0196,0.2309,0.2238,1.219,6.103
12335,0.4542,0.6152,0.5959,0.6010,-0.0193,-0.0138,0.1395,0.1397,0.867,3.634
16247,0.3554,0.5735,0.5541,0.5915,-0.0193,0.0266,0.1288,0.1152,0.267,2.898
17582,0.3979,0.6611,0.6418,0.6611,-0.0193,-0.0612,0.2450,0.2215,1.900,5.618
22811,0.4812,0.6482,0.6289,0.5979,-0.0193,-0.0522,0.2492,0.0999,4.757,3.764
22111,0.3972,0.6542,0.6348,0.6839,-0.0194,0.0300,0.1630,0.1406,1.518,5.212
19879,0.4020,0.6026,0.5832,0.5768,-0.0194,0.0196,0.1919,0.1860,-0.633,5.106
23075,0.4616,0.6335,0.6142,0.6374,-0.0194,-0.0174,0.2508,0.2445,0.334,6.926
5493,0.4580,0.6886,0.6693,0.6628,-0.0194,0.0533,0.2109,0.1194,-3.063,2.575
5928,0.3572,0.6460,0.6266,0.6731,-0.0194,0.0634,0.1982,0.1300,3.685,3.400
23427,0.1199,0.5879,0.5685,0.5814,-0.0194,-0.0614,0.2216,0.1753,2.526,5.036
16907,0.1538,0.5045,0.4851,0.4774,-0.0194,0.0117,0.3055,0.3034,-1.028,6.349
20080,0.3152,0.6520,0.6326,0.6805,-0.0194,-0.0534,0.0701,0.0732,0.588,1.929
875,0.4364,0.5783,0.5589,0.5576,-0.0194,-0.0324,0.1832,0.1846,0.733,4.160
18042,0.3677,0.6339,0.6145,0.5744,-0.0194,0.0058,0.2362,0.1357,4.210,4.609
4497,0.3581,0.5783,0.5589,0.5873,-0.0194,-0.0279,0.1082,0.0838,2.465,2.653
18089,0.4186,0.6135,0.5940,0.6226,-0.0195,0.0513,0.3107,0.2968,-0.840,7.355
14923,0.5405,0.6429,0.6230,0.6257,-0.0198,0.0105,0.2623,0.1192,4.833,4.247
1572,0.4358,0.5789,0.5588,0.5575,-0.0201,0.0317,0.2964,0.1253,4.845,5.696
14460,0.4509,0.5792,0.5589,0.5697,-0.0203,-0.0374,0.1766,0.1760,1.974,4.696
14996,0.5281,0.6573,0.6367,0.6226,-0.0205,0.0139,0.1901,0.1842,0.288,4.443
4761,0.2034,0.5571,0.5366,0.5302,-0.0205,-0.0035,0.2114,0.1930,0.111,4.070
5213,0.6726,0.7972,0.7766,0.7484,-0.0205,-0.0300,0.2534,0.2073,-1.006,5.610
9119,0.6227,0.7612,0.7407,0.7445,-0.0205,0.0257,0.1381,0.1152,-1.189,4.161
2747,0.4809,0.6979,0.6774,0.6555,-0.0206,-0.0184,0.1662,0.1529,-0.875,4.317
14268,0.4305,0.6992,0.6787,0.6517,-0.0206,0.0058,0.1500,0.1362,1.430,4.693
13394,0.3427,0.6530,0.6324,0.5758,-0.0206,0.0426,0.1441,0.1019,2.576,4.070
1047,0.4437,0.5959,0.5753,0.5792,-0.0206,-0.0058,0.1911,0.1041,4.496,3.163
8790,0.3061,0.6358,0.6152,0.6396,-0.0206,0.0415,0.2640,0.2510,-0.985,5.558
5252,0.4327,0.6680,0.6474,0.6795,-0.0206,0.0092,0.1609,0.1573,1.120,4.554
18862,0.2792,0.6577,0.6371,0.6268,-0.0206,0.0407,0.0985,0.0999,1.114,2.978
1668,0.5476,0.7294,0.7088,0.7423,-0.0206,-0.0173,0.1664,0.1503,3.039,4.370
23463,0.5530,0.6675,0.6469,0.6237,-0.0206,0.0069,0.2487,0.2338,1.120,6.298
6237,0.1846,0.6160,0.5954,0.5966,-0.0206,-0.0314,0.2731,0.2766,2.941,4.700
19506,0.2252,0.5322,0.5116,0.5013,-0.0206,0.0219,0.1636,0.1841,1.411,3.893
1238,0.5379,0.6250,0.6044,0.6082,-0.0206,0.0312,0.1156,0.1328,-1.221,4.235
14475,0.3000,0.6095,0.5889,0.5979,-0.0206,-0.0000,0.2340,0.2363,-1.151,5.905
17490,0.1945,0.5897,0.5690,0.5781,-0.0206,-0.0566,0.1265,0.1120,1.998,3.774
24653,0.6423,0.7183,0.6977,0.7132,-0.0207,0.0081,0.2698,0.2454,0.077,6.809
9338,0.1436,0.5568,0.5362,0.5478,-0.0207,-0.0368,0.2469,0.1283,5.263,3.216
13538,0.3999,0.6860,0.6654,0.5956,-0.0207,0.0139,0.1425,0.0765,2.824,2.705
1077,0.1646,0.5026,0.4819,0.5544,-0.0207,0.0268,0.2119,0.0708,5.098,2.938
10136,0.4409,0.5590,0.5383,0.5746,-0.0208,0.0151,0.2113,0.2348,-0.689,5.645
12579,0.4617,0.6485,0.6278,0.6654,-0.0208,0.0370,0.2635,0.1394,4.051,4.792
8055,0.3289,0.5254,0.5046,0.5228,-0.0208,-0.0082,0.3078,0.1059,6.459,3.999
12484,0.4850,0.6099,0.5891,0.5878,-0.0208,-0.0415,0.2659,0.2116,3.156,4.596
9253,0.5013,0.7217,0.7009,0.6840,-0.0208,0.0428,0.0624,0.0764,0.439,1.450
1038,0.2644,0.6112,0.5904,0.6372,-0.0208,0.0023,0.1845,0.1521,-2.016,3.720
12043,0.4692,0.7245,0.7037,0.6867,-0.0209,0.0279,0.2972,0.0973,5.190,4.427
4720,0.2823,0.6771,0.6562,0.6092,-0.0209,0.0487,0.1578,0.1533,0.070,4.293
10941,0.4991,0.5840,0.5630,0.5958,-0.0210,0.0511,0.2416,0.1324,4.159,5.087
2743,0.3787,0.5971,0.5761,0.5748,-0.0210,0.0117,0.2997,0.1223,6.615,3.709
7338,0.1414,0.6299,0.6083,0.5801,-0.0215,0.0156,0.2766,0.1851,4.772,5.157
5203,0.1108,0.5162,0.4946,0.4743,-0.0216,0.0434,0.2741,0.0519,5.686,3.704
6919,0.4270,0.6679,0.6462,0.6423,-0.0218,0.0461,0.1681,0.1297,3.034,4.357
22770,0.4581,0.6406,0.6187,0.6149,-0.0218,0.0253,0.1392,0.1412,1.335,3.841
4103,0.4247,0.7073,0.6855,0.7176,-0.0218,0.0242,0.1855,0.1736,-0.601,4.043
9599,0.3408,0.6367,0.6149,0.5860,-0.0218,0.0704,0.1632,0.1532,1.547,4.223
12676,0.5053,0.6581,0.6362,0.6324,-0.0219,-0.0177,0.2265,0.2099,-1.604,5.676
9080,0.4581,0.6247,0.6028,0.6157,-0.0219,0.0081,0.1842,0.1778,1.577,4.821
167,0.2042,0.6337,0.6118,0.6195,-0.0219,0.0103,0.1702,0.1613,2.771,4.554
22040,0.4238,0.6440,0.6221,0.6118,-0.0219,0.0254,0.1510,0.1346,3.754,3.095
14350,0.2789,0.5951,0.5733,0.5720,-0.0219,0.0428,0.1749,0.1258,3.448,2.929
20752,0.5043,0.6705,0.6486,0.6332,-0.0219,-0.0140,0.1898,0.1903,0.387,6.210
19744,0.6455,0.7915,0.7696,0.7555,-0.0219,-0.0000,0.2340,0.2213,-0.151,5.954
22997,0.2143,0.6885,0.6667,0.6564,-0.0219,0.0611,0.1252,0.0988,-0.680,3.326
7225,0.3772,0.6345,0.6126,0.6242,-0.0219,0.0268,0.1198,0.1102,1.539,2.456
8959,0.5621,0.7233,0.7014,0.6525,-0.0219,-0.0001,0.1823,0.0879,4.112,3.403
22924,0.5135,0.6817,0.6598,0.6907,-0.0219,-0.0138,0.1473,0.1476,-0.373,4.899
16939,0.3863,0.5915,0.5696,0.5928,-0.0219,-0.0245,0.2779,0.1791,4.068,6.068
10583,0.6078,0.7513,0.7294,0.7423,-0.0219,-0.0253,0.1988,0.1916,-2.383,5.132
2876,0.4089,0.5665,0.5445,0.5510,-0.0219,-0.0244,0.2132,0.2195,0.111,4.959
8956,0.3062,0.5711,0.5491,0.5336,-0.0220,0.0115,0.2299,0.2335,0.582,6.065
14747,0.3602,0.5850,0.5629,0.5629,-0.0220,0.0684,0.0719,0.0766,0.036,2.468
1888,0.3305,0.5629,0.5409,0.5733,-0.0220,0.0035,0.2856,0.1400,5.318,4.388
16489,0.3358,0.5714,0.5494,0.6104,-0.0221,-0.0024,0.2730,0.1516,4.747,5.317
8066,0.2729,0.5718,0.5497,0.4931,-0.0221,0.0063,0.2139,0.2023,1.554,5.029
22953,0.0372,0.5397,0.5176,0.6268,-0.0221,0.0116,0.2539,0.0679,5.835,2.597
35,0.3231,0.7161,0.6940,0.7083,-0.0221,0.0463,0.1446,0.0925,3.006,2.864
19529,-0.1535,0.4677,0.4453,0.4559,-0.0224,0.0932,0.4273,0.0914,-5.828,4.231
9586,0.5627,0.7038,0.6808,0.6987,-0.0231,-0.0451,0.2442,0.2410,-1.060,6.363
2585,0.2578,0.5520,0.5289,0.5687,-0.0231,-0.0207,0.2256,0.1970,3.971,4.584
16494,0.4233,0.7086,0.6855,0.6829,-0.0231,0.0645,0.1694,0.1706,-0.136,4.389
16446,0.7493,0.8023,0.7792,0.7792,-0.0231,0.0011,0.1725,0.1161,-1.721,4.863
2668,0.3569,0.6332,0.6100,0.6088,-0.0232,0.0046,0.1913,0.1314,4.112,3.389
23890,0.4669,0.6705,0.6474,0.6435,-0.0232,-0.0334,0.1230,0.1288,0.329,3.097
11253,0.2939,0.6190,0.5959,0.6075,-0.0232,0.0491,0.2445,0.2266,-1.634,6.094
7330,0.3011,0.6731,0.6499,0.5997,-0.0232,-0.0230,0.1629,0.1766,2.209,4.537
7310,0.2798,0.6062,0.5830,0.5997,-0.0232,0.0200,0.1551,0.1175,4.181,3.188
24804,0.4590,0.7281,0.7049,0.7332,-0.0232,0.0323,0.0803,0.0841,0.208,3.090
22160,0.3929,0.6160,0.5928,0.6224,-0.0232,0.0081,0.2108,0.2065,-1.017,5.942
2095,0.4149,0.6108,0.5876,0.6031,-0.0232,0.0589,0.1809,0.1313,2.407,4.614
17018,0.6475,0.7191,0.6959,0.6946,-0.0232,0.0092,0.1617,0.1585,0.336,4.250
9100,0.5779,0.7265,0.7032,0.7561,-0.0232,0.0265,0.1662,0.1011,-2.912,3.365
6761,0.0649,0.4942,0.4710,0.5381,-0.0232,0.0600,0.2355,0.2458,0.736,5.694
10273,0.3940,0.6124,0.5891,0.6240,-0.0233,-0.0081,0.1735,0.1658,-0.952,3.843
2721,0.2912,0.5258,0.5026,0.5620,-0.0233,0.0300,0.1774,0.1756,1.197,4.435
7520,0.4634,0.6731,0.6499,0.6628,-0.0233,-0.0000,0.1651,0.1407,3.530,4.240
23584,0.4838,0.6740,0.6507,0.6636,-0.0233,0.0081,0.1915,0.1898,-0.014,5.346
1268,0.1503,0.4437,0.4204,0.4023,-0.0233,0.0070,0.0976,0.0713,1.847,2.182
8201,0.1990,0.6023,0.5790,0.5959,-0.0233,0.0753,0.2524,0.2270,2.140,5.786
20522,0.3594,0.6351,0.6117,0.6429,-0.0234,-0.0115,0.1402,0.1278,1.802,3.582
21831,0.2734,0.5969,0.5735,0.5514,-0.0234,0.0527,0.4033,0.3814,2.109,8.519
13720,0.3040,0.6593,0.6359,0.6346,-0.0234,-0.0406,0.1137,0.1201,0.894,2.776
22879,0.3170,0.5554,0.5319,0.5385,-0.0235,0.0370,0.0972,0.0531,1.615,2.823
14253,0.5371,0.7553,0.7314,0.7201,-0.0239,0.0811,0.1140,0.0999,1.757,2.560
2456,0.4759,0.6418,0.6178,0.6431,-0.0240,0.0625,0.1318,0.1220,0.734,4.721
21038,0.5520,0.7156,0.6914,0.6941,-0.0243,0.0083,0.1824,0.1528,2.139,5.435
13396,0.4275,0.6521,0.6277,0.6444,-0.0244,0.0184,0.2363,0.2325,-0.334,6.247
11643,0.3121,0.6414,0.6170,0.6093,-0.0244,-0.0611,0.1257,0.1233,1.131,3.027
2367,0.2701,0.6080,0.5835,0.6247,-0.0244,0.0739,0.2517,0.1527,-2.390,4.484
19853,0.4519,0.6517,0.6272,0.6427,-0.0244,0.1111,0.1359,0.1481,-0.184,4.690
2173,0.4828,0.6787,0.6542,0.6221,-0.0244,-0.0245,0.2339,0.1505,4.267,4.573
9548,0.2165,0.5573,0.5328,0.5315,-0.0245,0.0069,0.2237,0.2135,-0.368,4.670
19217,0.3486,0.6821,0.6577,0.7156,-0.0245,0.0116,0.2058,0.1820,-0.873,4.466
24596,0.5593,0.6525,0.6281,0.6808,-0.0245,0.0414,0.1269,0.1438,0.528,4.403
12174,0.5357,0.6263,0.6018,0.6044,-0.0245,0.0219,0.1330,0.1243,1.265,4.444
1692,0.5660,0.7191,0.6946,0.6559,-0.0245,0.0254,0.2218,0.1552,3.794,4.924
11230,0.4422,0.6276,0.6031,0.6160,-0.0245,0.0174,0.2028,0.1001,3.979,3.459
20026,0.5107,0.7419,0.7174,0.7342,-0.0245,-0.0116,0.1545,0.0919,3.837,3.095
15500,0.4505,0.6680,0.6434,0.6835,-0.0245,0.0890,0.2938,0.1502,-4.989,3.741
9436,0.3652,0.6171,0.5925,0.6132,-0.0246,-0.0510,0.1205,0.1138,-0.133,2.213
455,0.6117,0.7245,0.6999,0.7089,-0.0246,-0.0335,0.1860,0.0834,4.774,2.334
12154,0.3183,0.6507,0.6261,0.6546,-0.0246,-0.0231,0.1272,0.1097,-1.174,2.689
3191,0.4217,0.5899,0.5653,0.6235,-0.0246,0.0150,0.1801,0.1067,2.455,3.616
13171,0.2931,0.6223,0.5977,0.6223,-0.0246,0.0467,0.1878,0.1693,-0.816,3.125
15583,0.6479,0.7775,0.7529,0.7827,-0.0246,-0.0349,0.0598,0.0732,-0.185,1.772
2931,0.4766,0.6541,0.6295,0.6762,-0.0246,0.0000,0.1711,0.1119,3.439,3.497
13555,0.3915,0.6159,0.5911,0.5716,-0.0247,0.0440,0.2396,0.1236,5.744,3.995
2635,0.3900,0.7141,0.6893,0.7311,-0.0248,0.0187,0.2753,0.1930,-3.268,5.432
19083,0.4445,0.7389,0.7141,0.7023,-0.0248,-0.0301,0.1177,0.0808,2.926,2.764
6843,0.6317,0.7702,0.7445,0.7445,-0.0257,0.0197,0.1129,0.1024,1.223,3.221
10016,0.5332,0.6791,0.6534,0.6662,-0.0257,-0.0184,0.2051,0.1973,0.657,5.426
19786,0.2351,0.5411,0.5154,0.4897,-0.0257,0.0210,0.3130,0.2802,-1.967,6.985
22168,0.5181,0.6285,0.6028,0.6067,-0.0257,0.0427,0.1683,0.1739,1.971,4.596
3092,0.3253,0.6362,0.6105,0.6684,-0.0257,0.0115,0.1655,0.1591,0.512,3.449
21292,0.4197,0.5907,0.5650,0.5792,-0.0257,0.0162,0.1472,0.1504,1.253,3.719
15471,0.4258,0.7645,0.7387,0.7851,-0.0257,-0.0115,0.2394,0.1450,-1.812,3.958
16693,0.2275,0.5541,0.5284,0.5838,-0.0258,-0.0519,0.2462,0.2318,-2.231,4.105
11619,0.1912,0.6649,0.6392,0.6778,-0.0258,0.0427,0.1031,0.1066,0.306,3.171
21535,0.3163,0.6662,0.6405,0.6727,-0.0258,0.0174,0.1609,0.0880,-1.878,2.533
6914,0.2699,0.5567,0.5309,0.5193,-0.0258,0.0242,0.1727,0.1852,0.219,5.171
7059,0.4607,0.7226,0.6968,0.6684,-0.0258,0.0001,0.2031,0.1943,1.209,4.958
11652,0.4338,0.6026,0.5768,0.6168,-0.0258,0.0636,0.1455,0.0983,3.170,3.054
13289,0.4124,0.6929,0.6671,0.6710,-0.0258,0.0174,0.1141,0.1216,0.361,3.679
23685,0.2447,0.5252,0.4994,0.5484,-0.0258,0.0300,0.1023,0.0762,2.143,2.944
2082,0.1810,0.5690,0.5432,0.5755,-0.0258,0.0060,0.2431,0.2426,2.757,5.969
5521,0.1332,0.5827,0.5568,0.5904,-0.0258,0.0868,0.3064,0.1739,-4.989,4.313
12056,0.3433,0.5543,0.5284,0.5581,-0.0258,-0.0012,0.1568,0.1263,-1.127,2.570
19341,0.2797,0.7025,0.6766,0.7050,-0.0259,0.1142,0.3711,0.2553,-2.309,6.356
20791,0.6631,0.6740,0.6481,0.6636,-0.0259,0.0300,0.1171,0.1087,0.475,4.674
1349,0.2098,0.6507,0.6248,0.6624,-0.0259,0.0915,0.1153,0.1011,0.254,2.320
59,0.2755,0.6429,0.6171,0.6662,-0.0259,0.0094,0.3755,0.2588,-5.799,5.205
5257,-0.0889,0.5194,0.4935,0.4767,-0.0259,0.1500,0.3738,0.2891,-1.884,6.566
7700,0.4019,0.5907,0.5648,0.5635,-0.0259,0.0614,0.1836,0.1718,1.228,5.209
4967,0.5759,0.6706,0.6446,0.5824,-0.0259,0.0036,0.2291,0.1498,4.958,4.004
16619,0.5665,0.8119,0.7860,0.7432,-0.0259,0.0349,0.3043,0.2212,-2.273,6.545
1266,0.4630,0.6494,0.6234,0.6117,-0.0260,0.0646,0.0736,0.0686,-0.845,2.815
807,0.3936,0.6584,0.6325,0.6896,-0.0260,0.0070,0.2897,0.2355,-2.138,5.384
1154,0.2414,0.5705,0.5444,0.5757,-0.0261,0.0163,0.1033,0.1054,-0.109,1.741
18413,0.1756,0.5255,0.4993,0.5051,-0.0262,0.0125,0.3406,0.3174,1.993,6.295
22808,0.3212,0.6192,0.5923,0.6218,-0.0269,0.0023,0.2899,0.1542,-3.294,4.060
15388,0.2760,0.5815,0.5546,0.6046,-0.0270,0.0196,0.1948,0.1597,-1.504,3.820
14164,0.2158,0.6572,0.6302,0.6437,-0.0270,-0.0001,0.4293,0.1550,-7.065,4.009
9951,0.5998,0.6992,0.6722,0.6812,-0.0270,0.0290,0.1066,0.1050,-0.855,3.611
4931,0.2264,0.5296,0.5026,0.5257,-0.0270,-0.0025,0.2052,0.1537,-2.380,3.368
9728,0.6347,0.7519,0.7249,0.7416,-0.0270,0.0069,0.1112,0.1176,0.537,3.941
22164,0.3500,0.6306,0.6036,0.5997,-0.0270,-0.0000,0.2128,0.2015,1.890,5.040
20142,0.6944,0.7683,0.7413,0.7580,-0.0270,-0.0184,0.1785,0.1566,2.110,5.512
1964,0.5249,0.6327,0.6057,0.6173,-0.0271,-0.0092,0.2373,0.1560,4.415,4.752
15033,0.2680,0.5503,0.5232,0.5284,-0.0271,0.1039,0.1890,0.1805,1.567,5.440
13265,0.3301,0.5928,0.5657,0.5696,-0.0271,0.0578,0.2052,0.1462,3.345,4.095
17508,0.3692,0.6198,0.5928,0.5683,-0.0271,0.0334,0.1940,0.1681,1.603,5.033
22179,0.2611,0.6289,0.6018,0.6353,-0.0271,0.0276,0.2038,0.1832,-0.457,4.550
4792,0.2525,0.6005,0.5735,0.5631,-0.0271,-0.0139,0.2160,0.2311,-1.271,4.805
10117,0.2997,0.6147,0.5876,0.6005,-0.0271,-0.0035,0.1719,0.1787,-0.097,3.984
15538,0.3347,0.5631,0.5361,0.5541,-0.0271,0.0162,0.2093,0.1922,2.340,5.200
4328,0.4763,0.6740,0.6469,0.6624,-0.0271,0.0358,0.2064,0.1817,3.289,4.946
9355,0.3571,0.6198,0.5928,0.5838,-0.0271,0.0161,0.1123,0.1218,1.219,3.242
22401,0.3950,0.6245,0.5974,0.6026,-0.0271,0.0277,0.2669,0.2649,0.981,6.093
7834,0.4822,0.6865,0.6594,0.6219,-0.0271,0.0115,0.1016,0.0975,1.069,2.963
21563,0.2436,0.6008,0.5736,0.6382,-0.0271,0.0128,0.1720,0.1280,-1.353,1.631
19957,0.1311,0.5685,0.5413,0.5607,-0.0271,0.0222,0.3120,0.3190,0.778,7.329
954,0.3565,0.6357,0.6085,0.6266,-0.0271,0.0139,0.1529,0.1574,0.949,4.334
12992,0.5253,0.7274,0.7003,0.6705,-0.0271,0.0327,0.2054,0.1778,3.704,4.777
17809,0.0344,0.5811,0.5538,0.5746,-0.0272,0.0197,0.2014,0.1816,2.207,5.199
6360,0.5565,0.7117,0.6844,0.7000,-0.0273,0.0126,0.1859,0.1788,0.779,5.723
8357,0.4902,0.6112,0.5839,0.5566,-0.0273,-0.0103,0.2403,0.1254,4.612,3.575
9202,0.5700,0.6701,0.6418,0.6611,-0.0282,0.0471,0.1388,0.1316,1.575,4.438
16753,0.2463,0.6162,0.5879,0.6200,-0.0282,-0.0069,0.2284,0.1822,-2.118,4.560
22702,0.5532,0.7378,0.7095,0.6915,-0.0283,-0.0024,0.2028,0.1524,2.913,4.274
1521,0.3297,0.6003,0.5720,0.6080,-0.0283,0.0162,0.1155,0.1203,1.155,3.201
24405,0.3617,0.5848,0.5566,0.5938,-0.0283,0.1003,0.2156,0.2209,-0.527,5.819
16780,0.3898,0.6157,0.5874,0.6530,-0.0283,0.0656,0.2663,0.2582,1.519,5.911
10601,0.4327,0.5611,0.5328,0.5212,-0.0283,0.0046,0.1668,0.1780,1.404,5.549
24184,0.5345,0.7310,0.7027,0.6873,-0.0283,-0.0219,0.1690,0.1553,0.520,5.451
23297,0.2848,0.5341,0.5058,0.5534,-0.0283,0.0012,0.2146,0.2156,1.439,5.167
15309,0.3376,0.5451,0.5168,0.5168,-0.0284,0.0576,0.1481,0.1279,2.164,3.643
6352,0.4294,0.6907,0.6624,0.6637,-0.0284,-0.0196,0.2319,0.2170,0.217,5.392
24083,0.6747,0.7526,0.7242,0.6997,-0.0284,-0.0230,0.1945,0.1680,1.128,5.042
198,0.2940,0.6960,0.6675,0.6779,-0.0285,0.0035,0.1281,0.1038,-0.512,2.580
21622,0.3900,0.7102,0.6818,0.6908,-0.0285,0.0705,0.2068,0.1974,1.401,5.712
5283,0.5976,0.6921,0.6636,0.6986,-0.0285,0.0208,0.1229,0.1123,0.919,3.514
9561,0.4274,0.5587,0.5300,0.5757,-0.0287,0.0282,0.0724,0.0817,0.532,1.380
4301,0.5777,0.6457,0.6162,0.6187,-0.0295,0.0289,0.1612,0.1479,0.794,4.150
10937,0.2322,0.5237,0.4942,0.5058,-0.0295,-0.0150,0.1560,0.1608,1.547,4.182
9835,0.4686,0.6375,0.6080,0.5900,-0.0296,-0.0323,0.1748,0.0998,3.447,3.156
14113,0.5467,0.6825,0.6530,0.6774,-0.0296,0.0222,0.2308,0.2253,-0.667,6.391
22468,0.4114,0.7365,0.7069,0.6928,-0.0296,0.0496,0.1831,0.1850,-1.055,5.118
10361,0.4158,0.6645,0.6350,0.5694,-0.0296,0.0534,0.1486,0.1539,-1.059,4.165
8405,0.5629,0.7117,0.6821,0.6873,-0.0296,-0.0034,0.2007,0.1969,-0.427,5.391
15757,0.4718,0.6589,0.6293,0.6126,-0.0296,-0.0543,0.1663,0.1489,-0.927,4.512
22005,0.2974,0.5663,0.5367,0.5277,-0.0296,0.0403,0.2912,0.3187,-0.989,6.133
4347,0.4486,0.6190,0.5894,0.6010,-0.0296,-0.0336,0.1389,0.1428,-1.587,4.075
21230,0.2509,0.6036,0.5740,0.6242,-0.0296,0.0761,0.1961,0.1628,-1.459,3.401
2508,0.5245,0.6963,0.6667,0.6731,-0.0296,0.0128,0.1131,0.1125,1.084,2.940
21546,0.4528,0.6198,0.5902,0.6353,-0.0296,0.0472,0.2330,0.2561,-1.538,6.018
4772,0.4409,0.6611,0.6314,0.6508,-0.0296,-0.0035,0.3696,0.3344,-1.682,6.486
21098,0.4005,0.6594,0.6297,0.6323,-0.0297,0.0302,0.0874,0.0983,0.604,2.598
12559,0.3286,0.6323,0.6026,0.6258,-0.0297,0.0842,0.1838,0.1755,1.606,4.374
20977,0.2805,0.5640,0.5343,0.5576,-0.0298,0.0055,0.1197,0.1308,2.515,3.544
4433,0.4812,0.6714,0.6417,0.6649,-0.0298,-0.0221,0.0859,0.0692,2.105,2.071
9893,0.6041,0.7529,0.7232,0.7296,-0.0298,0.0406,0.2044,0.1844,0.859,5.458
22324,0.5027,0.7073,0.6775,0.6606,-0.0298,0.0312,0.1669,0.1304,2.574,4.141
22053,0.2514,0.4630,0.4332,0.4060,-0.0298,-0.0046,0.3069,0.0679,6.451,3.056
24437,0.4150,0.6610,0.6312,0.5922,-0.0299,-0.0230,0.2507,0.1019,5.236,3.843
506,0.4429,0.7221,0.6922,0.7403,-0.0299,-0.0589,0.1459,0.1120,2.928,3.493
5362,0.0553,0.6247,0.5948,0.6117,-0.0299,0.0767,0.3594,0.2002,-4.468,5.799
13937,0.4425,0.5431,0.5131,0.5026,-0.0300,-0.0058,0.2957,0.1230,5.833,4.352
19035,0.3456,0.5138,0.4835,0.5468,-0.0303,0.0428,0.3109,0.0559,7.160,1.486
13906,0.5321,0.6286,0.5983,0.5520,-0.0303,0.0109,0.3320,0.1226,4.713,6.566
19207,0.3097,0.6329,0.6021,0.6739,-0.0308,0.0312,0.1530,0.1535,0.773,3.763
1940,0.6136,0.6967,0.6658,0.6748,-0.0308,0.0070,0.2368,0.1991,2.532,5.513
13365,0.4524,0.6941,0.6632,0.6992,-0.0308,-0.0069,0.1364,0.1452,1.142,3.533
4480,0.5623,0.6667,0.6358,0.6332,-0.0309,-0.0311,0.1459,0.1451,1.523,4.173
11792,0.4216,0.7246,0.6937,0.5817,-0.0309,0.0288,0.1951,0.1435,3.795,3.656
8731,0.3427,0.5959,0.5650,0.6062,-0.0309,-0.0301,0.1068,0.1089,1.492,3.047
17873,0.5269,0.6817,0.6508,0.6856,-0.0309,0.0069,0.0936,0.1013,0.034,3.268
15527,0.3859,0.5580,0.5271,0.5619,-0.0309,-0.0058,0.1110,0.1069,-0.158,2.912
24013,0.4471,0.6059,0.5749,0.5879,-0.0310,-0.0485,0.1949,0.1096,4.752,2.823
3533,0.5868,0.7093,0.6783,0.6796,-0.0310,-0.0174,0.1981,0.1109,4.424,2.924
19568,0.0886,0.6883,0.6572,0.6356,-0.0310,0.1504,0.4238,0.1231,-5.832,5.017
5547,0.3714,0.6956,0.6645,0.6062,-0.0311,0.0496,0.2336,0.2199,-0.620,5.464
11175,0.3703,0.6689,0.6367,0.6354,-0.0322,-0.0033,0.0628,0.0523,1.078,2.760
16761,0.2598,0.5598,0.5277,0.5058,-0.0322,0.0394,0.2377,0.2090,2.253,5.671
20863,0.5689,0.7040,0.6718,0.6834,-0.0322,0.0069,0.1662,0.1251,-1.885,3.893
23398,0.6538,0.7748,0.7426,0.7104,-0.0322,0.0472,0.1801,0.1385,1.424,5.575
4101,0.3824,0.6744,0.6422,0.6821,-0.0322,0.0218,0.1047,0.0934,1.752,4.086
19789,0.1299,0.5830,0.5508,0.5341,-0.0322,-0.0140,0.3093,0.3157,0.227,5.792
7697,0.2613,0.6422,0.6100,0.5624,-0.0322,0.0323,0.1745,0.1729,-0.738,4.706
15429,0.2808,0.6585,0.6263,0.6082,-0.0322,-0.0231,0.1521,0.1284,-0.848,3.075
14707,0.4093,0.5451,0.5129,0.5567,-0.0322,-0.0255,0.2245,0.2308,1.218,6.108
14158,0.2890,0.6392,0.6070,0.6198,-0.0322,0.0369,0.2186,0.1384,3.649,4.760
15893,0.4174,0.5910,0.5587,0.5652,-0.0323,0.0265,0.1517,0.1512,-0.334,5.061
15673,0.4232,0.6761,0.6439,0.6400,-0.0323,0.0115,0.2503,0.2317,-3.115,5.553
14812,0.4601,0.6214,0.5891,0.6202,-0.0323,0.0196,0.0800,0.1015,-0.751,3.474
13013,0.4607,0.5930,0.5607,0.5995,-0.0323,0.0151,0.2492,0.1297,4.929,3.561
11598,0.0198,0.5679,0.5356,0.4877,-0.0323,0.0911,0.3695,0.2495,-4.646,5.113
19104,0.4011,0.6339,0.6016,0.6223,-0.0323,0.0345,0.1792,0.0532,3.817,3.021
7544,0.0548,0.5899,0.5576,0.5097,-0.0323,-0.0361,0.1781,0.0761,4.389,2.294
11904,0.6396,0.7293,0.6969,0.7137,-0.0324,-0.0000,0.0723,0.0784,1.388,2.469
4892,0.1271,0.5298,0.4974,0.5415,-0.0324,0.0453,0.1703,0.1491,-0.355,2.822
2719,0.3528,0.6250,0.5924,0.6471,-0.0326,0.1588,0.1794,0.1295,1.938,4.010
8490,0.4144,0.7277,0.6950,0.6950,-0.0326,0.0305,0.2321,0.1951,-0.709,5.604
7496,0.3797,0.6775,0.6449,0.6893,-0.0326,0.0163,0.2378,0.1937,2.212,5.349
7427,0.5994,0.7824,0.7497,0.7287,-0.0328,0.0346,0.2350,0.1357,4.224,4.205
15182,0.4847,0.7244,0.6910,0.7051,-0.0333,0.0207,0.1980,0.1384,-1.967,3.779
9034,0.5097,0.6979,0.6645,0.6311,-0.0334,-0.0197,0.1733,0.1679,-0.050,5.557
16985,0.3092,0.6787,0.6452,0.6375,-0.0334,0.0138,0.1656,0.0980,-1.316,2.635
8391,0.3070,0.5964,0.5630,0.5835,-0.0334,0.0208,0.1172,0.1201,0.501,3.666
20334,0.3612,0.6615,0.6281,0.6654,-0.0335,0.0219,0.1961,0.1813,-1.645,5.694
12531,0.4105,0.6512,0.6178,0.6448,-0.0335,0.0497,0.1053,0.1024,-0.198,2.126
133,0.1807,0.5187,0.4852,0.5663,-0.0335,-0.0336,0.2699,0.2577,2.082,6.579
8961,0.4351,0.6920,0.6585,0.6392,-0.0335,0.0162,0.1850,0.1817,1.635,4.238
17800,0.2004,0.5168,0.4832,0.5271,-0.0336,-0.0059,0.1438,0.1478,2.619,4.211
3959,0.4716,0.6537,0.6202,0.6395,-0.0336,-0.0092,0.1638,0.1518,1.917,4.196
14160,0.2460,0.6331,0.5995,0.5388,-0.0336,0.0531,0.2451,0.2235,2.310,5.224
11995,0.2564,0.5855,0.5518,0.5751,-0.0337,-0.0059,0.1680,0.1116,2.703,3.547
5419,0.3947,0.6008,0.5670,0.5904,-0.0338,0.0140,0.1716,0.1188,2.448,3.979
19499,0.2205,0.6705,0.6359,0.6705,-0.0346,0.0471,0.2750,0.1652,-3.532,4.727
21617,0.4578,0.6881,0.6534,0.6252,-0.0347,-0.0058,0.1279,0.1083,-0.492,4.043
14272,0.3681,0.6675,0.6329,0.6444,-0.0347,0.0449,0.1397,0.1298,1.305,3.525
3618,0.4909,0.6341,0.5995,0.6175,-0.0347,-0.0104,0.1931,0.1934,0.312,5.737
21866,0.4680,0.6123,0.5777,0.5802,-0.0347,0.0104,0.2757,0.2507,-2.430,5.641
4182,0.5353,0.6954,0.6607,0.6722,-0.0347,0.0173,0.1410,0.1189,2.154,3.014
1182,0.2477,0.5508,0.5161,0.5393,-0.0347,0.0369,0.1999,0.2130,-1.279,3.657
12415,0.2949,0.6731,0.6384,0.6281,-0.0347,-0.0553,0.1604,0.1279,-0.674,3.801
7957,0.5911,0.7310,0.6963,0.7233,-0.0347,-0.0046,0.0920,0.0841,2.183,3.537
5794,0.1742,0.5735,0.5387,0.5503,-0.0348,0.0104,0.0865,0.1028,0.252,2.967
21064,0.4262,0.6881,0.6534,0.6482,-0.0348,-0.0358,0.2254,0.1955,-2.715,5.319
3200,0.4472,0.6843,0.6495,0.6289,-0.0348,0.0081,0.1824,0.1429,2.786,3.645
5316,0.5834,0.6907,0.6559,0.6675,-0.0348,0.0368,0.0812,0.1037,1.082,3.787
17571,0.4078,0.6310,0.5961,0.5587,-0.0348,0.0449,0.2072,0.1564,2.986,3.972
13491,0.3157,0.6284,0.5935,0.6155,-0.0348,0.0508,0.2033,0.1779,-1.525,3.886
14900,0.1608,0.6202,0.5853,0.6163,-0.0349,0.1277,0.3965,0.3164,-2.275,7.025
9185,0.4271,0.6615,0.6266,0.6395,-0.0349,0.0023,0.1775,0.1799,1.250,4.997
7784,0.4871,0.6537,0.6189,0.6550,-0.0349,-0.0474,0.0880,0.1015,-0.050,2.153
7197,0.2287,0.5666,0.5317,0.5136,-0.0349,-0.0013,0.2065,0.1549,3.796,4.900
23505,0.3436,0.5539,0.5189,0.5768,-0.0350,0.0316,0.3492,0.3130,1.899,8.039
4102,0.3445,0.5936,0.5577,0.6923,-0.0359,0.1364,0.2931,0.1696,-5.306,3.629
3936,0.3061,0.6077,0.5718,0.5974,-0.0359,-0.0127,0.2172,0.2238,0.532,5.255
2710,0.5256,0.7009,0.6650,0.6919,-0.0359,-0.0035,0.1774,0.1642,1.038,4.021
3643,0.4666,0.6885,0.6525,0.6782,-0.0360,0.0208,0.1926,0.1623,1.552,5.795
16413,0.3019,0.6950,0.6589,0.6976,-0.0360,0.0473,0.1261,0.1346,0.188,3.714
3068,0.3795,0.7233,0.6873,0.6963,-0.0360,0.0622,0.2617,0.2330,1.637,6.797
7000,0.5625,0.6525,0.6165,0.6152,-0.0360,0.0046,0.1281,0.1190,1.490,3.979
16778,0.5973,0.7126,0.6765,0.7294,-0.0361,0.0152,0.1947,0.0806,3.457,3.594
23143,0.6058,0.7513,0.7152,0.7255,-0.0361,0.0115,0.1337,0.1192,-1.785,2.709
3126,0.3608,0.5825,0.5464,0.5335,-0.0361,-0.0346,0.2356,0.1989,3.570,4.713
721,0.4130,0.5768,0.5406,0.5252,-0.0361,-0.0347,0.1435,0.1499,0.142,5.360
15654,0.3207,0.5716,0.5355,0.5226,-0.0361,0.0635,0.2682,0.1842,3.900,4.750
20715,0.2186,0.6059,0.5698,0.5103,-0.0362,0.0449,0.1720,0.1324,3.206,2.924
23200,0.2934,0.6899,0.6537,0.6163,-0.0362,-0.0138,0.1852,0.1734,0.260,4.824
4562,0.4111,0.6266,0.5904,0.6434,-0.0362,0.0545,0.0655,0.0981,1.597,1.803
1518,0.3332,0.6873,0.6512,0.6486,-0.0362,-0.0185,0.2680,0.2704,-0.133,6.021
10586,0.2918,0.6062,0.5699,0.5855,-0.0363,0.0044,0.1235,0.1163,1.343,3.299
14147,0.0700,0.4194,0.3831,0.3898,-0.0363,0.0605,0.2904,0.0652,6.084,3.713
8992,0.5904,0.6213,0.5850,0.6161,-0.0363,0.0126,0.1263,0.1073,1.150,3.525
10470,0.4924,0.6776,0.6409,0.6776,-0.0367,0.0255,0.1932,0.1014,2.971,3.532
6814,0.3636,0.6048,0.5676,0.5756,-0.0371,0.0232,0.2898,0.1788,5.076,5.002
17429,0.1873,0.5712,0.5340,0.5558,-0.0372,0.0392,0.2264,0.1998,-1.221,4.683
22683,0.5055,0.6072,0.5700,0.6470,-0.0372,-0.0301,0.0937,0.1055,1.056,3.226
15823,0.1851,0.5938,0.5566,0.5938,-0.0373,-0.0081,0.1595,0.1424,-0.338,4.261
3933,0.2341,0.5694,0.5321,0.5334,-0.0373,0.0173,0.1750,0.1753,1.976,4.347
16723,0.5228,0.7147,0.6774,0.6388,-0.0373,0.0231,0.1902,0.1727,2.206,4.574
22787,0.3306,0.5668,0.5296,0.5681,-0.0373,0.0092,0.1833,0.1892,0.174,3.836
22306,0.3928,0.6517,0.6144,0.6722,-0.0373,0.0107,0.1733,0.1574,1.547,5.046
18378,0.6012,0.7519,0.7147,0.7301,-0.0373,0.0104,0.1115,0.1119,0.350,4.371
15735,0.4758,0.6722,0.6350,0.6710,-0.0373,-0.0081,0.1756,0.1745,0.114,3.833
21524,0.3731,0.6834,0.6461,0.6628,-0.0373,0.0185,0.1763,0.1426,3.489,3.986
20761,0.5410,0.6366,0.5992,0.6005,-0.0374,0.0347,0.1565,0.1210,2.668,3.917
8887,0.4306,0.6649,0.6276,0.6830,-0.0374,-0.0414,0.2101,0.2116,0.852,5.539
1559,0.3895,0.6624,0.6250,0.6302,-0.0374,0.0655,0.2052,0.2247,-1.363,5.250
7446,0.2841,0.6082,0.5709,0.5966,-0.0374,-0.0681,0.2031,0.2045,0.258,4.795
22208,0.2508,0.5348,0.4974,0.5026,-0.0374,-0.0254,0.2576,0.2082,3.205,5.000
21849,0.1471,0.5064,0.4691,0.5515,-0.0374,0.0139,0.2042,0.1600,3.537,4.720
2850,0.5357,0.6224,0.5851,0.6108,-0.0374,0.0254,0.1087,0.1122,0.664,3.665
13016,0.5976,0.7616,0.7242,0.7500,-0.0374,-0.0057,0.1436,0.1337,-2.070,4.518
3633,0.5659,0.6946,0.6572,0.6856,-0.0374,0.0277,0.1250,0.1121,-0.704,3.294
4840,0.4804,0.6400,0.6026,0.6413,-0.0374,-0.0023,0.2049,0.1022,4.804,3.014
2063,0.3361,0.6421,0.6047,0.6395,-0.0375,0.0358,0.1459,0.1078,-2.160,2.913
14842,0.3086,0.6124,0.5749,0.6305,-0.0375,-0.0139,0.2327,0.1457,-3.427,3.726
6519,0.1367,0.5550,0.5175,0.5589,-0.0375,0.0138,0.0877,0.0784,0.479,1.843
4816,0.1502,0.5661,0.5285,0.5674,-0.0376,0.0711,0.1834,0.1825,0.873,5.122
19224,0.2067,0.5966,0.5590,0.5603,-0.0376,-0.0115,0.2011,0.1618,3.049,3.894
7192,0.3889,0.6831,0.6455,0.6688,-0.0377,-0.0451,0.0801,0.1001,1.826,2.652
12318,0.5165,0.6909,0.6532,0.6532,-0.0377,0.0626,0.0721,0.0589,1.997,1.812
16809,-0.1559,0.6164,0.5784,0.6240,-0.0381,0.0679,0.5123,0.0722,-7.782,3.934
12657,0.4781,0.7033,0.6649,0.6172,-0.0384,0.0185,0.3054,0.0507,6.677,2.704
9251,0.5710,0.7462,0.7077,0.6833,-0.0385,0.0463,0.2048,0.1880,-0.101,6.321
12459,0.4548,0.6970,0.6585,0.6547,-0.0385,0.0116,0.2307,0.1621,-1.494,4.143
711,0.3858,0.6868,0.6483,0.6200,-0.0385,0.0463,0.1391,0.1426,0.022,4.805
20429,0.4876,0.7005,0.6620,0.6967,-0.0386,0.0380,0.1356,0.0971,-1.006,2.285
1816,0.4713,0.6864,0.6478,0.6722,-0.0386,0.0162,0.0994,0.1070,0.611,3.191
11522,0.7153,0.7391,0.7005,0.6787,-0.0386,0.0080,0.1497,0.1325,-1.363,5.024
15451,0.4264,0.5792,0.5405,0.5792,-0.0386,-0.0219,0.1175,0.1241,0.397,3.357
16684,0.3660,0.7178,0.6791,0.6856,-0.0387,-0.0380,0.1635,0.1658,1.181,4.743
51,0.3566,0.5799,0.5412,0.5503,-0.0387,-0.0023,0.1540,0.1348,2.019,4.755
9805,0.5253,0.6297,0.5910,0.5600,-0.0387,-0.0023,0.2467,0.1736,2.653,5.425
11514,0.1829,0.5724,0.5336,0.5866,-0.0388,0.0406,0.2254,0.2101,1.765,4.826
14426,0.3645,0.6240,0.5853,0.5891,-0.0388,0.0393,0.2464,0.2442,-0.369,6.004
17074,0.3374,0.6072,0.5685,0.5581,-0.0388,0.0071,0.2701,0.0980,6.192,3.162
24034,0.5473,0.6313,0.5925,0.6585,-0.0388,0.0497,0.2726,0.0893,4.467,5.074
22759,0.1542,0.5121,0.4732,0.5121,-0.0389,0.0060,0.4004,0.1764,6.808,5.671
19022,0.4274,0.6182,0.5792,0.6000,-0.0390,0.0805,0.2926,0.2676,1.009,6.759
24821,0.5115,0.6185,0.5794,0.5547,-0.0391,-0.0350,0.2003,0.1770,2.860,5.016
1196,0.3340,0.6349,0.5958,0.6180,-0.0391,0.0621,0.3202,0.2972,1.958,7.091
6586,0.4887,0.6741,0.6348,0.6688,-0.0393,-0.0059,0.2738,0.2387,-2.072,5.528
7767,0.3615,0.7141,0.6744,0.6769,-0.0397,-0.0035,0.1758,0.1101,4.120,3.076
24109,0.2970,0.7134,0.6735,0.7095,-0.0398,0.0404,0.1611,0.1576,1.532,4.898
16178,0.3735,0.6602,0.6203,0.6216,-0.0399,0.0022,0.1732,0.1525,-1.152,4.439
19352,0.2566,0.6044,0.5644,0.6443,-0.0399,0.0012,0.2280,0.1981,-1.131,4.182
22737,0.4464,0.6379,0.5979,0.6186,-0.0399,0.1098,0.1834,0.0841,4.858,3.152
23186,0.3586,0.6881,0.6482,0.6418,-0.0399,-0.0267,0.1969,0.1415,4.990,3.983
7473,0.4455,0.6624,0.6224,0.6340,-0.0399,0.0255,0.2552,0.2322,2.160,6.306
7725,0.2641,0.5309,0.4910,0.4884,-0.0399,0.0173,0.2336,0.2354,3.751,3.946
24635,0.5305,0.6753,0.6353,0.6392,-0.0399,0.0092,0.2310,0.2182,0.586,6.404
17352,0.1599,0.6065,0.5665,0.5277,-0.0400,0.0196,0.3008,0.1997,-4.123,4.271
10009,0.4878,0.6542,0.6142,0.5897,-0.0400,0.0379,0.2245,0.2208,0.192,5.540
13579,0.3332,0.6632,0.6232,0.6181,-0.0400,0.0622,0.1844,0.1900,1.996,3.639
24488,0.2158,0.6473,0.6072,0.6214,-0.0401,-0.0092,0.2007,0.1575,3.103,4.509
11518,0.3298,0.6357,0.5956,0.6447,-0.0401,0.0381,0.2572,0.1305,5.194,3.552
3990,0.2772,0.5821,0.5420,0.5317,-0.0401,0.0210,0.2203,0.1002,5.077,2.246
24507,0.4234,0.5531,0.5130,0.5350,-0.0402,0.0348,0.1390,0.0675,3.037,2.379
16994,0.3911,0.7100,0.6697,0.7321,-0.0403,-0.0348,0.0885,0.0670,2.855,2.062
15007,0.5820,0.7331,0.6927,0.6823,-0.0404,0.0200,0.1696,0.1559,0.121,4.412
19261,0.2905,0.5868,0.5457,0.6093,-0.0411,0.0047,0.2446,0.1159,3.648,4.784
1131,0.3463,0.6272,0.5861,0.6208,-0.0411,-0.0254,0.3353,0.1910,-4.611,5.326
2642,0.4601,0.6375,0.5964,0.5810,-0.0411,0.0034,0.1261,0.1267,1.047,4.188
4663,0.1939,0.5882,0.5470,0.5856,-0.0412,0.1075,0.2648,0.2308,-1.256,4.803
20493,0.4015,0.6070,0.5657,0.6276,-0.0412,-0.0162,0.0796,0.0765,0.591,2.304
20285,0.4204,0.6302,0.5889,0.6211,-0.0412,-0.0023,0.1033,0.0926,2.133,2.598
131,0.3489,0.7523,0.7110,0.6671,-0.0413,0.0474,0.2405,0.2228,3.164,5.861
13851,0.3152,0.6658,0.6245,0.6761,-0.0413,0.0559,0.1480,0.1120,-1.475,2.725
10522,0.5288,0.6697,0.6284,0.6877,-0.0413,0.0162,0.1292,0.1257,-0.412,4.002
4823,0.6520,0.7028,0.6615,0.6886,-0.0413,-0.0069,0.1319,0.0535,2.680,2.733
23525,0.5473,0.7387,0.6973,0.7477,-0.0414,-0.0313,0.1045,0.0937,-0.270,2.710
24503,0.5234,0.6503,0.6088,0.6503,-0.0415,-0.0012,0.2061,0.1252,3.556,4.380
99,0.4154,0.6425,0.6010,0.6166,-0.0415,-0.0209,0.1037,0.1205,0.526,3.473
7242,0.3706,0.7202,0.6788,0.6969,-0.0415,0.0276,0.0564,0.0732,1.523,1.809
22100,0.3791,0.6580,0.6166,0.5570,-0.0415,-0.0093,0.2361,0.1301,4.098,3.711
8927,0.3652,0.6052,0.5636,0.6351,-0.0416,0.0196,0.1423,0.0988,-1.543,2.175
9111,0.4164,0.5974,0.5556,0.6327,-0.0418,0.0115,0.2714,0.1354,5.107,4.404
14994,0.2450,0.5270,0.4848,0.5507,-0.0422,-0.0352,0.2122,0.2217,-0.410,5.566
15080,0.6198,0.7314,0.6889,0.7275,-0.0424,0.0139,0.1544,0.1431,-1.933,4.583
13532,0.5400,0.5804,0.5380,0.5727,-0.0425,0.0336,0.1012,0.1027,0.553,3.364
7198,0.3804,0.6448,0.6023,0.6049,-0.0425,-0.0254,0.2091,0.2073,0.574,5.254
1198,0.3307,0.5560,0.5135,0.5830,-0.0425,0.0253,0.2409,0.2217,2.323,5.928
21969,0.1949,0.5348,0.4923,0.5657,-0.0425,0.0138,0.1578,0.1563,1.027,5.123
21142,0.4186,0.6727,0.6302,0.6250,-0.0425,0.0288,0.2728,0.1590,-3.461,3.760
7945,0.6228,0.7075,0.6649,0.6649,-0.0425,0.0208,0.1642,0.1693,-2.154,4.943
16658,0.3713,0.6245,0.5819,0.5897,-0.0426,0.0138,0.0821,0.0944,1.511,2.859
11898,0.5900,0.7351,0.6925,0.6886,-0.0426,0.0579,0.0999,0.0721,2.350,2.673
15854,-0.0562,0.5162,0.4735,0.5382,-0.0427,0.1025,0.1856,0.1773,2.878,4.179
14770,0.6585,0.6843,0.6417,0.6429,-0.0427,-0.0671,0.0965,0.1077,0.476,3.016
1259,0.3856,0.4981,0.4553,0.4838,-0.0428,0.0451,0.1584,0.0825,3.542,2.322
24830,0.6146,0.6534,0.6098,0.6098,-0.0436,0.0325,0.2471,0.2004,-3.546,4.909
3833,0.5178,0.6003,0.5566,0.5784,-0.0437,0.0000,0.2925,0.1071,6.054,4.211
16440,0.2132,0.5823,0.5386,0.5553,-0.0437,0.0161,0.1384,0.1563,0.255,4.665
22515,0.3751,0.6088,0.5650,0.5920,-0.0438,0.0184,0.1449,0.1448,2.123,4.236
23046,0.4892,0.6731,0.6293,0.6293,-0.0438,0.0439,0.1283,0.1369,1.245,3.637
5076,0.6238,0.6800,0.6361,0.6555,-0.0439,-0.0288,0.1288,0.1212,3.083,3.970
19532,0.4469,0.6977,0.6537,0.6744,-0.0439,0.0150,0.2024,0.1867,2.180,5.455
11460,0.5760,0.7016,0.6576,0.6718,-0.0439,-0.0556,0.1417,0.1149,-1.357,2.963
9184,0.0900,0.5659,0.5220,0.5530,-0.0439,-0.0175,0.1618,0.1294,3.760,2.360
3085,0.1188,0.5226,0.4787,0.5640,-0.0440,-0.0128,0.2659,0.2849,0.378,6.194
12702,0.4105,0.6831,0.6391,0.6507,-0.0440,0.0012,0.0794,0.0956,1.181,2.656
2460,0.3763,0.6333,0.5893,0.6373,-0.0440,0.0583,0.3188,0.1125,6.662,4.341
17499,0.4628,0.5221,0.4779,0.4635,-0.0443,0.0328,0.2702,0.2123,2.624,6.228
23391,0.2639,0.6566,0.6118,0.6132,-0.0447,-0.0199,0.2943,0.0365,6.961,2.059
8333,0.1343,0.5841,0.5392,0.5610,-0.0449,0.0438,0.1726,0.1873,2.454,4.617
14133,0.3442,0.6752,0.6303,0.6213,-0.0449,0.0139,0.1777,0.1459,4.790,3.917
5529,0.3844,0.5977,0.5527,0.5835,-0.0450,0.0012,0.1726,0.1711,2.737,4.859
9989,0.5177,0.6255,0.5804,0.6332,-0.0450,0.0231,0.0971,0.0958,1.130,2.738
22368,0.4232,0.6512,0.6062,0.6680,-0.0450,0.0103,0.1308,0.1343,-1.525,4.057
13841,0.4501,0.5670,0.5219,0.5825,-0.0451,-0.0220,0.1226,0.1328,1.744,3.792
23462,0.2864,0.5915,0.5464,0.5619,-0.0451,0.0715,0.3217,0.2473,-1.945,6.387
5033,0.6039,0.7423,0.6972,0.7242,-0.0451,-0.0288,0.1782,0.1466,2.849,4.442
17963,0.5659,0.7510,0.7058,0.7600,-0.0452,-0.0392,0.1056,0.1181,-0.066,3.991
5275,0.3760,0.6697,0.6245,0.5935,-0.0452,0.0357,0.2135,0.2255,-0.213,6.075
8561,0.1741,0.6412,0.5959,0.6205,-0.0453,0.1030,0.2179,0.1649,-2.848,4.418
10020,0.0852,0.5292,0.4838,0.5486,-0.0454,0.0819,0.2808,0.2139,2.406,6.554
11880,0.4321,0.5657,0.5202,0.5800,-0.0455,0.0022,0.0911,0.1118,0.635,2.297
2601,0.4295,0.5714,0.5256,0.5688,-0.0459,-0.0017,0.3380,0.1991,6.242,5.377
8235,0.6099,0.7320,0.6856,0.6907,-0.0464,-0.0116,0.2060,0.1080,3.648,3.533
9342,0.1687,0.5696,0.5232,0.5812,-0.0464,-0.0464,0.1344,0.1433,0.725,3.709
5249,0.1855,0.5335,0.4871,0.5193,-0.0464,0.0391,0.1476,0.1466,0.867,4.279
14577,0.3860,0.6994,0.6529,0.5768,-0.0465,0.0386,0.1883,0.1802,1.886,4.411
17273,0.3531,0.5845,0.5381,0.5277,-0.0465,-0.0241,0.1436,0.1015,2.311,3.138
19775,0.3778,0.7054,0.6589,0.6835,-0.0465,0.0845,0.1559,0.0866,3.386,3.430
10316,0.2181,0.5627,0.5162,0.5602,-0.0466,0.0577,0.1395,0.0923,3.410,2.800
11688,0.5077,0.6740,0.6274,0.6171,-0.0466,0.0173,0.2792,0.2724,0.521,6.522
1035,0.2566,0.6044,0.5577,0.5564,-0.0467,-0.0231,0.1510,0.1336,-0.830,3.136
12895,0.4024,0.7237,0.6770,0.6939,-0.0467,0.0000,0.1791,0.0984,3.770,4.087
7031,0.4972,0.6680,0.6213,0.6719,-0.0467,0.0245,0.2663,0.1307,-3.868,2.479
4988,0.6109,0.6589,0.6120,0.5938,-0.0469,-0.0082,0.0468,0.0447,0.341,2.248
23112,0.3771,0.6132,0.5658,0.5750,-0.0474,0.0115,0.2660,0.1793,3.847,4.307
23719,0.4483,0.6919,0.6444,0.6598,-0.0475,0.0116,0.1714,0.1667,-0.030,4.074
14484,0.3380,0.5701,0.5225,0.5792,-0.0476,0.0600,0.1223,0.1336,1.443,3.323
20725,0.4092,0.6474,0.5997,0.6474,-0.0476,0.0530,0.2099,0.2319,-0.139,5.228
5713,0.3783,0.5839,0.5362,0.5703,-0.0477,-0.0047,0.1773,0.0583,3.391,3.262
11879,0.4846,0.7274,0.6796,0.6938,-0.0478,-0.0035,0.1709,0.1566,2.856,4.253
23661,0.3040,0.5983,0.5495,0.5635,-0.0488,0.0045,0.3227,0.0579,7.440,2.655
17602,0.5431,0.6710,0.6221,0.6877,-0.0488,0.0035,0.2324,0.1745,-3.121,5.280
17623,0.2801,0.6358,0.5869,0.6293,-0.0489,0.0589,0.2053,0.1413,4.157,4.209
12750,0.4073,0.6173,0.5683,0.5490,-0.0490,-0.0219,0.1930,0.1871,2.905,4.869
6459,0.4588,0.7814,0.7322,0.7516,-0.0492,-0.0197,0.3053,0.2277,-2.818,6.113
23474,0.1878,0.5266,0.4773,0.5227,-0.0493,0.0012,0.1643,0.1507,2.154,3.663
22914,0.0208,0.6070,0.5574,0.5744,-0.0496,0.0327,0.2819,0.0943,6.236,3.110
3727,0.2894,0.6203,0.5701,0.6075,-0.0502,0.0046,0.1679,0.1918,2.603,4.814
17817,0.5256,0.6877,0.6374,0.6658,-0.0503,0.0069,0.1297,0.1372,-1.157,3.832
21568,0.4140,0.6477,0.5974,0.6323,-0.0503,0.0623,0.1544,0.1212,2.502,3.858
6680,0.2440,0.5626,0.5123,0.5329,-0.0503,0.0139,0.1101,0.1137,-0.183,3.306
5695,0.4724,0.6735,0.6232,0.6748,-0.0503,0.0173,0.1145,0.1132,1.266,4.355
9348,0.2861,0.4650,0.4145,0.5039,-0.0505,0.0513,0.1220,0.0935,-0.808,2.860
24291,0.1965,0.4754,0.4249,0.5440,-0.0505,0.0500,0.1863,0.1646,2.040,5.679
2466,0.1483,0.6161,0.5655,0.6161,-0.0506,0.0418,0.3662,0.3055,-3.154,6.516
13503,0.3299,0.6483,0.5972,0.5959,-0.0510,-0.0251,0.3553,0.0688,7.219,4.809
21201,0.1848,0.6684,0.6170,0.6632,-0.0514,0.0312,0.1620,0.1690,0.883,4.485
17894,0.3459,0.6701,0.6186,0.6830,-0.0515,0.0161,0.1839,0.1835,-0.465,4.559
4555,0.3972,0.6765,0.6250,0.6753,-0.0515,0.0103,0.1928,0.1508,2.486,4.540
885,0.4163,0.6894,0.6379,0.7023,-0.0515,0.0081,0.1531,0.1624,0.056,4.898
20470,0.3054,0.5979,0.5460,0.5888,-0.0519,0.0590,0.1959,0.1436,3.333,4.443
17160,0.5417,0.7009,0.6489,0.6593,-0.0520,0.0452,0.2134,0.1712,1.849,5.062
4788,0.4711,0.5668,0.5141,0.5707,-0.0527,0.0092,0.1522,0.1575,-0.066,4.352
381,0.3050,0.6517,0.5990,0.6414,-0.0527,0.0161,0.1938,0.1876,2.183,3.538
16756,0.5348,0.7619,0.7091,0.7169,-0.0528,-0.0440,0.1956,0.1756,-0.036,5.285
5782,0.4706,0.6521,0.5992,0.5477,-0.0528,-0.0012,0.2203,0.1978,3.679,5.365
15021,0.4030,0.6843,0.6314,0.6508,-0.0528,0.0369,0.1419,0.0974,2.727,2.598
10721,0.4694,0.7474,0.6946,0.7165,-0.0528,0.0138,0.1012,0.1039,1.219,4.009
12100,0.1429,0.4798,0.4270,0.5382,-0.0529,0.0838,0.3738,0.0436,8.490,1.800
322,0.6662,0.7282,0.6749,0.6346,-0.0533,-0.0150,0.2075,0.0823,4.360,3.438
19156,0.6682,0.7082,0.6542,0.6517,-0.0540,0.0069,0.1699,0.1685,-2.153,4.936
2214,0.5004,0.5961,0.5419,0.5897,-0.0542,0.0242,0.1804,0.1023,3.070,3.631
22961,0.3704,0.6555,0.6013,0.6387,-0.0542,-0.0370,0.0733,0.0792,1.352,2.430
4229,0.4119,0.6049,0.5505,0.6593,-0.0544,0.0034,0.2244,0.1098,-3.999,1.816
2978,0.3337,0.6974,0.6423,0.6679,-0.0551,0.0311,0.1799,0.1784,0.117,5.266
6033,0.4986,0.6770,0.6216,0.6371,-0.0553,0.0220,0.1609,0.1631,2.031,3.759
6265,0.4929,0.6701,0.6147,0.6082,-0.0554,0.0127,0.2327,0.2365,0.351,5.665
4920,0.4627,0.6521,0.5966,0.6302,-0.0554,0.0219,0.2881,0.2672,1.366,7.337
9670,0.3853,0.6455,0.5899,0.6313,-0.0556,0.0369,0.1338,0.0977,3.148,3.373
14631,0.1157,0.5397,0.4837,0.5410,-0.0559,0.0429,0.3579,0.2679,-3.576,5.743
14301,0.3587,0.6211,0.5651,0.5820,-0.0560,0.0617,0.2050,0.1061,5.064,2.438
9271,0.2276,0.6188,0.5627,0.5914,-0.0561,0.0434,0.3556,0.3573,1.081,7.922
3011,0.4226,0.6229,0.5663,0.6113,-0.0566,0.0325,0.0881,0.0705,-0.808,2.426
2897,0.4364,0.6310,0.5742,0.6155,-0.0568,0.0103,0.0865,0.0852,2.045,3.722
3724,0.1971,0.4148,0.3580,0.5473,-0.0568,-0.0041,0.3479,0.1307,6.556,5.336
17094,0.3683,0.7003,0.6434,0.6421,-0.0568,0.0035,0.2184,0.1004,-2.857,3.499
7492,0.3754,0.7481,0.6912,0.7494,-0.0568,0.0058,0.1689,0.1582,0.058,3.892
11203,0.4004,0.6026,0.5455,0.5364,-0.0571,0.0530,0.1820,0.1606,2.129,5.416
17418,0.3466,0.6907,0.6333,0.6627,-0.0573,-0.0281,0.2948,0.1101,6.004,4.376
9695,0.2233,0.5571,0.4994,0.5584,-0.0578,0.0462,0.2488,0.2579,0.559,5.914
16451,0.4440,0.6697,0.6118,0.6452,-0.0578,-0.0542,0.2714,0.2712,-0.073,6.204
4322,0.3802,0.7342,0.6761,0.7265,-0.0581,-0.0559,0.1549,0.1549,1.476,4.289
12113,0.3622,0.6223,0.5640,0.5964,-0.0582,0.0337,0.3148,0.2399,-3.015,4.957
21619,0.4360,0.6658,0.6075,0.5997,-0.0583,0.0254,0.2625,0.2622,-0.784,6.237
9451,0.5959,0.7477,0.6892,0.7438,-0.0585,0.0059,0.1556,0.0917,-2.349,2.760
24699,0.5293,0.6667,0.6075,0.6731,-0.0592,-0.0401,0.1866,0.1871,-1.367,4.863
22509,0.2903,0.6421,0.5827,0.4742,-0.0594,-0.0166,0.1909,0.1118,5.038,3.889
19924,0.4207,0.6318,0.5724,0.5995,-0.0594,0.0208,0.1752,0.1932,0.963,4.518
10125,0.2030,0.4506,0.3909,0.3740,-0.0597,0.0619,0.3042,0.1279,4.945,4.357
11425,0.3910,0.7159,0.6555,0.6710,-0.0604,0.0219,0.1755,0.1617,-2.854,3.772
17479,0.4838,0.6589,0.5985,0.6589,-0.0605,0.0104,0.1657,0.1720,1.407,5.620
24721,0.4788,0.6985,0.6379,0.6611,-0.0606,0.0518,0.1760,0.1762,1.028,5.003
21268,0.2524,0.6486,0.5879,0.6085,-0.0607,0.0347,0.1331,0.1300,1.588,4.056
12341,0.1491,0.4633,0.4016,0.4436,-0.0617,0.0480,0.2762,0.0640,6.332,2.875
1952,0.4873,0.6207,0.5591,0.5827,-0.0617,0.0061,0.2704,0.0949,4.971,4.774
1364,0.3520,0.6812,0.6195,0.6658,-0.0617,0.0172,0.1057,0.1100,0.590,2.360
15340,0.3799,0.6851,0.6234,0.6350,-0.0617,0.0426,0.1684,0.2002,-1.684,4.612
3630,0.4677,0.6190,0.5573,0.5598,-0.0618,0.0336,0.2010,0.1637,3.724,4.547
14221,0.5196,0.6877,0.6258,0.6968,-0.0619,-0.0350,0.1513,0.1066,3.192,3.224
15083,0.1622,0.5394,0.4774,0.5290,-0.0619,0.0279,0.1794,0.0842,4.290,3.285
23924,0.5648,0.7226,0.6606,0.7097,-0.0619,0.0176,0.0910,0.0951,-1.142,2.136
14020,0.3369,0.6696,0.6073,0.6522,-0.0623,-0.0465,0.1734,0.1743,0.673,5.219
8010,0.4785,0.6675,0.6047,0.6466,-0.0628,0.0129,0.2915,0.0898,5.786,3.675
17002,0.5355,0.7918,0.7288,0.7866,-0.0630,0.0404,0.1696,0.1456,0.245,3.924
7983,0.1414,0.5733,0.5103,0.4743,-0.0630,0.0807,0.1630,0.1556,-0.298,4.446
3306,0.4298,0.6198,0.5567,0.5696,-0.0631,0.0173,0.2183,0.1688,-2.776,3.668
9341,0.6667,0.7752,0.7119,0.7183,-0.0633,0.0127,0.1102,0.1351,-0.446,4.611
4666,0.2749,0.5235,0.4595,0.4987,-0.0640,-0.0035,0.1689,0.0902,4.204,2.667
24000,0.5077,0.6341,0.5700,0.6136,-0.0642,0.0253,0.1265,0.1462,-0.023,4.799
18593,0.5277,0.7413,0.6770,0.7169,-0.0644,0.0231,0.1424,0.1468,-0.278,3.946
5006,0.5229,0.7352,0.6706,0.6812,-0.0646,-0.0407,0.2005,0.1359,5.774,4.294
3020,0.5712,0.7108,0.6452,0.6748,-0.0656,0.0000,0.1520,0.1486,1.603,4.705
9594,0.3134,0.6414,0.5758,0.6041,-0.0656,0.0794,0.1494,0.1692,0.565,4.498
22375,0.5854,0.6929,0.6271,0.6400,-0.0658,-0.0022,0.1396,0.1347,1.710,4.252
3451,0.3346,0.6761,0.6103,0.6503,-0.0658,0.0302,0.2071,0.1747,1.624,5.538
15913,0.3209,0.6693,0.6034,0.6548,-0.0659,0.0443,0.3356,0.2431,-5.093,6.319
8073,0.0786,0.5779,0.5117,0.5260,-0.0662,0.0780,0.0847,0.0879,1.563,1.791
5432,-0.0872,0.4967,0.4302,0.5554,-0.0665,-0.0025,0.3691,0.3692,1.300,7.983
12021,0.2678,0.6218,0.5551,0.5885,-0.0667,0.0840,0.2091,0.2365,0.466,5.233
8925,0.3367,0.7013,0.6338,0.6558,-0.0675,0.0335,0.1265,0.1507,0.158,4.427
18391,0.2723,0.6414,0.5733,0.5913,-0.0681,-0.0530,0.1959,0.1444,3.603,3.058
19025,0.4792,0.6044,0.5357,0.5564,-0.0687,-0.0013,0.0842,0.1007,0.140,1.801
18912,0.2535,0.5674,0.4981,0.5597,-0.0693,0.0582,0.0903,0.0832,0.972,2.152
3015,0.1411,0.6309,0.5615,0.5877,-0.0694,0.0106,0.4196,0.1810,-6.563,4.143
10120,0.4924,0.6452,0.5755,0.6284,-0.0697,-0.0092,0.2102,0.2188,-0.664,6.497
7782,0.4053,0.6762,0.6062,0.6580,-0.0699,-0.0207,0.2454,0.1177,5.248,3.721
9432,0.4635,0.6537,0.5827,0.5866,-0.0711,-0.0116,0.1999,0.1214,3.674,3.407
20889,0.2499,0.4437,0.3713,0.4166,-0.0724,0.0186,0.0909,0.0915,1.141,3.162
9286,0.2786,0.5563,0.4834,0.5086,-0.0728,0.0128,0.3110,0.1082,6.531,3.964
10954,0.4276,0.6907,0.6173,0.6418,-0.0735,0.0035,0.1628,0.1985,2.007,4.716
23899,0.4008,0.6774,0.6039,0.5729,-0.0735,0.0219,0.2112,0.1497,2.557,4.851
1907,0.5606,0.6985,0.6237,0.6740,-0.0747,0.0256,0.0865,0.0688,1.993,2.153
21993,0.3995,0.6714,0.5956,0.6585,-0.0757,-0.0219,0.2438,0.2345,2.636,5.137
5810,0.4157,0.6782,0.6010,0.6126,-0.0772,0.0393,0.2000,0.0781,4.332,2.815
5342,0.1398,0.5631,0.4858,0.5580,-0.0773,0.0690,0.1338,0.1167,2.973,3.352
19105,0.6873,0.8134,0.7349,0.7658,-0.0785,0.0218,0.1394,0.1369,0.957,5.137
8593,0.4612,0.5866,0.5078,0.5581,-0.0788,-0.0380,0.1718,0.1343,2.771,3.691
23346,0.2215,0.5947,0.5147,0.5733,-0.0800,0.1009,0.0930,0.0934,0.900,2.376
4115,0.1653,0.5609,0.4806,0.4458,-0.0803,0.0297,0.3777,0.0418,8.586,1.230
11286,0.4170,0.6995,0.6153,0.6852,-0.0842,0.0666,0.3272,0.0847,5.486,5.311
5557,0.4424,0.6005,0.5162,0.5422,-0.0843,0.0452,0.1523,0.1117,2.302,3.144
22751,0.3417,0.5152,0.4295,0.5323,-0.0856,0.0699,0.2564,0.0612,5.271,2.808
21502,0.5408,0.6842,0.5982,0.6996,-0.0860,0.0358,0.1913,0.1577,-2.522,3.858
13232,0.3739,0.7209,0.6344,0.6628,-0.0866,-0.0035,0.1898,0.1437,3.809,4.434
17876,0.3116,0.6192,0.5324,0.5881,-0.0868,0.0210,0.1223,0.1011,3.590,2.456
19055,0.4814,0.6770,0.5901,0.7173,-0.0869,-0.0338,0.1161,0.1250,1.279,3.306
20756,0.3798,0.6494,0.5623,0.6065,-0.0870,0.0023,0.2688,0.2704,0.998,7.226
684,0.1929,0.5742,0.4870,0.5846,-0.0872,-0.0141,0.0821,0.0871,0.325,1.792
10233,0.5669,0.6928,0.6041,0.6902,-0.0887,-0.0415,0.1349,0.1483,-0.568,4.018
15758,0.3197,0.6306,0.5418,0.6589,-0.0888,0.0592,0.1530,0.1585,-0.025,3.433
6378,0.4071,0.5817,0.4929,0.5521,-0.0888,0.0219,0.2042,0.0669,4.685,2.930
21972,0.0074,0.6527,0.5636,0.6409,-0.0891,0.0071,0.2919,0.1581,5.252,3.901
21394,0.3865,0.6205,0.5313,0.6085,-0.0892,0.0487,0.1848,0.1343,2.656,4.950
22748,0.5639,0.6792,0.5896,0.6208,-0.0896,0.0358,0.1750,0.1491,1.438,4.920
15570,0.2893,0.5436,0.4538,0.5474,-0.0897,0.0484,0.1629,0.1678,0.037,5.176
8322,0.3433,0.6645,0.5742,0.5716,-0.0903,0.1063,0.2316,0.2224,3.295,5.482
23973,0.4794,0.6867,0.5960,0.6440,-0.0907,0.0809,0.1288,0.1071,1.942,3.819
2851,0.4840,0.6508,0.5580,0.5915,-0.0928,0.0023,0.1767,0.1798,2.452,4.167
5960,0.4421,0.7222,0.6279,0.6783,-0.0943,0.0485,0.1548,0.1015,2.911,3.530
9474,0.4123,0.6727,0.5740,0.6377,-0.0987,0.0233,0.2879,0.1102,5.245,4.908
4118,0.3919,0.7368,0.6297,0.6684,-0.1071,0.0025,0.2461,0.0932,5.779,3.308
14482,0.3114,0.6947,0.5809,0.5679,-0.1138,0.0023,0.1743,0.1929,0.585,5.970
16168,0.2556,0.5212,0.3951,0.5071,-0.1261,0.0267,0.1645,0.1336,2.109,3.552
20196,0.3914,0.6667,0.5357,0.6835,-0.1310,0.0130,0.1115,0.1316,-2.627,3.713
24769,0.2792,0.6211,0.4882,0.5697,-0.1329,0.0092,0.3138,0.0429,6.255,3.198
1031,0.2330,0.6077,0.4671,0.5484,-0.1406,0.0553,0.2213,0.1440,3.493,4.751
18735,0.5067,0.6595,0.5161,0.6676,-0.1434,0.0248,0.0966,0.0889,-1.348,3.757
14175,0.2018,0.6521,0.5064,0.5979,-0.1456,0.0519,0.1808,0.1859,0.030,4.289
21791,-0.2551,0.5785,0.4282,0.4854,-0.1503,-0.0012,0.2792,0.0794,6.096,3.264
19363,0.1687,0.6169,0.4082,0.5007,-0.2087,-0.0072,0.3253,0.1111,6.250,4.938
